                                                                        S      1
,,21HMateksys M10Q-5883 v6,21HMateksys M10Q-5883 v6,7Hunknown,7Hunknown,G      1
32,38,7,99,15,,1.,2,2HMM,1,0.08,15H20230712.204723,0.01,10000.,7HunknownG      2
,7Hunknown,11,0,15H20230713.014052;                                     G      3
     186       1                                                00000000D      1
     186           -2777       1       0                               0D      2
     186       2                                                00000000D      3
     186           -2779       1       0                               0D      4
     186       3                                                00000000D      5
     186           -2777       1       0                               0D      6
     186       4                                                00000000D      7
     186           -2783       1       0                               0D      8
     186       5                                                00000000D      9
     186           -2777       1       0                               0D     10
     186       6                                                00000000D     11
     186           -2777       1       0                               0D     12
     514       7                                                00010000D     13
     514                       5       1                               0D     14
     514      12                                                00010000D     15
     514                      10       1                               0D     16
     514      22                                                00010000D     17
     514                       2       1                               0D     18
     514      24                                                00010000D     19
     514                       1       1                               0D     20
     514      25                                                00010000D     21
     514                       3       1                               0D     22
     514      28                                                00010000D     23
     514                       6       1                               0D     24
     510      34                                                00010000D     25
     510           -2777       1       1                               0D     26
     510      35                                                00010000D     27
     510           -2777       1       1                               0D     28
     510      36                                                00010000D     29
     510           -2777       1       1                               0D     30
     510      37                                                00010000D     31
     510           -2777       1       1                               0D     32
     510      38                                                00010000D     33
     510           -2777       1       1                               0D     34
     510      39                                                00010000D     35
     510           -2777       1       1                               0D     36
     510      40                                                00010000D     37
     510           -2777       1       1                               0D     38
     510      41                                                00010000D     39
     510           -2777       1       1                               0D     40
     510      42                                                00010000D     41
     510           -2777       1       1                               0D     42
     510      43                                                00010000D     43
     510           -2777       1       1                               0D     44
     510      44                                                00010000D     45
     510           -2777       1       1                               0D     46
     510      45                                                00010000D     47
     510           -2777       1       1                               0D     48
     510      46                                                00010000D     49
     510           -2777       1       1                               0D     50
     510      47                                                00010000D     51
     510           -2777       1       1                               0D     52
     510      48                                                00010000D     53
     510           -2777       1       1                               0D     54
     510      49                                                00010000D     55
     510           -2777       1       1                               0D     56
     510      50                                                00010000D     57
     510           -2777       1       1                               0D     58
     510      51                                                00010000D     59
     510           -2777       1       1                               0D     60
     510      52                                                00010000D     61
     510           -2777       1       1                               0D     62
     510      53                                                00010000D     63
     510           -2777       1       1                               0D     64
     510      54                                                00010000D     65
     510           -2777       1       1                               0D     66
     510      55                                                00010000D     67
     510           -2777       1       1                               0D     68
     510      56                                                00010000D     69
     510           -2777       1       1                               0D     70
     510      57                                                00010000D     71
     510           -2777       1       1                               0D     72
     510      58                                                00010000D     73
     510           -2777       1       1                               0D     74
     510      59                                                00010000D     75
     510           -2777       1       1                               0D     76
     510      60                                                00010000D     77
     510           -2777       1       1                               0D     78
     510      61                                                00010000D     79
     510           -2777       1       1                               0D     80
     510      62                                                00010000D     81
     510           -2777       1       1                               0D     82
     510      63                                                00010000D     83
     510           -2777       1       1                               0D     84
     510      64                                                00010000D     85
     510           -2777       1       1                               0D     86
     510      65                                                00010000D     87
     510           -2777       1       1                               0D     88
     510      66                                                00010000D     89
     510           -2777       1       1                               0D     90
     510      67                                                00010000D     91
     510           -2777       1       1                               0D     92
     510      68                                                00010000D     93
     510           -2777       1       1                               0D     94
     510      69                                                00010000D     95
     510           -2777       1       1                               0D     96
     510      70                                                00010000D     97
     510           -2777       1       1                               0D     98
     510      71                                                00010000D     99
     510           -2777       1       1                               0D    100
     510      72                                                00010000D    101
     510           -2777       1       1                               0D    102
     510      73                                                00010000D    103
     510           -2777       1       1                               0D    104
     510      74                                                00010000D    105
     510           -2777       1       1                               0D    106
     510      75                                                00010000D    107
     510           -2777       1       1                               0D    108
     510      76                                                00010000D    109
     510           -2777       1       1                               0D    110
     510      77                                                00010000D    111
     510           -2777       1       1                               0D    112
     510      78                                                00010000D    113
     510           -2777       1       1                               0D    114
     510      79                                                00010000D    115
     510           -2777       1       1                               0D    116
     510      80                                                00010000D    117
     510           -2777       1       1                               0D    118
     510      81                                                00010000D    119
     510           -2777       1       1                               0D    120
     510      82                                                00010000D    121
     510           -2777       1       1                               0D    122
     510      83                                                00010000D    123
     510           -2777       1       1                               0D    124
     510      84                                                00010000D    125
     510           -2777       1       1                               0D    126
     510      85                                                00010000D    127
     510           -2777       1       1                               0D    128
     510      86                                                00010000D    129
     510           -2777       1       1                               0D    130
     510      87                                                00010000D    131
     510           -2777       1       1                               0D    132
     510      88                                                00010000D    133
     510           -2779       1       1                               0D    134
     510      89                                                00010000D    135
     510           -2779       1       1                               0D    136
     510      90                                                00010000D    137
     510           -2779       1       1                               0D    138
     510      91                                                00010000D    139
     510           -2779       1       1                               0D    140
     510      92                                                00010000D    141
     510           -2779       1       1                               0D    142
     510      93                                                00010000D    143
     510           -2779       1       1                               0D    144
     510      94                                                00010000D    145
     510           -2779       1       1                               0D    146
     510      95                                                00010000D    147
     510           -2779       1       1                               0D    148
     510      96                                                00010000D    149
     510           -2779       1       1                               0D    150
     510      97                                                00010000D    151
     510           -2779       1       1                               0D    152
     510      98                                                00010000D    153
     510           -2779       1       1                               0D    154
     510      99                                                00010000D    155
     510           -2779       1       1                               0D    156
     510     100                                                00010000D    157
     510           -2779       1       1                               0D    158
     510     101                                                00010000D    159
     510           -2779       1       1                               0D    160
     510     102                                                00010000D    161
     510           -2779       1       1                               0D    162
     510     103                                                00010000D    163
     510           -2779       1       1                               0D    164
     510     104                                                00010000D    165
     510           -2779       1       1                               0D    166
     510     105                                                00010000D    167
     510           -2779       1       1                               0D    168
     510     106                                                00010000D    169
     510           -2779       1       1                               0D    170
     510     107                                                00010000D    171
     510           -2779       1       1                               0D    172
     510     108                                                00010000D    173
     510           -2779       1       1                               0D    174
     510     109                                                00010000D    175
     510           -2779       1       1                               0D    176
     510     110                                                00010000D    177
     510           -2779       1       1                               0D    178
     510     111                                                00010000D    179
     510           -2779       1       1                               0D    180
     510     112                                                00010000D    181
     510           -2779       1       1                               0D    182
     510     113                                                00010000D    183
     510           -2779       1       1                               0D    184
     510     114                                                00010000D    185
     510           -2779       1       1                               0D    186
     510     115                                                00010000D    187
     510           -2779       1       1                               0D    188
     510     116                                                00010000D    189
     510           -2779       1       1                               0D    190
     510     117                                                00010000D    191
     510           -2779       1       1                               0D    192
     510     118                                                00010000D    193
     510           -2779       1       1                               0D    194
     510     119                                                00010000D    195
     510           -2779       1       1                               0D    196
     510     120                                                00010000D    197
     510           -2779       1       1                               0D    198
     510     121                                                00010000D    199
     510           -2779       1       1                               0D    200
     510     122                                                00010000D    201
     510           -2779       1       1                               0D    202
     510     123                                                00010000D    203
     510           -2779       1       1                               0D    204
     510     124                                                00010000D    205
     510           -2779       1       1                               0D    206
     510     125                                                00010000D    207
     510           -2779       1       1                               0D    208
     510     126                                                00010000D    209
     510           -2779       1       1                               0D    210
     510     127                                                00010000D    211
     510           -2779       1       1                               0D    212
     510     128                                                00010000D    213
     510           -2779       1       1                               0D    214
     510     129                                                00010000D    215
     510           -2779       1       1                               0D    216
     510     130                                                00010000D    217
     510           -2779       1       1                               0D    218
     510     131                                                00010000D    219
     510           -2779       1       1                               0D    220
     510     132                                                00010000D    221
     510           -2779       1       1                               0D    222
     510     133                                                00010000D    223
     510           -2779       1       1                               0D    224
     510     134                                                00010000D    225
     510           -2779       1       1                               0D    226
     510     135                                                00010000D    227
     510           -2779       1       1                               0D    228
     510     136                                                00010000D    229
     510           -2779       1       1                               0D    230
     510     137                                                00010000D    231
     510           -2779       1       1                               0D    232
     510     138                                                00010000D    233
     510           -2779       1       1                               0D    234
     510     139                                                00010000D    235
     510           -2779       1       1                               0D    236
     510     140                                                00010000D    237
     510           -2779       1       1                               0D    238
     510     141                                                00010000D    239
     510           -2779       1       1                               0D    240
     510     142                                                00010000D    241
     510           -2779       1       1                               0D    242
     510     143                                                00010000D    243
     510           -2779       1       1                               0D    244
     510     144                                                00010000D    245
     510           -2779       1       1                               0D    246
     510     145                                                00010000D    247
     510           -2779       1       1                               0D    248
     510     146                                                00010000D    249
     510           -2779       1       1                               0D    250
     510     147                                                00010000D    251
     510           -2779       1       1                               0D    252
     510     148                                                00010000D    253
     510           -2779       1       1                               0D    254
     510     149                                                00010000D    255
     510           -2779       1       1                               0D    256
     510     150                                                00010000D    257
     510           -2779       1       1                               0D    258
     510     151                                                00010000D    259
     510           -2779       1       1                               0D    260
     510     152                                                00010000D    261
     510           -2779       1       1                               0D    262
     510     153                                                00010000D    263
     510           -2779       1       1                               0D    264
     510     154                                                00010000D    265
     510           -2779       1       1                               0D    266
     510     155                                                00010000D    267
     510           -2779       1       1                               0D    268
     510     156                                                00010000D    269
     510           -2779       1       1                               0D    270
     510     157                                                00010000D    271
     510           -2779       1       1                               0D    272
     510     158                                                00010000D    273
     510           -2779       1       1                               0D    274
     510     159                                                00010000D    275
     510           -2779       1       1                               0D    276
     510     160                                                00010000D    277
     510           -2779       1       1                               0D    278
     510     161                                                00010000D    279
     510           -2779       1       1                               0D    280
     510     162                                                00010000D    281
     510           -2779       1       1                               0D    282
     510     163                                                00010000D    283
     510           -2779       1       1                               0D    284
     510     164                                                00010000D    285
     510           -2779       1       1                               0D    286
     510     165                                                00010000D    287
     510           -2779       1       1                               0D    288
     510     166                                                00010000D    289
     510           -2779       1       1                               0D    290
     510     167                                                00010000D    291
     510           -2779       1       1                               0D    292
     510     168                                                00010000D    293
     510           -2779       1       1                               0D    294
     510     169                                                00010000D    295
     510           -2779       1       1                               0D    296
     510     170                                                00010000D    297
     510           -2779       1       1                               0D    298
     510     171                                                00010000D    299
     510           -2779       1       1                               0D    300
     510     172                                                00010000D    301
     510           -2779       1       1                               0D    302
     510     173                                                00010000D    303
     510           -2779       1       1                               0D    304
     510     174                                                00010000D    305
     510           -2779       1       1                               0D    306
     510     175                                                00010000D    307
     510           -2779       1       1                               0D    308
     510     176                                                00010000D    309
     510           -2779       1       1                               0D    310
     510     177                                                00010000D    311
     510           -2779       1       1                               0D    312
     510     178                                                00010000D    313
     510           -2779       1       1                               0D    314
     510     179                                                00010000D    315
     510           -2779       1       1                               0D    316
     510     180                                                00010000D    317
     510           -2781       1       1                               0D    318
     510     181                                                00010000D    319
     510           -2781       1       1                               0D    320
     510     182                                                00010000D    321
     510           -2779       1       1                               0D    322
     510     183                                                00010000D    323
     510           -2779       1       1                               0D    324
     510     184                                                00010000D    325
     510           -2779       2       1                               0D    326
     510     186                                                00010000D    327
     510           -2777       1       1                               0D    328
     510     187                                                00010000D    329
     510           -2777       1       1                               0D    330
     510     188                                                00010000D    331
     510           -2777       1       1                               0D    332
     510     189                                                00010000D    333
     510           -2777       1       1                               0D    334
     510     190                                                00010000D    335
     510           -2777       1       1                               0D    336
     510     191                                                00010000D    337
     510           -2777       1       1                               0D    338
     510     192                                                00010000D    339
     510           -2777       1       1                               0D    340
     510     193                                                00010000D    341
     510           -2777       1       1                               0D    342
     510     194                                                00010000D    343
     510           -2777       1       1                               0D    344
     510     195                                                00010000D    345
     510           -2777       1       1                               0D    346
     510     196                                                00010000D    347
     510           -2783       1       1                               0D    348
     510     197                                                00010000D    349
     510           -2783       1       1                               0D    350
     510     198                                                00010000D    351
     510           -2783       1       1                               0D    352
     510     199                                                00010000D    353
     510           -2783       1       1                               0D    354
     510     200                                                00010000D    355
     510           -2783       1       1                               0D    356
     510     201                                                00010000D    357
     510           -2783       1       1                               0D    358
     510     202                                                00010000D    359
     510           -2777       1       1                               0D    360
     510     203                                                00010000D    361
     510           -2777       1       1                               0D    362
     510     204                                                00010000D    363
     510           -2777       1       1                               0D    364
     510     205                                                00010000D    365
     510           -2777       1       1                               0D    366
     510     206                                                00010000D    367
     510           -2777       1       1                               0D    368
     510     207                                                00010000D    369
     510           -2777       1       1                               0D    370
     510     208                                                00010000D    371
     510           -2777       1       1                               0D    372
     510     209                                                00010000D    373
     510           -2777       1       1                               0D    374
     510     210                                                00010000D    375
     510           -2777       1       1                               0D    376
     510     211                                                00010000D    377
     510           -2777       1       1                               0D    378
     510     212                                                00010000D    379
     510           -2777       1       1                               0D    380
     510     213                                                00010000D    381
     510           -2777       1       1                               0D    382
     510     214                                                00010000D    383
     510           -2777       1       1                               0D    384
     510     215                                                00010000D    385
     510           -2777       1       1                               0D    386
     510     216                                                00010000D    387
     510           -2777       1       1                               0D    388
     510     217                                                00010000D    389
     510           -2777       1       1                               0D    390
     510     218                                                00010000D    391
     510           -2777       1       1                               0D    392
     510     219                                                00010000D    393
     510           -2777       1       1                               0D    394
     510     220                                                00010000D    395
     510           -2777       1       1                               0D    396
     510     221                                                00010000D    397
     510           -2777       1       1                               0D    398
     510     222                                                00010000D    399
     510           -2777       1       1                               0D    400
     510     223                                                00010000D    401
     510           -2777       1       1                               0D    402
     510     224                                                00010000D    403
     510           -2777       1       1                               0D    404
     510     225                                                00010000D    405
     510           -2777       1       1                               0D    406
     510     226                                                00010000D    407
     510           -2777       1       1                               0D    408
     510     227                                                00010000D    409
     510           -2777       1       1                               0D    410
     510     228                                                00010000D    411
     510           -2777       1       1                               0D    412
     510     229                                                00010000D    413
     510           -2777       1       1                               0D    414
     510     230                                                00010000D    415
     510           -2777       1       1                               0D    416
     510     231                                                00010000D    417
     510           -2777       1       1                               0D    418
     510     232                                                00010000D    419
     510           -2777       1       1                               0D    420
     510     233                                                00010000D    421
     510           -2777       1       1                               0D    422
     510     234                                                00010000D    423
     510           -2777       1       1                               0D    424
     510     235                                                00010000D    425
     510           -2777       1       1                               0D    426
     510     236                                                00010000D    427
     510           -2777       1       1                               0D    428
     510     237                                                00010000D    429
     510           -2777       1       1                               0D    430
     510     238                                                00010000D    431
     510           -2777       1       1                               0D    432
     510     239                                                00010000D    433
     510           -2777       1       1                               0D    434
     510     240                                                00010000D    435
     510           -2777       1       1                               0D    436
     510     241                                                00010000D    437
     510           -2777       1       1                               0D    438
     510     242                                                00010000D    439
     510           -2777       1       1                               0D    440
     510     243                                                00010000D    441
     510           -2777       1       1                               0D    442
     510     244                                                00010000D    443
     510           -2777       1       1                               0D    444
     510     245                                                00010000D    445
     510           -2777       1       1                               0D    446
     510     246                                                00010000D    447
     510           -2777       1       1                               0D    448
     510     247                                                00010000D    449
     510           -2777       1       1                               0D    450
     510     248                                                00010000D    451
     510           -2777       1       1                               0D    452
     510     249                                                00010000D    453
     510           -2777       1       1                               0D    454
     510     250                                                00010000D    455
     510           -2777       1       1                               0D    456
     510     251                                                00010000D    457
     510           -2777       1       1                               0D    458
     510     252                                                00010000D    459
     510           -2777       1       1                               0D    460
     510     253                                                00010000D    461
     510           -2777       1       1                               0D    462
     510     254                                                00010000D    463
     510           -2777       1       1                               0D    464
     510     255                                                00010000D    465
     510           -2777       1       1                               0D    466
     510     256                                                00010000D    467
     510           -2777       1       1                               0D    468
     510     257                                                00010000D    469
     510           -2777       1       1                               0D    470
     510     258                                                00010000D    471
     510           -2777       1       1                               0D    472
     510     259                                                00010000D    473
     510           -2777       1       1                               0D    474
     510     260                                                00010000D    475
     510           -2777       1       1                               0D    476
     510     261                                                00010000D    477
     510           -2777       1       1                               0D    478
     510     262                                                00010000D    479
     510           -2777       1       1                               0D    480
     510     263                                                00010000D    481
     510           -2777       1       1                               0D    482
     510     264                                                00010000D    483
     510           -2777       1       1                               0D    484
     510     265                                                00010000D    485
     510           -2777       1       1                               0D    486
     510     266                                                00010000D    487
     510           -2777       1       1                               0D    488
     510     267                                                00010000D    489
     510           -2777       1       1                               0D    490
     510     268                                                00010000D    491
     510           -2777       1       1                               0D    492
     510     269                                                00010000D    493
     510           -2777       1       1                               0D    494
     510     270                                                00010000D    495
     510           -2777       1       1                               0D    496
     510     271                                                00010000D    497
     510           -2777       1       1                               0D    498
     510     272                                                00010000D    499
     510           -2777       1       1                               0D    500
     510     273                                                00010000D    501
     510           -2777       1       1                               0D    502
     510     274                                                00010000D    503
     510           -2777       1       1                               0D    504
     510     275                                                00010000D    505
     510           -2777       1       1                               0D    506
     510     276                                                00010000D    507
     510           -2777       1       1                               0D    508
     510     277                                                00010000D    509
     510           -2777       1       1                               0D    510
     508     278                                                00010000D    511
     508                       1       1                               0D    512
     508     279                                                00010000D    513
     508                       1       1                               0D    514
     508     280                                                00010000D    515
     508                       1       1                               0D    516
     508     281                                                00010000D    517
     508                       1       1                               0D    518
     508     282                                                00010000D    519
     508                       1       1                               0D    520
     508     283                                                00010000D    521
     508                       1       1                               0D    522
     508     284                                                00010000D    523
     508                       1       1                               0D    524
     508     285                                                00010000D    525
     508                       1       1                               0D    526
     508     286                                                00010000D    527
     508                       1       1                               0D    528
     508     287                                                00010000D    529
     508                       1       1                               0D    530
     508     288                                                00010000D    531
     508                       1       1                               0D    532
     508     289                                                00010000D    533
     508                       1       1                               0D    534
     508     290                                                00010000D    535
     508                       1       1                               0D    536
     508     291                                                00010000D    537
     508                       1       1                               0D    538
     508     292                                                00010000D    539
     508                       1       1                               0D    540
     508     293                                                00010000D    541
     508                       1       1                               0D    542
     508     294                                                00010000D    543
     508                       1       1                               0D    544
     508     295                                                00010000D    545
     508                       1       1                               0D    546
     508     296                                                00010000D    547
     508                       1       1                               0D    548
     508     297                                                00010000D    549
     508                       1       1                               0D    550
     508     298                                                00010000D    551
     508                       1       1                               0D    552
     508     299                                                00010000D    553
     508                       1       1                               0D    554
     508     300                                                00010000D    555
     508                       1       1                               0D    556
     508     301                                                00010000D    557
     508                       1       1                               0D    558
     508     302                                                00010000D    559
     508                       1       1                               0D    560
     508     303                                                00010000D    561
     508                       1       1                               0D    562
     508     304                                                00010000D    563
     508                       1       1                               0D    564
     508     305                                                00010000D    565
     508                       1       1                               0D    566
     508     306                                                00010000D    567
     508                       1       1                               0D    568
     508     307                                                00010000D    569
     508                       1       1                               0D    570
     508     308                                                00010000D    571
     508                       1       1                               0D    572
     508     309                                                00010000D    573
     508                       1       1                               0D    574
     508     310                                                00010000D    575
     508                       1       1                               0D    576
     508     311                                                00010000D    577
     508                       1       1                               0D    578
     508     312                                                00010000D    579
     508                       2       1                               0D    580
     508     314                                                00010000D    581
     508                       2       1                               0D    582
     508     316                                                00010000D    583
     508                       2       1                               0D    584
     508     318                                                00010000D    585
     508                       2       1                               0D    586
     508     320                                                00010000D    587
     508                       8       1                               0D    588
     508     328                                                00010000D    589
     508                       2       1                               0D    590
     508     330                                                00010000D    591
     508                       2       1                               0D    592
     508     332                                                00010000D    593
     508                       2       1                               0D    594
     508     334                                                00010000D    595
     508                       2       1                               0D    596
     508     336                                                00010000D    597
     508                       2       1                               0D    598
     508     338                                                00010000D    599
     508                       2       1                               0D    600
     508     340                                                00010000D    601
     508                       2       1                               0D    602
     508     342                                                00010000D    603
     508                       2       1                               0D    604
     508     344                                                00010000D    605
     508                       2       1                               0D    606
     508     346                                                00010000D    607
     508                       2       1                               0D    608
     508     348                                                00010000D    609
     508                       1       1                               0D    610
     508     349                                                00010000D    611
     508                       2       1                               0D    612
     508     351                                                00010000D    613
     508                       1       1                               0D    614
     508     352                                                00010000D    615
     508                       1       1                               0D    616
     508     353                                                00010000D    617
     508                       1       1                               0D    618
     508     354                                                00010000D    619
     508                       8       1                               0D    620
     508     362                                                00010000D    621
     508                       2       1                               0D    622
     508     364                                                00010000D    623
     508                       2       1                               0D    624
     508     366                                                00010000D    625
     508                       1       1                               0D    626
     508     367                                                00010000D    627
     508                       1       1                               0D    628
     508     368                                                00010000D    629
     508                       2       1                               0D    630
     508     370                                                00010000D    631
     508                       1       1                               0D    632
     508     371                                                00010000D    633
     508                       1       1                               0D    634
     508     372                                                00010000D    635
     508                       1       1                               0D    636
     508     373                                                00010000D    637
     508                       1       1                               0D    638
     508     374                                                00010000D    639
     508                       1       1                               0D    640
     508     375                                                00010000D    641
     508                       1       1                               0D    642
     508     376                                                00010000D    643
     508                       1       1                               0D    644
     508     377                                                00010000D    645
     508                       1       1                               0D    646
     508     378                                                00010000D    647
     508                       1       1                               0D    648
     508     379                                                00010000D    649
     508                       1       1                               0D    650
     508     380                                                00010000D    651
     508                       1       1                               0D    652
     508     381                                                00010000D    653
     508                       1       1                               0D    654
     508     382                                                00010000D    655
     508                       1       1                               0D    656
     508     383                                                00010000D    657
     508                       1       1                               0D    658
     508     384                                                00010000D    659
     508                       1       1                               0D    660
     508     385                                                00010000D    661
     508                       1       1                               0D    662
     508     386                                                00010000D    663
     508                       1       1                               0D    664
     508     387                                                00010000D    665
     508                       1       1                               0D    666
     508     388                                                00010000D    667
     508                       1       1                               0D    668
     508     389                                                00010000D    669
     508                       1       1                               0D    670
     508     390                                                00010000D    671
     508                       1       1                               0D    672
     508     391                                                00010000D    673
     508                       1       1                               0D    674
     508     392                                                00010000D    675
     508                       1       1                               0D    676
     508     393                                                00010000D    677
     508                       1       1                               0D    678
     508     394                                                00010000D    679
     508                       1       1                               0D    680
     508     395                                                00010000D    681
     508                       1       1                               0D    682
     508     396                                                00010000D    683
     508                       1       1                               0D    684
     508     397                                                00010000D    685
     508                       1       1                               0D    686
     508     398                                                00010000D    687
     508                       1       1                               0D    688
     508     399                                                00010000D    689
     508                       1       1                               0D    690
     508     400                                                00010000D    691
     508                       1       1                               0D    692
     508     401                                                00010000D    693
     508                       1       1                               0D    694
     508     402                                                00010000D    695
     508                       1       1                               0D    696
     508     403                                                00010000D    697
     508                       1       1                               0D    698
     508     404                                                00010000D    699
     508                       1       1                               0D    700
     508     405                                                00010000D    701
     508                       1       1                               0D    702
     508     406                                                00010000D    703
     508                       1       1                               0D    704
     508     407                                                00010000D    705
     508                       2       1                               0D    706
     508     409                                                00010000D    707
     508                       2       1                               0D    708
     508     411                                                00010000D    709
     508                       2       1                               0D    710
     508     413                                                00010000D    711
     508                       2       1                               0D    712
     508     415                                                00010000D    713
     508                       2       1                               0D    714
     508     417                                                00010000D    715
     508                       2       1                               0D    716
     508     419                                                00010000D    717
     508                       2       1                               0D    718
     508     421                                                00010000D    719
     508                       2       1                               0D    720
     508     423                                                00010000D    721
     508                       2       1                               0D    722
     508     425                                                00010000D    723
     508                       2       1                               0D    724
     508     427                                                00010000D    725
     508                       2       1                               0D    726
     508     429                                                00010000D    727
     508                       2       1                               0D    728
     508     431                                                00010000D    729
     508                       2       1                               0D    730
     508     433                                                00010000D    731
     508                       2       1                               0D    732
     508     435                                                00010000D    733
     508                       2       1                               0D    734
     508     437                                                00010000D    735
     508                       2       1                               0D    736
     508     439                                                00010000D    737
     508                       2       1                               0D    738
     508     441                                                00010000D    739
     508                       2       1                               0D    740
     508     443                                                00010000D    741
     508                       2       1                               0D    742
     508     445                                                00010000D    743
     508                       2       1                               0D    744
     508     447                                                00010000D    745
     508                       2       1                               0D    746
     508     449                                                00010000D    747
     508                       2       1                               0D    748
     508     451                                                00010000D    749
     508                       2       1                               0D    750
     508     453                                                00010000D    751
     508                       2       1                               0D    752
     508     455                                                00010000D    753
     508                       2       1                               0D    754
     508     457                                                00010000D    755
     508                       2       1                               0D    756
     508     459                                                00010000D    757
     508                       2       1                               0D    758
     508     461                                                00010000D    759
     508                       2       1                               0D    760
     508     463                                                00010000D    761
     508                       2       1                               0D    762
     508     465                                                00010000D    763
     508                       2       1                               0D    764
     508     467                                                00010000D    765
     508                       2       1                               0D    766
     508     469                                                00010000D    767
     508                       2       1                               0D    768
     508     471                                                00010000D    769
     508                       2       1                               0D    770
     508     473                                                00010000D    771
     508                       2       1                               0D    772
     508     475                                                00010000D    773
     508                       2       1                               0D    774
     508     477                                                00010000D    775
     508                       2       1                               0D    776
     508     479                                                00010000D    777
     508                       2       1                               0D    778
     508     481                                                00010000D    779
     508                       2       1                               0D    780
     508     483                                                00010000D    781
     508                       2       1                               0D    782
     508     485                                                00010000D    783
     508                       2       1                               0D    784
     508     487                                                00010000D    785
     508                       2       1                               0D    786
     508     489                                                00010000D    787
     508                       2       1                               0D    788
     508     491                                                00010000D    789
     508                       2       1                               0D    790
     508     493                                                00010000D    791
     508                       2       1                               0D    792
     508     495                                                00010000D    793
     508                       2       1                               0D    794
     508     497                                                00010000D    795
     508                       2       1                               0D    796
     508     499                                                00010000D    797
     508                       2       1                               0D    798
     508     501                                                00010000D    799
     508                       2       1                               0D    800
     508     503                                                00010000D    801
     508                       2       1                               0D    802
     508     505                                                00010000D    803
     508                       2       1                               0D    804
     508     507                                                00010000D    805
     508                       2       1                               0D    806
     508     509                                                00010000D    807
     508                       2       1                               0D    808
     508     511                                                00010000D    809
     508                       2       1                               0D    810
     508     513                                                00010000D    811
     508                       2       1                               0D    812
     508     515                                                00010000D    813
     508                       1       1                               0D    814
     508     516                                                00010000D    815
     508                       1       1                               0D    816
     508     517                                                00010000D    817
     508                       1       1                               0D    818
     508     518                                                00010000D    819
     508                       2       1                               0D    820
     508     520                                                00010000D    821
     508                       1       1                               0D    822
     508     521                                                00010000D    823
     508                       1       1                               0D    824
     508     522                                                00010000D    825
     508                       1       1                               0D    826
     508     523                                                00010000D    827
     508                       1       1                               0D    828
     508     524                                                00010000D    829
     508                       1       1                               0D    830
     508     525                                                00010000D    831
     508                       1       1                               0D    832
     508     526                                                00010000D    833
     508                       1       1                               0D    834
     508     527                                                00010000D    835
     508                       2       1                               0D    836
     508     529                                                00010000D    837
     508                       2       1                               0D    838
     508     531                                                00010000D    839
     508                       2       1                               0D    840
     508     533                                                00010000D    841
     508                       2       1                               0D    842
     508     535                                                00010000D    843
     508                       2       1                               0D    844
     508     537                                                00010000D    845
     508                       2       1                               0D    846
     508     539                                                00010000D    847
     508                       2       1                               0D    848
     508     541                                                00010000D    849
     508                       2       1                               0D    850
     508     543                                                00010000D    851
     508                       2       1                               0D    852
     508     545                                                00010000D    853
     508                       2       1                               0D    854
     508     547                                                00010000D    855
     508                       1       1                               0D    856
     508     548                                                00010000D    857
     508                       1       1                               0D    858
     508     549                                                00010000D    859
     508                       1       1                               0D    860
     508     550                                                00010000D    861
     508                       2       1                               0D    862
     508     552                                                00010000D    863
     508                       1       1                               0D    864
     508     553                                                00010000D    865
     508                       1       1                               0D    866
     508     554                                                00010000D    867
     508                       1       1                               0D    868
     508     555                                                00010000D    869
     508                       1       1                               0D    870
     508     556                                                00010000D    871
     508                       1       1                               0D    872
     508     557                                                00010000D    873
     508                       1       1                               0D    874
     508     558                                                00010000D    875
     508                       2       1                               0D    876
     508     560                                                00010000D    877
     508                       1       1                               0D    878
     508     561                                                00010000D    879
     508                       1       1                               0D    880
     508     562                                                00010000D    881
     508                       1       1                               0D    882
     508     563                                                00010000D    883
     508                       1       1                               0D    884
     508     564                                                00010000D    885
     508                       1       1                               0D    886
     508     565                                                00010000D    887
     508                       1       1                               0D    888
     508     566                                                00010000D    889
     508                       1       1                               0D    890
     508     567                                                00010000D    891
     508                       1       1                               0D    892
     508     568                                                00010000D    893
     508                       1       1                               0D    894
     508     569                                                00010000D    895
     508                       1       1                               0D    896
     508     570                                                00010000D    897
     508                       1       1                               0D    898
     508     571                                                00010000D    899
     508                       1       1                               0D    900
     508     572                                                00010000D    901
     508                       1       1                               0D    902
     508     573                                                00010000D    903
     508                       1       1                               0D    904
     508     574                                                00010000D    905
     508                       1       1                               0D    906
     508     575                                                00010000D    907
     508                       1       1                               0D    908
     508     576                                                00010000D    909
     508                       1       1                               0D    910
     508     577                                                00010000D    911
     508                       1       1                               0D    912
     508     578                                                00010000D    913
     508                       1       1                               0D    914
     508     579                                                00010000D    915
     508                       1       1                               0D    916
     508     580                                                00010000D    917
     508                       1       1                               0D    918
     508     581                                                00010000D    919
     508                       2       1                               0D    920
     508     583                                                00010000D    921
     508                       1       1                               0D    922
     508     584                                                00010000D    923
     508                       1       1                               0D    924
     508     585                                                00010000D    925
     508                       1       1                               0D    926
     508     586                                                00010000D    927
     508                       3       1                               0D    928
     508     589                                                00010000D    929
     508                       1       1                               0D    930
     508     590                                                00010000D    931
     508                       1       1                               0D    932
     508     591                                                00010000D    933
     508                       1       1                               0D    934
     508     592                                                00010000D    935
     508                       1       1                               0D    936
     508     593                                                00010000D    937
     508                       1       1                               0D    938
     508     594                                                00010000D    939
     508                       1       1                               0D    940
     508     595                                                00010000D    941
     508                       1       1                               0D    942
     508     596                                                00010000D    943
     508                       1       1                               0D    944
     508     597                                                00010000D    945
     508                       1       1                               0D    946
     508     598                                                00010000D    947
     508                       1       1                               0D    948
     508     599                                                00010000D    949
     508                       1       1                               0D    950
     508     600                                                00010000D    951
     508                       1       1                               0D    952
     508     601                                                00010000D    953
     508                       1       1                               0D    954
     508     602                                                00010000D    955
     508                       1       1                               0D    956
     508     603                                                00010000D    957
     508                       1       1                               0D    958
     508     604                                                00010000D    959
     508                       1       1                               0D    960
     508     605                                                00010000D    961
     508                       1       1                               0D    962
     508     606                                                00010000D    963
     508                       1       1                               0D    964
     508     607                                                00010000D    965
     508                       1       1                               0D    966
     508     608                                                00010000D    967
     508                       1       1                               0D    968
     508     609                                                00010000D    969
     508                       1       1                               0D    970
     508     610                                                00010000D    971
     508                       1       1                               0D    972
     508     611                                                00010000D    973
     508                       1       1                               0D    974
     508     612                                                00010000D    975
     508                       1       1                               0D    976
     508     613                                                00010000D    977
     508                       1       1                               0D    978
     508     614                                                00010000D    979
     508                       1       1                               0D    980
     508     615                                                00010000D    981
     508                       1       1                               0D    982
     508     616                                                00010000D    983
     508                       1       1                               0D    984
     508     617                                                00010000D    985
     508                       1       1                               0D    986
     508     618                                                00010000D    987
     508                       1       1                               0D    988
     508     619                                                00010000D    989
     508                       1       1                               0D    990
     508     620                                                00010000D    991
     508                       1       1                               0D    992
     508     621                                                00010000D    993
     508                       1       1                               0D    994
     508     622                                                00010000D    995
     508                       1       1                               0D    996
     508     623                                                00010000D    997
     508                       1       1                               0D    998
     508     624                                                00010000D    999
     508                       1       1                               0D   1000
     508     625                                                00010000D   1001
     508                       2       1                               0D   1002
     508     627                                                00010000D   1003
     508                       2       1                               0D   1004
     508     629                                                00010000D   1005
     508                       2       1                               0D   1006
     508     631                                                00010000D   1007
     508                       2       1                               0D   1008
     508     633                                                00010000D   1009
     508                       8       1                               0D   1010
     508     641                                                00010000D   1011
     508                       2       1                               0D   1012
     508     643                                                00010000D   1013
     508                       2       1                               0D   1014
     508     645                                                00010000D   1015
     508                       2       1                               0D   1016
     508     647                                                00010000D   1017
     508                       2       1                               0D   1018
     508     649                                                00010000D   1019
     508                       2       1                               0D   1020
     508     651                                                00010000D   1021
     508                       2       1                               0D   1022
     508     653                                                00010000D   1023
     508                       2       1                               0D   1024
     508     655                                                00010000D   1025
     508                       2       1                               0D   1026
     508     657                                                00010000D   1027
     508                       2       1                               0D   1028
     508     659                                                00010000D   1029
     508                       2       1                               0D   1030
     508     661                                                00010000D   1031
     508                       1       1                               0D   1032
     508     662                                                00010000D   1033
     508                       2       1                               0D   1034
     508     664                                                00010000D   1035
     508                       1       1                               0D   1036
     508     665                                                00010000D   1037
     508                       1       1                               0D   1038
     508     666                                                00010000D   1039
     508                       1       1                               0D   1040
     508     667                                                00010000D   1041
     508                       8       1                               0D   1042
     508     675                                                00010000D   1043
     508                       2       1                               0D   1044
     508     677                                                00010000D   1045
     508                       2       1                               0D   1046
     508     679                                                00010000D   1047
     508                       1       1                               0D   1048
     126     680                                                00010000D   1049
     126       0               3       0                               0D   1050
     126     683                                                00010000D   1051
     126       0               3       0                               0D   1052
     126     686                                                00010000D   1053
     126       0               4       0                               0D   1054
     126     690                                                00010000D   1055
     126       0               3       0                               0D   1056
     126     693                                                00010000D   1057
     126       0               4       0                               0D   1058
     126     697                                                00010000D   1059
     126       0               3       0                               0D   1060
     126     700                                                00010000D   1061
     126       0               4       0                               0D   1062
     126     704                                                00010000D   1063
     126       0               3       0                               0D   1064
     126     707                                                00010000D   1065
     126       0               4       0                               0D   1066
     126     711                                                00010000D   1067
     126       0               3       0                               0D   1068
     126     714                                                00010000D   1069
     126       0               4       0                               0D   1070
     126     718                                                00010000D   1071
     126       0               5       0                               0D   1072
     126     723                                                00010000D   1073
     126       0               3       0                               0D   1074
     126     726                                                00010000D   1075
     126       0               4       0                               0D   1076
     126     730                                                00010000D   1077
     126       0               4       0                               0D   1078
     126     734                                                00010000D   1079
     126       0               4       0                               0D   1080
     126     738                                                00010000D   1081
     126       0               4       0                               0D   1082
     126     742                                                00010000D   1083
     126       0               3       0                               0D   1084
     126     745                                                00010000D   1085
     126       0               4       0                               0D   1086
     126     749                                                00010000D   1087
     126       0               3       0                               0D   1088
     126     752                                                00010000D   1089
     126       0               4       0                               0D   1090
     126     756                                                00010000D   1091
     126       0               3       0                               0D   1092
     126     759                                                00010000D   1093
     126       0               4       0                               0D   1094
     126     763                                                00010000D   1095
     126       0               4       0                               0D   1096
     126     767                                                00010000D   1097
     126       0               3       0                               0D   1098
     126     770                                                00010000D   1099
     126       0               4       0                               0D   1100
     126     774                                                00010000D   1101
     126       0               5       0                               0D   1102
     126     779                                                00010000D   1103
     126       0               3       0                               0D   1104
     126     782                                                00010000D   1105
     126       0               4       0                               0D   1106
     126     786                                                00010000D   1107
     126       0               4       0                               0D   1108
     126     790                                                00010000D   1109
     126       0               3       0                               0D   1110
     126     793                                                00010000D   1111
     126       0               4       0                               0D   1112
     126     797                                                00010000D   1113
     126       0               4       0                               0D   1114
     126     801                                                00010000D   1115
     126       0               3       0                               0D   1116
     126     804                                                00010000D   1117
     126       0               4       0                               0D   1118
     126     808                                                00010000D   1119
     126       0               4       0                               0D   1120
     126     812                                                00010000D   1121
     126       0               3       0                               0D   1122
     126     815                                                00010000D   1123
     126       0               4       0                               0D   1124
     126     819                                                00010000D   1125
     126       0               5       0                               0D   1126
     126     824                                                00010000D   1127
     126       0               3       0                               0D   1128
     126     827                                                00010000D   1129
     126       0               4       0                               0D   1130
     126     831                                                00010000D   1131
     126       0               4       0                               0D   1132
     126     835                                                00010000D   1133
     126       0               3       0                               0D   1134
     126     838                                                00010000D   1135
     126       0               4       0                               0D   1136
     126     842                                                00010000D   1137
     126       0               5       0                               0D   1138
     126     847                                                00010000D   1139
     126       0               3       0                               0D   1140
     126     850                                                00010000D   1141
     126       0               4       0                               0D   1142
     126     854                                                00010000D   1143
     126       0               4       0                               0D   1144
     126     858                                                00010000D   1145
     126       0               3       0                               0D   1146
     126     861                                                00010000D   1147
     126       0               4       0                               0D   1148
     126     865                                                00010000D   1149
     126       0               5       0                               0D   1150
     126     870                                                00010000D   1151
     126       0               3       0                               0D   1152
     126     873                                                00010000D   1153
     126       0               4       0                               0D   1154
     126     877                                                00010000D   1155
     126       0               5       0                               0D   1156
     126     882                                                00010000D   1157
     126       0               3       0                               0D   1158
     126     885                                                00010000D   1159
     126       0               4       0                               0D   1160
     126     889                                                00010000D   1161
     126       0               4       0                               0D   1162
     126     893                                                00010000D   1163
     126       0               3       0                               0D   1164
     126     896                                                00010000D   1165
     126       0               4       0                               0D   1166
     126     900                                                00010000D   1167
     126       0               5       0                               0D   1168
     126     905                                                00010000D   1169
     126       0               3       0                               0D   1170
     126     908                                                00010000D   1171
     126       0               5       0                               0D   1172
     126     913                                                00010000D   1173
     126       0               5       0                               0D   1174
     126     918                                                00010000D   1175
     126       0               3       0                               0D   1176
     126     921                                                00010000D   1177
     126       0               4       0                               0D   1178
     126     925                                                00010000D   1179
     126       0               4       0                               0D   1180
     126     929                                                00010000D   1181
     126       0               3       0                               0D   1182
     126     932                                                00010000D   1183
     126       0               4       0                               0D   1184
     126     936                                                00010000D   1185
     126       0               4       0                               0D   1186
     126     940                                                00010000D   1187
     126       0               3       0                               0D   1188
     126     943                                                00010000D   1189
     126       0               4       0                               0D   1190
     126     947                                                00010000D   1191
     126       0               5       0                               0D   1192
     126     952                                                00010000D   1193
     126       0               3       0                               0D   1194
     126     955                                                00010000D   1195
     126       0               4       0                               0D   1196
     126     959                                                00010000D   1197
     126       0               5       0                               0D   1198
     126     964                                                00010000D   1199
     126       0               3       0                               0D   1200
     126     967                                                00010000D   1201
     126       0               4       0                               0D   1202
     126     971                                                00010000D   1203
     126       0               4       0                               0D   1204
     126     975                                                00010000D   1205
     126       0               3       0                               0D   1206
     126     978                                                00010000D   1207
     126       0               4       0                               0D   1208
     126     982                                                00010000D   1209
     126       0               5       0                               0D   1210
     126     987                                                00010000D   1211
     126       0               3       0                               0D   1212
     126     990                                                00010000D   1213
     126       0               4       0                               0D   1214
     126     994                                                00010000D   1215
     126       0               5       0                               0D   1216
     126     999                                                00010000D   1217
     126       0               3       0                               0D   1218
     126    1002                                                00010000D   1219
     126       0               4       0                               0D   1220
     126    1006                                                00010000D   1221
     126       0               5       0                               0D   1222
     126    1011                                                00010000D   1223
     126       0               3       0                               0D   1224
     126    1014                                                00010000D   1225
     126       0               4       0                               0D   1226
     126    1018                                                00010000D   1227
     126       0               4       0                               0D   1228
     126    1022                                                00010000D   1229
     126       0               3       0                               0D   1230
     126    1025                                                00010000D   1231
     126       0               4       0                               0D   1232
     126    1029                                                00010000D   1233
     126       0               4       0                               0D   1234
     126    1033                                                00010000D   1235
     126       0               3       0                               0D   1236
     126    1036                                                00010000D   1237
     126       0               4       0                               0D   1238
     126    1040                                                00010000D   1239
     126       0               5       0                               0D   1240
     126    1045                                                00010000D   1241
     126       0               3       0                               0D   1242
     126    1048                                                00010000D   1243
     126       0               4       0                               0D   1244
     126    1052                                                00010000D   1245
     126       0               5       0                               0D   1246
     126    1057                                                00010000D   1247
     126       0               3       0                               0D   1248
     126    1060                                                00010000D   1249
     126       0               4       0                               0D   1250
     126    1064                                                00010000D   1251
     126       0               5       0                               0D   1252
     126    1069                                                00010000D   1253
     126       0               3       0                               0D   1254
     126    1072                                                00010000D   1255
     126       0               4       0                               0D   1256
     126    1076                                                00010000D   1257
     126       0               5       0                               0D   1258
     126    1081                                                00010000D   1259
     126       0               3       0                               0D   1260
     126    1084                                                00010000D   1261
     126       0               4       0                               0D   1262
     126    1088                                                00010000D   1263
     126       0               4       0                               0D   1264
     126    1092                                                00010000D   1265
     126       0               3       0                               0D   1266
     126    1095                                                00010000D   1267
     126       0               4       0                               0D   1268
     126    1099                                                00010000D   1269
     126       0               4       0                               0D   1270
     126    1103                                                00010000D   1271
     126       0               4       0                               0D   1272
     126    1107                                                00010000D   1273
     126       0               4       0                               0D   1274
     126    1111                                                00010000D   1275
     126       0               3       0                               0D   1276
     126    1114                                                00010000D   1277
     126       0               4       0                               0D   1278
     126    1118                                                00010000D   1279
     126       0               3       0                               0D   1280
     126    1121                                                00010000D   1281
     126       0               5       0                               0D   1282
     126    1126                                                00010000D   1283
     126       0               3       0                               0D   1284
     126    1129                                                00010000D   1285
     126       0               4       0                               0D   1286
     126    1133                                                00010000D   1287
     126       0               5       0                               0D   1288
     126    1138                                                00010000D   1289
     126       0               3       0                               0D   1290
     126    1141                                                00010000D   1291
     126       0               4       0                               0D   1292
     126    1145                                                00010000D   1293
     126       0               4       0                               0D   1294
     126    1149                                                00010000D   1295
     126       0               4       0                               0D   1296
     126    1153                                                00010000D   1297
     126       0               4       0                               0D   1298
     126    1157                                                00010000D   1299
     126       0               3       0                               0D   1300
     126    1160                                                00010000D   1301
     126       0               4       0                               0D   1302
     126    1164                                                00010000D   1303
     126       0               3       0                               0D   1304
     126    1167                                                00010000D   1305
     126       0               4       0                               0D   1306
     126    1171                                                00010000D   1307
     126       0               3       0                               0D   1308
     126    1174                                                00010000D   1309
     126       0               4       0                               0D   1310
     126    1178                                                00010000D   1311
     126       0               5       0                               0D   1312
     126    1183                                                00010000D   1313
     126       0               3       0                               0D   1314
     126    1186                                                00010000D   1315
     126       0               4       0                               0D   1316
     126    1190                                                00010000D   1317
     126       0               5       0                               0D   1318
     126    1195                                                00010000D   1319
     126       0               4       0                               0D   1320
     126    1199                                                00010000D   1321
     126       0               3       0                               0D   1322
     126    1202                                                00010000D   1323
     126       0               3       0                               0D   1324
     126    1205                                                00010000D   1325
     126       0               2       0                               0D   1326
     126    1207                                                00010000D   1327
     126       0               3       0                               0D   1328
     126    1210                                                00010000D   1329
     126       0               3       0                               0D   1330
     126    1213                                                00010000D   1331
     126       0               2       0                               0D   1332
     126    1215                                                00010000D   1333
     126       0               3       0                               0D   1334
     126    1218                                                00010000D   1335
     126       0               3       0                               0D   1336
     126    1221                                                00010000D   1337
     126       0               5       0                               0D   1338
     126    1226                                                00010000D   1339
     126       0               2       0                               0D   1340
     126    1228                                                00010000D   1341
     126       0               4       0                               0D   1342
     126    1232                                                00010000D   1343
     126       0               2       0                               0D   1344
     126    1234                                                00010000D   1345
     126       0               2       0                               0D   1346
     126    1236                                                00010000D   1347
     126       0               4       0                               0D   1348
     126    1240                                                00010000D   1349
     126       0               2       0                               0D   1350
     126    1242                                                00010000D   1351
     126       0               4       0                               0D   1352
     126    1246                                                00010000D   1353
     126       0               2       0                               0D   1354
     126    1248                                                00010000D   1355
     126       0               4       0                               0D   1356
     126    1252                                                00010000D   1357
     126       0               2       0                               0D   1358
     126    1254                                                00010000D   1359
     126       0               2       0                               0D   1360
     126    1256                                                00010000D   1361
     126       0               2       0                               0D   1362
     126    1258                                                00010000D   1363
     126       0               5       0                               0D   1364
     126    1263                                                00010000D   1365
     126       0               2       0                               0D   1366
     126    1265                                                00010000D   1367
     126       0               5       0                               0D   1368
     126    1270                                                00010000D   1369
     126       0               2       0                               0D   1370
     126    1272                                                00010000D   1371
     126       0               2       0                               0D   1372
     126    1274                                                00010000D   1373
     126       0               2       0                               0D   1374
     126    1276                                                00010000D   1375
     126       0               2       0                               0D   1376
     126    1278                                                00010000D   1377
     126       0               5       0                               0D   1378
     126    1283                                                00010000D   1379
     126       0               2       0                               0D   1380
     126    1285                                                00010000D   1381
     126       0               4       0                               0D   1382
     126    1289                                                00010000D   1383
     126       0               3       0                               0D   1384
     126    1292                                                00010000D   1385
     126       0               3       0                               0D   1386
     126    1295                                                00010000D   1387
     126       0               3       0                               0D   1388
     126    1298                                                00010000D   1389
     126       0               4       0                               0D   1390
     126    1302                                                00010000D   1391
     126       0               3       0                               0D   1392
     126    1305                                                00010000D   1393
     126       0               3       0                               0D   1394
     126    1308                                                00010000D   1395
     126       0               4       0                               0D   1396
     126    1312                                                00010000D   1397
     126       0               3       0                               0D   1398
     126    1315                                                00010000D   1399
     126       0               3       0                               0D   1400
     126    1318                                                00010000D   1401
     126       0               4       0                               0D   1402
     126    1322                                                00010000D   1403
     126       0               3       0                               0D   1404
     126    1325                                                00010000D   1405
     126       0               4       0                               0D   1406
     126    1329                                                00010000D   1407
     126       0               3       0                               0D   1408
     126    1332                                                00010000D   1409
     126       0               3       0                               0D   1410
     126    1335                                                00010000D   1411
     126       0               3       0                               0D   1412
     126    1338                                                00010000D   1413
     126       0               4       0                               0D   1414
     126    1342                                                00010000D   1415
     126       0               3       0                               0D   1416
     126    1345                                                00010000D   1417
     126       0               3       0                               0D   1418
     126    1348                                                00010000D   1419
     126       0               4       0                               0D   1420
     126    1352                                                00010000D   1421
     126       0               3       0                               0D   1422
     126    1355                                                00010000D   1423
     126       0               3       0                               0D   1424
     126    1358                                                00010000D   1425
     126       0               4       0                               0D   1426
     126    1362                                                00010000D   1427
     126       0               3       0                               0D   1428
     126    1365                                                00010000D   1429
     126       0               4       0                               0D   1430
     126    1369                                                00010000D   1431
     126       0               3       0                               0D   1432
     126    1372                                                00010000D   1433
     126       0               4       0                               0D   1434
     126    1376                                                00010000D   1435
     126       0               3       0                               0D   1436
     126    1379                                                00010000D   1437
     126       0               4       0                               0D   1438
     126    1383                                                00010000D   1439
     126       0               3       0                               0D   1440
     126    1386                                                00010000D   1441
     126       0               3       0                               0D   1442
     126    1389                                                00010000D   1443
     126       0               4       0                               0D   1444
     126    1393                                                00010000D   1445
     126       0               4       0                               0D   1446
     126    1397                                                00010000D   1447
     126       0               3       0                               0D   1448
     126    1400                                                00010000D   1449
     126       0               4       0                               0D   1450
     126    1404                                                00010000D   1451
     126       0               3       0                               0D   1452
     126    1407                                                00010000D   1453
     126       0               4       0                               0D   1454
     126    1411                                                00010000D   1455
     126       0               3       0                               0D   1456
     126    1414                                                00010000D   1457
     126       0               3       0                               0D   1458
     126    1417                                                00010000D   1459
     126       0               3       0                               0D   1460
     126    1420                                                00010000D   1461
     126       0               4       0                               0D   1462
     126    1424                                                00010000D   1463
     126       0               3       0                               0D   1464
     126    1427                                                00010000D   1465
     126       0               3       0                               0D   1466
     126    1430                                                00010000D   1467
     126       0               4       0                               0D   1468
     126    1434                                                00010000D   1469
     126       0               3       0                               0D   1470
     126    1437                                                00010000D   1471
     126       0               3       0                               0D   1472
     126    1440                                                00010000D   1473
     126       0               4       0                               0D   1474
     126    1444                                                00010000D   1475
     126       0               3       0                               0D   1476
     126    1447                                                00010000D   1477
     126       0               4       0                               0D   1478
     126    1451                                                00010000D   1479
     126       0               3       0                               0D   1480
     126    1454                                                00010000D   1481
     126       0               3       0                               0D   1482
     126    1457                                                00010000D   1483
     126       0               3       0                               0D   1484
     126    1460                                                00010000D   1485
     126       0               4       0                               0D   1486
     126    1464                                                00010000D   1487
     126       0               3       0                               0D   1488
     126    1467                                                00010000D   1489
     126       0               3       0                               0D   1490
     126    1470                                                00010000D   1491
     126       0               4       0                               0D   1492
     126    1474                                                00010000D   1493
     126       0               3       0                               0D   1494
     126    1477                                                00010000D   1495
     126       0               3       0                               0D   1496
     126    1480                                                00010000D   1497
     126       0               4       0                               0D   1498
     126    1484                                                00010000D   1499
     126       0               3       0                               0D   1500
     126    1487                                                00010000D   1501
     126       0               4       0                               0D   1502
     126    1491                                                00010000D   1503
     126       0               3       0                               0D   1504
     126    1494                                                00010000D   1505
     126       0               3       0                               0D   1506
     126    1497                                                00010000D   1507
     126       0               3       0                               0D   1508
     126    1500                                                00010000D   1509
     126       0               4       0                               0D   1510
     126    1504                                                00010000D   1511
     126       0               3       0                               0D   1512
     126    1507                                                00010000D   1513
     126       0               3       0                               0D   1514
     126    1510                                                00010000D   1515
     126       0               4       0                               0D   1516
     126    1514                                                00010000D   1517
     126       0               3       0                               0D   1518
     126    1517                                                00010000D   1519
     126       0               3       0                               0D   1520
     126    1520                                                00010000D   1521
     126       0               4       0                               0D   1522
     126    1524                                                00010000D   1523
     126       0               3       0                               0D   1524
     126    1527                                                00010000D   1525
     126       0               4       0                               0D   1526
     126    1531                                                00010000D   1527
     126       0               3       0                               0D   1528
     126    1534                                                00010000D   1529
     126       0               3       0                               0D   1530
     126    1537                                                00010000D   1531
     126       0               3       0                               0D   1532
     126    1540                                                00010000D   1533
     126       0               4       0                               0D   1534
     126    1544                                                00010000D   1535
     126       0               3       0                               0D   1536
     126    1547                                                00010000D   1537
     126       0               3       0                               0D   1538
     126    1550                                                00010000D   1539
     126       0               4       0                               0D   1540
     126    1554                                                00010000D   1541
     126       0               3       0                               0D   1542
     126    1557                                                00010000D   1543
     126       0               3       0                               0D   1544
     126    1560                                                00010000D   1545
     126       0               4       0                               0D   1546
     126    1564                                                00010000D   1547
     126       0               3       0                               0D   1548
     126    1567                                                00010000D   1549
     126       0               4       0                               0D   1550
     126    1571                                                00010000D   1551
     126       0               3       0                               0D   1552
     126    1574                                                00010000D   1553
     126       0               3       0                               0D   1554
     126    1577                                                00010000D   1555
     126       0               3       0                               0D   1556
     126    1580                                                00010000D   1557
     126       0               4       0                               0D   1558
     126    1584                                                00010000D   1559
     126       0               3       0                               0D   1560
     126    1587                                                00010000D   1561
     126       0               3       0                               0D   1562
     126    1590                                                00010000D   1563
     126       0               4       0                               0D   1564
     126    1594                                                00010000D   1565
     126       0               3       0                               0D   1566
     126    1597                                                00010000D   1567
     126       0               3       0                               0D   1568
     126    1600                                                00010000D   1569
     126       0               4       0                               0D   1570
     126    1604                                                00010000D   1571
     126       0               3       0                               0D   1572
     126    1607                                                00010000D   1573
     126       0               4       0                               0D   1574
     126    1611                                                00010000D   1575
     126       0               3       0                               0D   1576
     126    1614                                                00010000D   1577
     126       0               3       0                               0D   1578
     126    1617                                                00010000D   1579
     126       0               3       0                               0D   1580
     126    1620                                                00010000D   1581
     126       0               4       0                               0D   1582
     126    1624                                                00010000D   1583
     126       0               3       0                               0D   1584
     126    1627                                                00010000D   1585
     126       0               3       0                               0D   1586
     126    1630                                                00010000D   1587
     126       0               4       0                               0D   1588
     126    1634                                                00010000D   1589
     126       0               3       0                               0D   1590
     126    1637                                                00010000D   1591
     126       0               3       0                               0D   1592
     126    1640                                                00010000D   1593
     126       0               4       0                               0D   1594
     126    1644                                                00010000D   1595
     126       0               3       0                               0D   1596
     126    1647                                                00010000D   1597
     126       0               4       0                               0D   1598
     126    1651                                                00010000D   1599
     126       0               3       0                               0D   1600
     126    1654                                                00010000D   1601
     126       0               4       0                               0D   1602
     126    1658                                                00010000D   1603
     126       0               3       0                               0D   1604
     126    1661                                                00010000D   1605
     126       0               4       0                               0D   1606
     126    1665                                                00010000D   1607
     126       0               3       0                               0D   1608
     126    1668                                                00010000D   1609
     126       0               3       0                               0D   1610
     126    1671                                                00010000D   1611
     126       0               4       0                               0D   1612
     126    1675                                                00010000D   1613
     126       0               4       0                               0D   1614
     126    1679                                                00010000D   1615
     126       0               3       0                               0D   1616
     126    1682                                                00010000D   1617
     126       0               4       0                               0D   1618
     126    1686                                                00010000D   1619
     126       0               3       0                               0D   1620
     126    1689                                                00010000D   1621
     126       0               4       0                               0D   1622
     126    1693                                                00010000D   1623
     126       0               3       0                               0D   1624
     126    1696                                                00010000D   1625
     126       0               4       0                               0D   1626
     126    1700                                                00010000D   1627
     126       0               3       0                               0D   1628
     126    1703                                                00010000D   1629
     126       0               4       0                               0D   1630
     126    1707                                                00010000D   1631
     126       0               3       0                               0D   1632
     126    1710                                                00010000D   1633
     126       0               3       0                               0D   1634
     126    1713                                                00010000D   1635
     126       0               4       0                               0D   1636
     126    1717                                                00010000D   1637
     126       0               4       0                               0D   1638
     126    1721                                                00010000D   1639
     126       0               3       0                               0D   1640
     126    1724                                                00010000D   1641
     126       0               4       0                               0D   1642
     126    1728                                                00010000D   1643
     126       0               3       0                               0D   1644
     126    1731                                                00010000D   1645
     126       0               4       0                               0D   1646
     126    1735                                                00010000D   1647
     126       0               3       0                               0D   1648
     126    1738                                                00010000D   1649
     126       0               3       0                               0D   1650
     126    1741                                                00010000D   1651
     126       0               3       0                               0D   1652
     126    1744                                                00010000D   1653
     126       0               4       0                               0D   1654
     126    1748                                                00010000D   1655
     126       0               3       0                               0D   1656
     126    1751                                                00010000D   1657
     126       0               3       0                               0D   1658
     126    1754                                                00010000D   1659
     126       0               4       0                               0D   1660
     126    1758                                                00010000D   1661
     126       0               3       0                               0D   1662
     126    1761                                                00010000D   1663
     126       0               3       0                               0D   1664
     126    1764                                                00010000D   1665
     126       0               4       0                               0D   1666
     126    1768                                                00010000D   1667
     126       0               3       0                               0D   1668
     126    1771                                                00010000D   1669
     126       0               4       0                               0D   1670
     126    1775                                                00010000D   1671
     126       0               3       0                               0D   1672
     126    1778                                                00010000D   1673
     126       0               3       0                               0D   1674
     126    1781                                                00010000D   1675
     126       0               3       0                               0D   1676
     126    1784                                                00010000D   1677
     126       0               4       0                               0D   1678
     126    1788                                                00010000D   1679
     126       0               3       0                               0D   1680
     126    1791                                                00010000D   1681
     126       0               3       0                               0D   1682
     126    1794                                                00010000D   1683
     126       0               4       0                               0D   1684
     126    1798                                                00010000D   1685
     126       0               3       0                               0D   1686
     126    1801                                                00010000D   1687
     126       0               3       0                               0D   1688
     126    1804                                                00010000D   1689
     126       0               4       0                               0D   1690
     126    1808                                                00010000D   1691
     126       0               3       0                               0D   1692
     126    1811                                                00010000D   1693
     126       0               4       0                               0D   1694
     126    1815                                                00010000D   1695
     126       0               3       0                               0D   1696
     126    1818                                                00010000D   1697
     126       0               3       0                               0D   1698
     126    1821                                                00010000D   1699
     126       0               3       0                               0D   1700
     126    1824                                                00010000D   1701
     126       0               4       0                               0D   1702
     126    1828                                                00010000D   1703
     126       0               3       0                               0D   1704
     126    1831                                                00010000D   1705
     126       0               3       0                               0D   1706
     126    1834                                                00010000D   1707
     126       0               4       0                               0D   1708
     126    1838                                                00010000D   1709
     126       0               3       0                               0D   1710
     126    1841                                                00010000D   1711
     126       0               3       0                               0D   1712
     126    1844                                                00010000D   1713
     126       0               4       0                               0D   1714
     126    1848                                                00010000D   1715
     126       0               3       0                               0D   1716
     126    1851                                                00010000D   1717
     126       0               4       0                               0D   1718
     126    1855                                                00010000D   1719
     126       0               3       0                               0D   1720
     126    1858                                                00010000D   1721
     126       0               3       0                               0D   1722
     126    1861                                                00010000D   1723
     126       0               3       0                               0D   1724
     126    1864                                                00010000D   1725
     126       0               4       0                               0D   1726
     126    1868                                                00010000D   1727
     126       0               3       0                               0D   1728
     126    1871                                                00010000D   1729
     126       0               3       0                               0D   1730
     126    1874                                                00010000D   1731
     126       0               4       0                               0D   1732
     126    1878                                                00010000D   1733
     126       0               3       0                               0D   1734
     126    1881                                                00010000D   1735
     126       0               3       0                               0D   1736
     126    1884                                                00010000D   1737
     126       0               4       0                               0D   1738
     126    1888                                                00010000D   1739
     126       0               3       0                               0D   1740
     126    1891                                                00010000D   1741
     126       0               4       0                               0D   1742
     126    1895                                                00010000D   1743
     126       0               3       0                               0D   1744
     126    1898                                                00010000D   1745
     126       0               3       0                               0D   1746
     126    1901                                                00010000D   1747
     126       0               3       0                               0D   1748
     126    1904                                                00010000D   1749
     126       0               4       0                               0D   1750
     126    1908                                                00010000D   1751
     126       0               3       0                               0D   1752
     126    1911                                                00010000D   1753
     126       0               3       0                               0D   1754
     126    1914                                                00010000D   1755
     126       0               4       0                               0D   1756
     126    1918                                                00010000D   1757
     126       0               3       0                               0D   1758
     126    1921                                                00010000D   1759
     126       0               3       0                               0D   1760
     126    1924                                                00010000D   1761
     126       0               4       0                               0D   1762
     126    1928                                                00010000D   1763
     126       0               3       0                               0D   1764
     126    1931                                                00010000D   1765
     126       0               4       0                               0D   1766
     126    1935                                                00010000D   1767
     126       0               3       0                               0D   1768
     126    1938                                                00010000D   1769
     126       0               4       0                               0D   1770
     126    1942                                                00010000D   1771
     126       0               3       0                               0D   1772
     126    1945                                                00010000D   1773
     126       0               4       0                               0D   1774
     126    1949                                                00010000D   1775
     126       0               3       0                               0D   1776
     126    1952                                                00010000D   1777
     126       0               3       0                               0D   1778
     126    1955                                                00010000D   1779
     126       0               4       0                               0D   1780
     126    1959                                                00010000D   1781
     126       0               4       0                               0D   1782
     126    1963                                                00010000D   1783
     126       0               3       0                               0D   1784
     126    1966                                                00010000D   1785
     126       0               4       0                               0D   1786
     126    1970                                                00010000D   1787
     126       0               3       0                               0D   1788
     126    1973                                                00010000D   1789
     126       0              13       0                               0D   1790
     126    1986                                                00010000D   1791
     126       0               3       0                               0D   1792
     126    1989                                                00010000D   1793
     126       0              13       0                               0D   1794
     126    2002                                                00010000D   1795
     126       0               2       0                               0D   1796
     126    2004                                                00010000D   1797
     126       0               2       0                               0D   1798
     126    2006                                                00010000D   1799
     126       0               5       0                               0D   1800
     126    2011                                                00010000D   1801
     126       0               2       0                               0D   1802
     126    2013                                                00010000D   1803
     126       0               5       0                               0D   1804
     126    2018                                                00010000D   1805
     126       0               2       0                               0D   1806
     126    2020                                                00010000D   1807
     126       0               2       0                               0D   1808
     126    2022                                                00010000D   1809
     126       0               2       0                               0D   1810
     126    2024                                                00010000D   1811
     126       0               3       0                               0D   1812
     126    2027                                                00010000D   1813
     126       0               2       0                               0D   1814
     126    2029                                                00010000D   1815
     126       0               4       0                               0D   1816
     126    2033                                                00010000D   1817
     126       0               2       0                               0D   1818
     126    2035                                                00010000D   1819
     126       0               4       0                               0D   1820
     126    2039                                                00010000D   1821
     126       0               3       0                               0D   1822
     126    2042                                                00010000D   1823
     126       0               4       0                               0D   1824
     126    2046                                                00010000D   1825
     126       0               5       0                               0D   1826
     126    2051                                                00010000D   1827
     126       0               2       0                               0D   1828
     126    2053                                                00010000D   1829
     126       0               2       0                               0D   1830
     126    2055                                                00010000D   1831
     126       0               3       0                               0D   1832
     126    2058                                                00010000D   1833
     126       0               5       0                               0D   1834
     126    2063                                                00010000D   1835
     126       0               2       0                               0D   1836
     126    2065                                                00010000D   1837
     126       0               2       0                               0D   1838
     126    2067                                                00010000D   1839
     126       0               3       0                               0D   1840
     126    2070                                                00010000D   1841
     126       0               5       0                               0D   1842
     126    2075                                                00010000D   1843
     126       0               2       0                               0D   1844
     126    2077                                                00010000D   1845
     126       0               3       0                               0D   1846
     126    2080                                                00010000D   1847
     126       0               3       0                               0D   1848
     126    2083                                                00010000D   1849
     126       0               3       0                               0D   1850
     126    2086                                                00010000D   1851
     126       0               3       0                               0D   1852
     126    2089                                                00010000D   1853
     126       0               3       0                               0D   1854
     126    2092                                                00010000D   1855
     126       0               3       0                               0D   1856
     126    2095                                                00010000D   1857
     126       0               3       0                               0D   1858
     126    2098                                                00010000D   1859
     126       0               3       0                               0D   1860
     126    2101                                                00010000D   1861
     126       0               3       0                               0D   1862
     126    2104                                                00010000D   1863
     126       0               3       0                               0D   1864
     126    2107                                                00010000D   1865
     126       0               3       0                               0D   1866
     126    2110                                                00010000D   1867
     126       0               3       0                               0D   1868
     126    2113                                                00010000D   1869
     126       0               3       0                               0D   1870
     126    2116                                                00010000D   1871
     126       0               3       0                               0D   1872
     126    2119                                                00010000D   1873
     126       0               4       0                               0D   1874
     126    2123                                                00010000D   1875
     126       0               3       0                               0D   1876
     126    2126                                                00010000D   1877
     126       0               4       0                               0D   1878
     126    2130                                                00010000D   1879
     126       0               3       0                               0D   1880
     126    2133                                                00010000D   1881
     126       0               4       0                               0D   1882
     126    2137                                                00010000D   1883
     126       0               3       0                               0D   1884
     126    2140                                                00010000D   1885
     126       0               4       0                               0D   1886
     126    2144                                                00010000D   1887
     126       0               3       0                               0D   1888
     126    2147                                                00010000D   1889
     126       0               4       0                               0D   1890
     126    2151                                                00010000D   1891
     126       0               3       0                               0D   1892
     126    2154                                                00010000D   1893
     126       0               4       0                               0D   1894
     126    2158                                                00010000D   1895
     126       0               6       0                               0D   1896
     126    2164                                                00010000D   1897
     126       0               3       0                               0D   1898
     126    2167                                                00010000D   1899
     126       0               6       0                               0D   1900
     126    2173                                                00010000D   1901
     126       0               3       0                               0D   1902
     126    2176                                                00010000D   1903
     126       0               4       0                               0D   1904
     126    2180                                                00010000D   1905
     126       0               4       0                               0D   1906
     126    2184                                                00010000D   1907
     126       0               6       0                               0D   1908
     126    2190                                                00010000D   1909
     126       0               3       0                               0D   1910
     126    2193                                                00010000D   1911
     126       0               6       0                               0D   1912
     126    2199                                                00010000D   1913
     126       0               3       0                               0D   1914
     126    2202                                                00010000D   1915
     126       0               4       0                               0D   1916
     126    2206                                                00010000D   1917
     126       0               4       0                               0D   1918
     126    2210                                                00010000D   1919
     126       0               6       0                               0D   1920
     126    2216                                                00010000D   1921
     126       0               6       0                               0D   1922
     126    2222                                                00010000D   1923
     126       0               6       0                               0D   1924
     126    2228                                                00010000D   1925
     126       0               6       0                               0D   1926
     126    2234                                                00010000D   1927
     126       0               3       0                               0D   1928
     126    2237                                                00010000D   1929
     126       0               4       0                               0D   1930
     126    2241                                                00010000D   1931
     126       0               3       0                               0D   1932
     126    2244                                                00010000D   1933
     126       0               3       0                               0D   1934
     126    2247                                                00010000D   1935
     126       0               6       0                               0D   1936
     126    2253                                                00010000D   1937
     126       0               3       0                               0D   1938
     126    2256                                                00010000D   1939
     126       0               3       0                               0D   1940
     126    2259                                                00010000D   1941
     126       0               3       0                               0D   1942
     126    2262                                                00010000D   1943
     126       0               6       0                               0D   1944
     126    2268                                                00010000D   1945
     126       0               3       0                               0D   1946
     126    2271                                                00010000D   1947
     126       0               4       0                               0D   1948
     126    2275                                                00010000D   1949
     126       0               3       0                               0D   1950
     126    2278                                                00010000D   1951
     126       0               6       0                               0D   1952
     126    2284                                                00010000D   1953
     126       0               3       0                               0D   1954
     126    2287                                                00010000D   1955
     126       0               4       0                               0D   1956
     126    2291                                                00010000D   1957
     126       0               3       0                               0D   1958
     126    2294                                                00010000D   1959
     126       0               6       0                               0D   1960
     126    2300                                                00010000D   1961
     126       0               3       0                               0D   1962
     126    2303                                                00010000D   1963
     126       0               6       0                               0D   1964
     126    2309                                                00010000D   1965
     126       0               3       0                               0D   1966
     126    2312                                                00010000D   1967
     126       0               3       0                               0D   1968
     126    2315                                                00010000D   1969
     126       0               3       0                               0D   1970
     126    2318                                                00010000D   1971
     126       0               3       0                               0D   1972
     126    2321                                                00010000D   1973
     126       0               3       0                               0D   1974
     126    2324                                                00010000D   1975
     126       0               4       0                               0D   1976
     126    2328                                                00010000D   1977
     126       0               3       0                               0D   1978
     126    2331                                                00010000D   1979
     126       0               4       0                               0D   1980
     126    2335                                                00010000D   1981
     126       0               3       0                               0D   1982
     126    2338                                                00010000D   1983
     126       0               4       0                               0D   1984
     126    2342                                                00010000D   1985
     126       0               4       0                               0D   1986
     126    2346                                                00010000D   1987
     126       0               3       0                               0D   1988
     126    2349                                                00010000D   1989
     126       0               5       0                               0D   1990
     126    2354                                                00010000D   1991
     126       0               4       0                               0D   1992
     126    2358                                                00010000D   1993
     126       0               3       0                               0D   1994
     126    2361                                                00010000D   1995
     126       0               4       0                               0D   1996
     126    2365                                                00010000D   1997
     126       0               4       0                               0D   1998
     126    2369                                                00010000D   1999
     126       0               4       0                               0D   2000
     126    2373                                                00010000D   2001
     126       0               3       0                               0D   2002
     126    2376                                                00010000D   2003
     126       0               4       0                               0D   2004
     126    2380                                                00010000D   2005
     126       0               3       0                               0D   2006
     126    2383                                                00010000D   2007
     126       0               3       0                               0D   2008
     126    2386                                                00010000D   2009
     126       0               4       0                               0D   2010
     126    2390                                                00010000D   2011
     126       0               3       0                               0D   2012
     126    2393                                                00010000D   2013
     126       0               4       0                               0D   2014
     126    2397                                                00010000D   2015
     126       0               4       0                               0D   2016
     126    2401                                                00010000D   2017
     126       0               3       0                               0D   2018
     126    2404                                                00010000D   2019
     126       0               5       0                               0D   2020
     126    2409                                                00010000D   2021
     126       0               4       0                               0D   2022
     126    2413                                                00010000D   2023
     126       0               3       0                               0D   2024
     126    2416                                                00010000D   2025
     126       0               4       0                               0D   2026
     126    2420                                                00010000D   2027
     126       0               4       0                               0D   2028
     126    2424                                                00010000D   2029
     126       0               3       0                               0D   2030
     126    2427                                                00010000D   2031
     126       0               3       0                               0D   2032
     126    2430                                                00010000D   2033
     126       0               4       0                               0D   2034
     126    2434                                                00010000D   2035
     126       0               3       0                               0D   2036
     126    2437                                                00010000D   2037
     126       0               4       0                               0D   2038
     126    2441                                                00010000D   2039
     126       0               4       0                               0D   2040
     126    2445                                                00010000D   2041
     126       0               3       0                               0D   2042
     126    2448                                                00010000D   2043
     126       0               5       0                               0D   2044
     126    2453                                                00010000D   2045
     126       0               4       0                               0D   2046
     126    2457                                                00010000D   2047
     126       0               3       0                               0D   2048
     126    2460                                                00010000D   2049
     126       0               4       0                               0D   2050
     126    2464                                                00010000D   2051
     126       0               4       0                               0D   2052
     126    2468                                                00010000D   2053
     126       0               3       0                               0D   2054
     126    2471                                                00010000D   2055
     126       0               5       0                               0D   2056
     126    2476                                                00010000D   2057
     126       0               4       0                               0D   2058
     126    2480                                                00010000D   2059
     126       0               3       0                               0D   2060
     126    2483                                                00010000D   2061
     126       0               4       0                               0D   2062
     126    2487                                                00010000D   2063
     126       0               4       0                               0D   2064
     126    2491                                                00010000D   2065
     126       0               3       0                               0D   2066
     126    2494                                                00010000D   2067
     126       0               5       0                               0D   2068
     126    2499                                                00010000D   2069
     126       0               4       0                               0D   2070
     126    2503                                                00010000D   2071
     126       0               3       0                               0D   2072
     126    2506                                                00010000D   2073
     126       0               5       0                               0D   2074
     126    2511                                                00010000D   2075
     126       0               4       0                               0D   2076
     126    2515                                                00010000D   2077
     126       0               3       0                               0D   2078
     126    2518                                                00010000D   2079
     126       0               4       0                               0D   2080
     126    2522                                                00010000D   2081
     126       0               4       0                               0D   2082
     126    2526                                                00010000D   2083
     126       0               3       0                               0D   2084
     126    2529                                                00010000D   2085
     126       0               5       0                               0D   2086
     126    2534                                                00010000D   2087
     126       0               5       0                               0D   2088
     126    2539                                                00010000D   2089
     126       0               3       0                               0D   2090
     126    2542                                                00010000D   2091
     126       0               5       0                               0D   2092
     126    2547                                                00010000D   2093
     126       0               4       0                               0D   2094
     126    2551                                                00010000D   2095
     126       0               3       0                               0D   2096
     126    2554                                                00010000D   2097
     126       0               4       0                               0D   2098
     126    2558                                                00010000D   2099
     126       0               4       0                               0D   2100
     126    2562                                                00010000D   2101
     126       0               3       0                               0D   2102
     126    2565                                                00010000D   2103
     126       0               4       0                               0D   2104
     126    2569                                                00010000D   2105
     126       0               4       0                               0D   2106
     126    2573                                                00010000D   2107
     126       0               3       0                               0D   2108
     126    2576                                                00010000D   2109
     126       0               5       0                               0D   2110
     126    2581                                                00010000D   2111
     126       0               4       0                               0D   2112
     126    2585                                                00010000D   2113
     126       0               3       0                               0D   2114
     126    2588                                                00010000D   2115
     126       0               5       0                               0D   2116
     126    2593                                                00010000D   2117
     126       0               4       0                               0D   2118
     126    2597                                                00010000D   2119
     126       0               3       0                               0D   2120
     126    2600                                                00010000D   2121
     126       0               4       0                               0D   2122
     126    2604                                                00010000D   2123
     126       0               4       0                               0D   2124
     126    2608                                                00010000D   2125
     126       0               3       0                               0D   2126
     126    2611                                                00010000D   2127
     126       0               4       0                               0D   2128
     126    2615                                                00010000D   2129
     126       0               4       0                               0D   2130
     126    2619                                                00010000D   2131
     126       0               3       0                               0D   2132
     126    2622                                                00010000D   2133
     126       0               5       0                               0D   2134
     126    2627                                                00010000D   2135
     126       0               4       0                               0D   2136
     126    2631                                                00010000D   2137
     126       0               3       0                               0D   2138
     126    2634                                                00010000D   2139
     126       0               5       0                               0D   2140
     126    2639                                                00010000D   2141
     126       0               4       0                               0D   2142
     126    2643                                                00010000D   2143
     126       0               3       0                               0D   2144
     126    2646                                                00010000D   2145
     126       0               4       0                               0D   2146
     126    2650                                                00010000D   2147
     126       0               4       0                               0D   2148
     126    2654                                                00010000D   2149
     126       0               3       0                               0D   2150
     126    2657                                                00010000D   2151
     126       0               4       0                               0D   2152
     126    2661                                                00010000D   2153
     126       0               4       0                               0D   2154
     126    2665                                                00010000D   2155
     126       0               3       0                               0D   2156
     126    2668                                                00010000D   2157
     126       0               5       0                               0D   2158
     126    2673                                                00010000D   2159
     126       0               4       0                               0D   2160
     126    2677                                                00010000D   2161
     126       0               3       0                               0D   2162
     126    2680                                                00010000D   2163
     126       0               5       0                               0D   2164
     126    2685                                                00010000D   2165
     126       0               4       0                               0D   2166
     126    2689                                                00010000D   2167
     126       0               3       0                               0D   2168
     126    2692                                                00010000D   2169
     126       0               5       0                               0D   2170
     126    2697                                                00010000D   2171
     126       0               4       0                               0D   2172
     126    2701                                                00010000D   2173
     126       0               3       0                               0D   2174
     126    2704                                                00010000D   2175
     126       0               4       0                               0D   2176
     126    2708                                                00010000D   2177
     126       0               4       0                               0D   2178
     126    2712                                                00010000D   2179
     126       0               3       0                               0D   2180
     126    2715                                                00010000D   2181
     126       0               4       0                               0D   2182
     126    2719                                                00010000D   2183
     126       0               4       0                               0D   2184
     126    2723                                                00010000D   2185
     126       0               3       0                               0D   2186
     126    2726                                                00010000D   2187
     126       0               4       0                               0D   2188
     126    2730                                                00010000D   2189
     126       0               4       0                               0D   2190
     126    2734                                                00010000D   2191
     126       0               4       0                               0D   2192
     126    2738                                                00010000D   2193
     126       0               3       0                               0D   2194
     126    2741                                                00010000D   2195
     126       0               4       0                               0D   2196
     126    2745                                                00010000D   2197
     126       0               3       0                               0D   2198
     126    2748                                                00010000D   2199
     126       0               5       0                               0D   2200
     126    2753                                                00010000D   2201
     126       0               3       0                               0D   2202
     126    2756                                                00010000D   2203
     126       0               3       0                               0D   2204
     126    2759                                                00010000D   2205
     126       0               5       0                               0D   2206
     126    2764                                                00010000D   2207
     126       0               4       0                               0D   2208
     126    2768                                                00010000D   2209
     126       0               3       0                               0D   2210
     126    2771                                                00010000D   2211
     126       0               4       0                               0D   2212
     126    2775                                                00010000D   2213
     126       0               3       0                               0D   2214
     126    2778                                                00010000D   2215
     126       0               4       0                               0D   2216
     126    2782                                                00010000D   2217
     126       0               3       0                               0D   2218
     126    2785                                                00010000D   2219
     126       0               4       0                               0D   2220
     126    2789                                                00010000D   2221
     126       0               3       0                               0D   2222
     126    2792                                                00010000D   2223
     126       0               4       0                               0D   2224
     126    2796                                                00010000D   2225
     126       0               4       0                               0D   2226
     126    2800                                                00010000D   2227
     126       0               3       0                               0D   2228
     126    2803                                                00010000D   2229
     126       0               5       0                               0D   2230
     126    2808                                                00010000D   2231
     126       0               4       0                               0D   2232
     126    2812                                                00010000D   2233
     126       0               3       0                               0D   2234
     126    2815                                                00010000D   2235
     126       0               5       0                               0D   2236
     126    2820                                                00010000D   2237
     126       0               4       0                               0D   2238
     126    2824                                                00010000D   2239
     126       0               3       0                               0D   2240
     126    2827                                                00010000D   2241
     126       0               2       0                               0D   2242
     126    2829                                                00010000D   2243
     126       0               3       0                               0D   2244
     126    2832                                                00010000D   2245
     126       0               3       0                               0D   2246
     126    2835                                                00010000D   2247
     126       0               2       0                               0D   2248
     126    2837                                                00010000D   2249
     126       0               3       0                               0D   2250
     126    2840                                                00010000D   2251
     126       0               3       0                               0D   2252
     126    2843                                                00010000D   2253
     126       0               3       0                               0D   2254
     128    2846                                                00010000D   2255
     128       0   -2777       6       0                               0D   2256
     128    2852                                                00010000D   2257
     128       0   -2777       6       0                               0D   2258
     128    2858                                                00010000D   2259
     128       0   -2777       6       0                               0D   2260
     128    2864                                                00010000D   2261
     128       0   -2777       6       0                               0D   2262
     128    2870                                                00010000D   2263
     128       0   -2777       6       0                               0D   2264
     128    2876                                                00010000D   2265
     128       0   -2777       8       0                               0D   2266
     128    2884                                                00010000D   2267
     128       0   -2777       6       0                               0D   2268
     128    2890                                                00010000D   2269
     128       0   -2777       6       0                               0D   2270
     128    2896                                                00010000D   2271
     128       0   -2777       6       0                               0D   2272
     128    2902                                                00010000D   2273
     128       0   -2777       6       0                               0D   2274
     128    2908                                                00010000D   2275
     128       0   -2777       6       0                               0D   2276
     128    2914                                                00010000D   2277
     128       0   -2777       6       0                               0D   2278
     128    2920                                                00010000D   2279
     128       0   -2777       6       0                               0D   2280
     128    2926                                                00010000D   2281
     128       0   -2777       6       0                               0D   2282
     128    2932                                                00010000D   2283
     128       0   -2777       6       0                               0D   2284
     128    2938                                                00010000D   2285
     128       0   -2777       6       0                               0D   2286
     128    2944                                                00010000D   2287
     128       0   -2777       7       0                               0D   2288
     128    2951                                                00010000D   2289
     128       0   -2777       6       0                               0D   2290
     128    2957                                                00010000D   2291
     128       0   -2777       7       0                               0D   2292
     128    2964                                                00010000D   2293
     128       0   -2777       6       0                               0D   2294
     128    2970                                                00010000D   2295
     128       0   -2777       6       0                               0D   2296
     128    2976                                                00010000D   2297
     128       0   -2777       6       0                               0D   2298
     128    2982                                                00010000D   2299
     128       0   -2777       6       0                               0D   2300
     128    2988                                                00010000D   2301
     128       0   -2777       6       0                               0D   2302
     128    2994                                                00010000D   2303
     128       0   -2777       6       0                               0D   2304
     128    3000                                                00010000D   2305
     128       0   -2777       6       0                               0D   2306
     128    3006                                                00010000D   2307
     128       0   -2777       6       0                               0D   2308
     128    3012                                                00010000D   2309
     128       0   -2777       6       0                               0D   2310
     128    3018                                                00010000D   2311
     128       0   -2777       6       0                               0D   2312
     128    3024                                                00010000D   2313
     128       0   -2777       6       0                               0D   2314
     128    3030                                                00010000D   2315
     128       0   -2777       6       0                               0D   2316
     128    3036                                                00010000D   2317
     128       0   -2777       6       0                               0D   2318
     128    3042                                                00010000D   2319
     128       0   -2777       6       0                               0D   2320
     128    3048                                                00010000D   2321
     128       0   -2777       6       0                               0D   2322
     128    3054                                                00010000D   2323
     128       0   -2777       6       0                               0D   2324
     128    3060                                                00010000D   2325
     128       0   -2777       6       0                               0D   2326
     128    3066                                                00010000D   2327
     128       0   -2777       6       0                               0D   2328
     128    3072                                                00010000D   2329
     128       0   -2777       6       0                               0D   2330
     128    3078                                                00010000D   2331
     128       0   -2777       8       0                               0D   2332
     128    3086                                                00010000D   2333
     128       0   -2777       6       0                               0D   2334
     128    3092                                                00010000D   2335
     128       0   -2777       6       0                               0D   2336
     128    3098                                                00010000D   2337
     128       0   -2777       6       0                               0D   2338
     128    3104                                                00010000D   2339
     128       0   -2777       6       0                               0D   2340
     128    3110                                                00010000D   2341
     128       0   -2777       8       0                               0D   2342
     128    3118                                                00010000D   2343
     128       0   -2777       6       0                               0D   2344
     128    3124                                                00010000D   2345
     128       0   -2777       6       0                               0D   2346
     128    3130                                                00010000D   2347
     128       0   -2777       6       0                               0D   2348
     128    3136                                                00010000D   2349
     128       0   -2777       6       0                               0D   2350
     128    3142                                                00010000D   2351
     128       0   -2777       8       0                               0D   2352
     128    3150                                                00010000D   2353
     128       0   -2777       6       0                               0D   2354
     128    3156                                                00010000D   2355
     128       0   -2777       5       0                               0D   2356
     128    3161                                                00010000D   2357
     128       0   -2777       5       0                               0D   2358
     128    3166                                                00010000D   2359
     128       0   -2777       7       0                               0D   2360
     128    3173                                                00010000D   2361
     128       0   -2777       7       0                               0D   2362
     128    3180                                                00010000D   2363
     128       0   -2779       6       0                               0D   2364
     128    3186                                                00010000D   2365
     128       0   -2779       3       0                               0D   2366
     128    3189                                                00010000D   2367
     128       0   -2779       3       0                               0D   2368
     128    3192                                                00010000D   2369
     128       0   -2779       6       0                               0D   2370
     128    3198                                                00010000D   2371
     128       0   -2779       6       0                               0D   2372
     128    3204                                                00010000D   2373
     128       0   -2779       3       0                               0D   2374
     128    3207                                                00010000D   2375
     128       0   -2779       6       0                               0D   2376
     128    3213                                                00010000D   2377
     128       0   -2779       6       0                               0D   2378
     128    3219                                                00010000D   2379
     128       0   -2779       6       0                               0D   2380
     128    3225                                                00010000D   2381
     128       0   -2779       6       0                               0D   2382
     128    3231                                                00010000D   2383
     128       0   -2779       6       0                               0D   2384
     128    3237                                                00010000D   2385
     128       0   -2779       8       0                               0D   2386
     128    3245                                                00010000D   2387
     128       0   -2779       6       0                               0D   2388
     128    3251                                                00010000D   2389
     128       0   -2779       6       0                               0D   2390
     128    3257                                                00010000D   2391
     128       0   -2779       6       0                               0D   2392
     128    3263                                                00010000D   2393
     128       0   -2779       6       0                               0D   2394
     128    3269                                                00010000D   2395
     128       0   -2779       8       0                               0D   2396
     128    3277                                                00010000D   2397
     128       0   -2779       6       0                               0D   2398
     128    3283                                                00010000D   2399
     128       0   -2779       6       0                               0D   2400
     128    3289                                                00010000D   2401
     128       0   -2779       6       0                               0D   2402
     128    3295                                                00010000D   2403
     128       0   -2779       6       0                               0D   2404
     128    3301                                                00010000D   2405
     128       0   -2779       8       0                               0D   2406
     128    3309                                                00010000D   2407
     128       0   -2779       6       0                               0D   2408
     128    3315                                                00010000D   2409
     128       0   -2779       6       0                               0D   2410
     128    3321                                                00010000D   2411
     128       0   -2779       6       0                               0D   2412
     128    3327                                                00010000D   2413
     128       0   -2779       6       0                               0D   2414
     128    3333                                                00010000D   2415
     128       0   -2779       8       0                               0D   2416
     128    3341                                                00010000D   2417
     128       0   -2779       6       0                               0D   2418
     128    3347                                                00010000D   2419
     128       0   -2779       6       0                               0D   2420
     128    3353                                                00010000D   2421
     128       0   -2779       6       0                               0D   2422
     128    3359                                                00010000D   2423
     128       0   -2779       6       0                               0D   2424
     128    3365                                                00010000D   2425
     128       0   -2779       8       0                               0D   2426
     128    3373                                                00010000D   2427
     128       0   -2779       6       0                               0D   2428
     128    3379                                                00010000D   2429
     128       0   -2779       6       0                               0D   2430
     128    3385                                                00010000D   2431
     128       0   -2779       6       0                               0D   2432
     128    3391                                                00010000D   2433
     128       0   -2779       6       0                               0D   2434
     128    3397                                                00010000D   2435
     128       0   -2779       8       0                               0D   2436
     128    3405                                                00010000D   2437
     128       0   -2779       6       0                               0D   2438
     128    3411                                                00010000D   2439
     128       0   -2779       6       0                               0D   2440
     128    3417                                                00010000D   2441
     128       0   -2779       6       0                               0D   2442
     128    3423                                                00010000D   2443
     128       0   -2779       6       0                               0D   2444
     128    3429                                                00010000D   2445
     128       0   -2779       8       0                               0D   2446
     128    3437                                                00010000D   2447
     128       0   -2779       6       0                               0D   2448
     128    3443                                                00010000D   2449
     128       0   -2779       6       0                               0D   2450
     128    3449                                                00010000D   2451
     128       0   -2779       6       0                               0D   2452
     128    3455                                                00010000D   2453
     128       0   -2779       6       0                               0D   2454
     128    3461                                                00010000D   2455
     128       0   -2779       8       0                               0D   2456
     128    3469                                                00010000D   2457
     128       0   -2779       6       0                               0D   2458
     128    3475                                                00010000D   2459
     128       0   -2779       6       0                               0D   2460
     128    3481                                                00010000D   2461
     128       0   -2779       6       0                               0D   2462
     128    3487                                                00010000D   2463
     128       0   -2779       6       0                               0D   2464
     128    3493                                                00010000D   2465
     128       0   -2779       8       0                               0D   2466
     128    3501                                                00010000D   2467
     128       0   -2779       6       0                               0D   2468
     128    3507                                                00010000D   2469
     128       0   -2779       6       0                               0D   2470
     128    3513                                                00010000D   2471
     128       0   -2779       6       0                               0D   2472
     128    3519                                                00010000D   2473
     128       0   -2779       6       0                               0D   2474
     128    3525                                                00010000D   2475
     128       0   -2779       8       0                               0D   2476
     128    3533                                                00010000D   2477
     128       0   -2779       6       0                               0D   2478
     128    3539                                                00010000D   2479
     128       0   -2779       6       0                               0D   2480
     128    3545                                                00010000D   2481
     128       0   -2779       6       0                               0D   2482
     128    3551                                                00010000D   2483
     128       0   -2779       6       0                               0D   2484
     128    3557                                                00010000D   2485
     128       0   -2779       8       0                               0D   2486
     128    3565                                                00010000D   2487
     128       0   -2779       6       0                               0D   2488
     128    3571                                                00010000D   2489
     128       0   -2779       6       0                               0D   2490
     128    3577                                                00010000D   2491
     128       0   -2779       6       0                               0D   2492
     128    3583                                                00010000D   2493
     128       0   -2779       6       0                               0D   2494
     128    3589                                                00010000D   2495
     128       0   -2779       8       0                               0D   2496
     128    3597                                                00010000D   2497
     128       0   -2779       6       0                               0D   2498
     128    3603                                                00010000D   2499
     128       0   -2779       6       0                               0D   2500
     128    3609                                                00010000D   2501
     128       0   -2779       6       0                               0D   2502
     128    3615                                                00010000D   2503
     128       0   -2779       6       0                               0D   2504
     128    3621                                                00010000D   2505
     128       0   -2779       8       0                               0D   2506
     128    3629                                                00010000D   2507
     128       0   -2779       6       0                               0D   2508
     128    3635                                                00010000D   2509
     128       0   -2779       6       0                               0D   2510
     128    3641                                                00010000D   2511
     128       0   -2779       6       0                               0D   2512
     128    3647                                                00010000D   2513
     128       0   -2779       6       0                               0D   2514
     128    3653                                                00010000D   2515
     128       0   -2779       8       0                               0D   2516
     128    3661                                                00010000D   2517
     128       0   -2779       6       0                               0D   2518
     128    3667                                                00010000D   2519
     128       0   -2779       6       0                               0D   2520
     128    3673                                                00010000D   2521
     128       0   -2779       6       0                               0D   2522
     128    3679                                                00010000D   2523
     128       0   -2779       6       0                               0D   2524
     128    3685                                                00010000D   2525
     128       0   -2779       8       0                               0D   2526
     128    3693                                                00010000D   2527
     128       0   -2779       6       0                               0D   2528
     128    3699                                                00010000D   2529
     128       0   -2779       6       0                               0D   2530
     128    3705                                                00010000D   2531
     128       0   -2779       6       0                               0D   2532
     128    3711                                                00010000D   2533
     128       0   -2779       6       0                               0D   2534
     128    3717                                                00010000D   2535
     128       0   -2779       7       0                               0D   2536
     128    3724                                                00010000D   2537
     128       0   -2779       6       0                               0D   2538
     128    3730                                                00010000D   2539
     128       0   -2779       6       0                               0D   2540
     128    3736                                                00010000D   2541
     128       0   -2779       6       0                               0D   2542
     128    3742                                                00010000D   2543
     128       0   -2779       6       0                               0D   2544
     128    3748                                                00010000D   2545
     128       0   -2779       8       0                               0D   2546
     128    3756                                                00010000D   2547
     128       0   -2781      22       0                               0D   2548
     128    3778                                                00010000D   2549
     128       0   -2781       8       0                               0D   2550
     128    3786                                                00010000D   2551
     128       0   -2779       3       0                               0D   2552
     128    3789                                                00010000D   2553
     128       0   -2779       3       0                               0D   2554
     128    3792                                                00010000D   2555
     128       0   -2779       3       0                               0D   2556
     128    3795                                                00010000D   2557
     128       0   -2777       7       0                               0D   2558
     128    3802                                                00010000D   2559
     128       0   -2777       4       0                               0D   2560
     128    3806                                                00010000D   2561
     128       0   -2777       3       0                               0D   2562
     128    3809                                                00010000D   2563
     128       0   -2777       6       0                               0D   2564
     128    3815                                                00010000D   2565
     128       0   -2777       4       0                               0D   2566
     128    3819                                                00010000D   2567
     128       0   -2777       6       0                               0D   2568
     128    3825                                                00010000D   2569
     128       0   -2777       4       0                               0D   2570
     128    3829                                                00010000D   2571
     128       0   -2777       6       0                               0D   2572
     128    3835                                                00010000D   2573
     128       0   -2777       5       0                               0D   2574
     128    3840                                                00010000D   2575
     128       0   -2777       3       0                               0D   2576
     128    3843                                                00010000D   2577
     128       0   -2783       6       0                               0D   2578
     128    3849                                                00010000D   2579
     128       0   -2783       6       0                               0D   2580
     128    3855                                                00010000D   2581
     128       0   -2783       6       0                               0D   2582
     128    3861                                                00010000D   2583
     128       0   -2783       6       0                               0D   2584
     128    3867                                                00010000D   2585
     128       0   -2783       8       0                               0D   2586
     128    3875                                                00010000D   2587
     128       0   -2783       8       0                               0D   2588
     128    3883                                                00010000D   2589
     128       0   -2777       9       0                               0D   2590
     128    3892                                                00010000D   2591
     128       0   -2777       9       0                               0D   2592
     128    3901                                                00010000D   2593
     128       0   -2777       9       0                               0D   2594
     128    3910                                                00010000D   2595
     128       0   -2777      10       0                               0D   2596
     128    3920                                                00010000D   2597
     128       0   -2777       9       0                               0D   2598
     128    3929                                                00010000D   2599
     128       0   -2777      10       0                               0D   2600
     128    3939                                                00010000D   2601
     128       0   -2777       9       0                               0D   2602
     128    3948                                                00010000D   2603
     128       0   -2777      11       0                               0D   2604
     128    3959                                                00010000D   2605
     128       0   -2777      10       0                               0D   2606
     128    3969                                                00010000D   2607
     128       0   -2777      10       0                               0D   2608
     128    3979                                                00010000D   2609
     128       0   -2777       6       0                               0D   2610
     128    3985                                                00010000D   2611
     128       0   -2777       9       0                               0D   2612
     128    3994                                                00010000D   2613
     128       0   -2777       6       0                               0D   2614
     128    4000                                                00010000D   2615
     128       0   -2777       9       0                               0D   2616
     128    4009                                                00010000D   2617
     128       0   -2777       7       0                               0D   2618
     128    4016                                                00010000D   2619
     128       0   -2777       8       0                               0D   2620
     128    4024                                                00010000D   2621
     128       0   -2777       9       0                               0D   2622
     128    4033                                                00010000D   2623
     128       0   -2777       6       0                               0D   2624
     128    4039                                                00010000D   2625
     128       0   -2777       9       0                               0D   2626
     128    4048                                                00010000D   2627
     128       0   -2777       8       0                               0D   2628
     128    4056                                                00010000D   2629
     128       0   -2777       9       0                               0D   2630
     128    4065                                                00010000D   2631
     128       0   -2777       6       0                               0D   2632
     128    4071                                                00010000D   2633
     128       0   -2777       6       0                               0D   2634
     128    4077                                                00010000D   2635
     128       0   -2777       6       0                               0D   2636
     128    4083                                                00010000D   2637
     128       0   -2777       6       0                               0D   2638
     128    4089                                                00010000D   2639
     128       0   -2777       6       0                               0D   2640
     128    4095                                                00010000D   2641
     128       0   -2777       6       0                               0D   2642
     128    4101                                                00010000D   2643
     128       0   -2777       8       0                               0D   2644
     128    4109                                                00010000D   2645
     128       0   -2777       6       0                               0D   2646
     128    4115                                                00010000D   2647
     128       0   -2777       6       0                               0D   2648
     128    4121                                                00010000D   2649
     128       0   -2777       6       0                               0D   2650
     128    4127                                                00010000D   2651
     128       0   -2777       6       0                               0D   2652
     128    4133                                                00010000D   2653
     128       0   -2777       6       0                               0D   2654
     128    4139                                                00010000D   2655
     128       0   -2777       6       0                               0D   2656
     128    4145                                                00010000D   2657
     128       0   -2777       6       0                               0D   2658
     128    4151                                                00010000D   2659
     128       0   -2777       6       0                               0D   2660
     128    4157                                                00010000D   2661
     128       0   -2777       6       0                               0D   2662
     128    4163                                                00010000D   2663
     128       0   -2777       6       0                               0D   2664
     128    4169                                                00010000D   2665
     128       0   -2777       6       0                               0D   2666
     128    4175                                                00010000D   2667
     128       0   -2777       6       0                               0D   2668
     128    4181                                                00010000D   2669
     128       0   -2777       7       0                               0D   2670
     128    4188                                                00010000D   2671
     128       0   -2777       6       0                               0D   2672
     128    4194                                                00010000D   2673
     128       0   -2777       6       0                               0D   2674
     128    4200                                                00010000D   2675
     128       0   -2777       6       0                               0D   2676
     128    4206                                                00010000D   2677
     128       0   -2777       6       0                               0D   2678
     128    4212                                                00010000D   2679
     128       0   -2777       6       0                               0D   2680
     128    4218                                                00010000D   2681
     128       0   -2777       6       0                               0D   2682
     128    4224                                                00010000D   2683
     128       0   -2777       6       0                               0D   2684
     128    4230                                                00010000D   2685
     128       0   -2777       6       0                               0D   2686
     128    4236                                                00010000D   2687
     128       0   -2777       6       0                               0D   2688
     128    4242                                                00010000D   2689
     128       0   -2777       6       0                               0D   2690
     128    4248                                                00010000D   2691
     128       0   -2777       6       0                               0D   2692
     128    4254                                                00010000D   2693
     128       0   -2777       6       0                               0D   2694
     128    4260                                                00010000D   2695
     128       0   -2777       6       0                               0D   2696
     128    4266                                                00010000D   2697
     128       0   -2777       6       0                               0D   2698
     128    4272                                                00010000D   2699
     128       0   -2777       6       0                               0D   2700
     128    4278                                                00010000D   2701
     128       0   -2777       6       0                               0D   2702
     128    4284                                                00010000D   2703
     128       0   -2777       6       0                               0D   2704
     128    4290                                                00010000D   2705
     128       0   -2777       6       0                               0D   2706
     128    4296                                                00010000D   2707
     128       0   -2777       6       0                               0D   2708
     128    4302                                                00010000D   2709
     128       0   -2777       8       0                               0D   2710
     128    4310                                                00010000D   2711
     128       0   -2777       6       0                               0D   2712
     128    4316                                                00010000D   2713
     128       0   -2777       6       0                               0D   2714
     128    4322                                                00010000D   2715
     128       0   -2777       6       0                               0D   2716
     128    4328                                                00010000D   2717
     128       0   -2777       6       0                               0D   2718
     128    4334                                                00010000D   2719
     128       0   -2777       8       0                               0D   2720
     128    4342                                                00010000D   2721
     128       0   -2777       6       0                               0D   2722
     128    4348                                                00010000D   2723
     128       0   -2777       6       0                               0D   2724
     128    4354                                                00010000D   2725
     128       0   -2777       6       0                               0D   2726
     128    4360                                                00010000D   2727
     128       0   -2777       6       0                               0D   2728
     128    4366                                                00010000D   2729
     128       0   -2777       8       0                               0D   2730
     128    4374                                                00010000D   2731
     128       0   -2777       5       0                               0D   2732
     128    4379                                                00010000D   2733
     128       0   -2777       5       0                               0D   2734
     128    4384                                                00010000D   2735
     128       0   -2777       5       0                               0D   2736
     128    4389                                                00010000D   2737
     128       0   -2777       7       0                               0D   2738
     128    4396                                                00010000D   2739
     128       0   -2777       7       0                               0D   2740
     502    4403                                                00010000D   2741
     502                      67       1                               0D   2742
     502    4470                                                00010000D   2743
     502                     101       1                               0D   2744
     502    4571                                                00010000D   2745
     502                       5       1                               0D   2746
     502    4576                                                00010000D   2747
     502                       6       1                               0D   2748
     502    4582                                                00010000D   2749
     502                      20       1                               0D   2750
     502    4602                                                00010000D   2751
     502                      64       1                               0D   2752
     504    4666                                                00010001D   2753
     504                      48       1                               0D   2754
     504    4714                                                00010001D   2755
     504                      80       1                               0D   2756
     504    4794                                                00010001D   2757
     504                       8       1                               0D   2758
     504    4802                                                00010001D   2759
     504                       4       1                               0D   2760
     504    4806                                                00010001D   2761
     504                      16       1                               0D   2762
     504    4822                                                00010001D   2763
     504                      48       1                               0D   2764
     406    4870                                                00000000D   2765
     406                       1      15                               0D   2766
     406    4871                                                00000000D   2767
     406                       1      15                               0D   2768
     406    4872                                                00000000D   2769
     406                       1      15                               0D   2770
     406    4873                                                00000000D   2771
     406                       1      15                               0D   2772
     406    4874                                                00000000D   2773
     406                       1      15                               0D   2774
     406    4875                                                00000000D   2775
     406                       1      15                               0D   2776
     314    4876                                                00000200D   2777
     314                       2       0                               0D   2778
     314    4878                                                00000200D   2779
     314                       2       0                               0D   2780
     314    4880                                                00000200D   2781
     314                       2       0                               0D   2782
     314    4882                                                00000200D   2783
     314                       2       0                               0D   2784
     314    4884                                                00000200D   2785
     314                       2       0                               0D   2786
186,13,1,0,0,1,2765;                                                   1P      1
186,15,1,0,0,1,2767;                                                   3P      2
186,17,1,0,0,1,2769;                                                   5P      3
186,19,1,0,0,1,2771;                                                   7P      4
186,21,1,0,0,1,2773;                                                   9P      5
186,23,1,0,0,1,2775;                                                  11P      6
514,54,25,1,27,1,29,1,31,1,33,1,35,1,37,1,39,1,41,1,43,1,45,1,        13P      7
47,1,49,1,51,1,53,1,55,1,57,1,59,1,61,1,63,1,65,1,67,1,69,1,71,       13P      8
1,73,1,75,1,77,1,79,1,81,1,83,1,85,1,87,1,89,1,91,1,93,1,95,1,        13P      9
97,1,99,1,101,1,103,1,105,1,107,1,109,1,111,1,113,1,115,1,117,1,      13P     10
119,1,121,1,123,1,125,1,127,1,129,1,131,1;                            13P     11
514,97,133,1,135,1,137,1,139,1,141,1,143,1,145,1,147,1,149,1,         15P     12
151,1,153,1,155,1,157,1,159,1,161,1,163,1,165,1,167,1,169,1,171,      15P     13
1,173,1,175,1,177,1,179,1,181,1,183,1,185,1,187,1,189,1,191,1,        15P     14
193,1,195,1,197,1,199,1,201,1,203,1,205,1,207,1,209,1,211,1,213,      15P     15
1,215,1,217,1,219,1,221,1,223,1,225,1,227,1,229,1,231,1,233,1,        15P     16
235,1,237,1,239,1,241,1,243,1,245,1,247,1,249,1,251,1,253,1,255,      15P     17
1,257,1,259,1,261,1,263,1,265,1,267,1,269,1,271,1,273,1,275,1,        15P     18
277,1,279,1,281,1,283,1,285,1,287,1,289,1,291,1,293,1,295,1,297,      15P     19
1,299,1,301,1,303,1,305,1,307,1,309,1,311,1,313,1,315,1,317,1,        15P     20
319,1,321,1,323,1,325,1;                                              15P     21
514,10,327,1,329,1,331,1,333,1,335,1,337,1,339,1,341,1,343,1,         17P     22
345,1;                                                                17P     23
514,6,347,1,349,1,351,1,353,1,355,1,357,1;                            19P     24
514,22,359,1,361,1,363,1,365,1,367,1,369,1,371,1,373,1,375,1,         21P     25
377,1,379,1,381,1,383,1,385,1,387,1,389,1,391,1,393,1,395,1,397,      21P     26
1,399,1,401,1;                                                        21P     27
514,54,403,1,405,1,407,1,409,1,411,1,413,1,415,1,417,1,419,1,         23P     28
421,1,423,1,425,1,427,1,429,1,431,1,433,1,435,1,437,1,439,1,441,      23P     29
1,443,1,445,1,447,1,449,1,451,1,453,1,455,1,457,1,459,1,461,1,        23P     30
463,1,465,1,467,1,469,1,471,1,473,1,475,1,477,1,479,1,481,1,483,      23P     31
1,485,1,487,1,489,1,491,1,493,1,495,1,497,1,499,1,501,1,503,1,        23P     32
505,1,507,1,509,1;                                                    23P     33
510,2255,1,1,511;                                                     25P     34
510,2257,1,1,513;                                                     27P     35
510,2259,1,1,515;                                                     29P     36
510,2261,1,1,517;                                                     31P     37
510,2263,1,1,519;                                                     33P     38
510,2265,1,1,521;                                                     35P     39
510,2267,1,1,523;                                                     37P     40
510,2269,1,1,525;                                                     39P     41
510,2271,1,1,527;                                                     41P     42
510,2273,1,1,529;                                                     43P     43
510,2275,1,1,531;                                                     45P     44
510,2277,1,1,533;                                                     47P     45
510,2279,1,1,535;                                                     49P     46
510,2281,1,1,537;                                                     51P     47
510,2283,1,1,539;                                                     53P     48
510,2285,1,1,541;                                                     55P     49
510,2287,1,1,543;                                                     57P     50
510,2289,1,1,545;                                                     59P     51
510,2291,1,1,547;                                                     61P     52
510,2293,1,1,549;                                                     63P     53
510,2295,1,1,551;                                                     65P     54
510,2297,1,1,553;                                                     67P     55
510,2299,1,1,555;                                                     69P     56
510,2301,1,1,557;                                                     71P     57
510,2303,1,1,559;                                                     73P     58
510,2305,1,1,561;                                                     75P     59
510,2307,1,1,563;                                                     77P     60
510,2309,1,1,565;                                                     79P     61
510,2311,1,1,567;                                                     81P     62
510,2313,1,1,569;                                                     83P     63
510,2315,1,1,571;                                                     85P     64
510,2317,1,1,573;                                                     87P     65
510,2319,1,1,575;                                                     89P     66
510,2321,1,1,577;                                                     91P     67
510,2323,1,1,579;                                                     93P     68
510,2325,1,1,581;                                                     95P     69
510,2327,1,1,583;                                                     97P     70
510,2329,1,1,585;                                                     99P     71
510,2331,1,1,587;                                                    101P     72
510,2333,1,1,589;                                                    103P     73
510,2335,1,1,591;                                                    105P     74
510,2337,1,1,593;                                                    107P     75
510,2339,1,1,595;                                                    109P     76
510,2341,1,1,597;                                                    111P     77
510,2343,1,1,599;                                                    113P     78
510,2345,1,1,601;                                                    115P     79
510,2347,1,1,603;                                                    117P     80
510,2349,1,1,605;                                                    119P     81
510,2351,1,1,607;                                                    121P     82
510,2353,1,1,609;                                                    123P     83
510,2355,1,1,611;                                                    125P     84
510,2357,1,1,613;                                                    127P     85
510,2359,5,1,615,617,619,621,623;                                    129P     86
510,2361,1,1,625;                                                    131P     87
510,2363,1,1,627;                                                    133P     88
510,2365,1,1,629;                                                    135P     89
510,2367,1,1,631;                                                    137P     90
510,2369,1,1,633;                                                    139P     91
510,2371,1,1,635;                                                    141P     92
510,2373,1,1,637;                                                    143P     93
510,2375,1,1,639;                                                    145P     94
510,2377,1,1,641;                                                    147P     95
510,2379,1,1,643;                                                    149P     96
510,2381,1,1,645;                                                    151P     97
510,2383,1,1,647;                                                    153P     98
510,2385,1,1,649;                                                    155P     99
510,2387,1,1,651;                                                    157P    100
510,2389,1,1,653;                                                    159P    101
510,2391,1,1,655;                                                    161P    102
510,2393,1,1,657;                                                    163P    103
510,2395,1,1,659;                                                    165P    104
510,2397,1,1,661;                                                    167P    105
510,2399,1,1,663;                                                    169P    106
510,2401,1,1,665;                                                    171P    107
510,2403,1,1,667;                                                    173P    108
510,2405,1,1,669;                                                    175P    109
510,2407,1,1,671;                                                    177P    110
510,2409,1,1,673;                                                    179P    111
510,2411,1,1,675;                                                    181P    112
510,2413,1,1,677;                                                    183P    113
510,2415,1,1,679;                                                    185P    114
510,2417,1,1,681;                                                    187P    115
510,2419,1,1,683;                                                    189P    116
510,2421,1,1,685;                                                    191P    117
510,2423,1,1,687;                                                    193P    118
510,2425,1,1,689;                                                    195P    119
510,2427,1,1,691;                                                    197P    120
510,2429,1,1,693;                                                    199P    121
510,2431,1,1,695;                                                    201P    122
510,2433,1,1,697;                                                    203P    123
510,2435,1,1,699;                                                    205P    124
510,2437,1,1,701;                                                    207P    125
510,2439,1,1,703;                                                    209P    126
510,2441,1,1,705;                                                    211P    127
510,2443,1,1,707;                                                    213P    128
510,2445,1,1,709;                                                    215P    129
510,2447,1,1,711;                                                    217P    130
510,2449,1,1,713;                                                    219P    131
510,2451,1,1,715;                                                    221P    132
510,2453,1,1,717;                                                    223P    133
510,2455,1,1,719;                                                    225P    134
510,2457,1,1,721;                                                    227P    135
510,2459,1,1,723;                                                    229P    136
510,2461,1,1,725;                                                    231P    137
510,2463,1,1,727;                                                    233P    138
510,2465,1,1,729;                                                    235P    139
510,2467,1,1,731;                                                    237P    140
510,2469,1,1,733;                                                    239P    141
510,2471,1,1,735;                                                    241P    142
510,2473,1,1,737;                                                    243P    143
510,2475,1,1,739;                                                    245P    144
510,2477,1,1,741;                                                    247P    145
510,2479,1,1,743;                                                    249P    146
510,2481,1,1,745;                                                    251P    147
510,2483,1,1,747;                                                    253P    148
510,2485,1,1,749;                                                    255P    149
510,2487,1,1,751;                                                    257P    150
510,2489,1,1,753;                                                    259P    151
510,2491,1,1,755;                                                    261P    152
510,2493,1,1,757;                                                    263P    153
510,2495,1,1,759;                                                    265P    154
510,2497,1,1,761;                                                    267P    155
510,2499,1,1,763;                                                    269P    156
510,2501,1,1,765;                                                    271P    157
510,2503,1,1,767;                                                    273P    158
510,2505,1,1,769;                                                    275P    159
510,2507,1,1,771;                                                    277P    160
510,2509,1,1,773;                                                    279P    161
510,2511,1,1,775;                                                    281P    162
510,2513,1,1,777;                                                    283P    163
510,2515,1,1,779;                                                    285P    164
510,2517,1,1,781;                                                    287P    165
510,2519,1,1,783;                                                    289P    166
510,2521,1,1,785;                                                    291P    167
510,2523,1,1,787;                                                    293P    168
510,2525,1,1,789;                                                    295P    169
510,2527,1,1,791;                                                    297P    170
510,2529,1,1,793;                                                    299P    171
510,2531,1,1,795;                                                    301P    172
510,2533,1,1,797;                                                    303P    173
510,2535,1,1,799;                                                    305P    174
510,2537,1,1,801;                                                    307P    175
510,2539,1,1,803;                                                    309P    176
510,2541,1,1,805;                                                    311P    177
510,2543,1,1,807;                                                    313P    178
510,2545,1,1,809;                                                    315P    179
510,2547,1,1,811;                                                    317P    180
510,2549,1,1,813;                                                    319P    181
510,2551,1,1,815;                                                    321P    182
510,2553,1,1,817;                                                    323P    183
510,2555,19,1,819,821,823,825,827,829,831,833,835,837,839,841,       325P    184
843,845,847,849,851,853,855;                                         325P    185
510,2557,1,1,857;                                                    327P    186
510,2559,1,1,859;                                                    329P    187
510,2561,1,1,861;                                                    331P    188
510,2563,1,1,863;                                                    333P    189
510,2565,1,1,865;                                                    335P    190
510,2567,1,1,867;                                                    337P    191
510,2569,1,1,869;                                                    339P    192
510,2571,1,1,871;                                                    341P    193
510,2573,1,1,873;                                                    343P    194
510,2575,1,1,875;                                                    345P    195
510,2577,1,1,877;                                                    347P    196
510,2579,1,1,879;                                                    349P    197
510,2581,1,1,881;                                                    351P    198
510,2583,1,1,883;                                                    353P    199
510,2585,1,1,885;                                                    355P    200
510,2587,1,1,887;                                                    357P    201
510,2589,1,1,889;                                                    359P    202
510,2591,1,1,891;                                                    361P    203
510,2593,1,1,893;                                                    363P    204
510,2595,1,1,895;                                                    365P    205
510,2597,1,1,897;                                                    367P    206
510,2599,1,1,899;                                                    369P    207
510,2601,1,1,901;                                                    371P    208
510,2603,1,1,903;                                                    373P    209
510,2605,1,1,905;                                                    375P    210
510,2607,1,1,907;                                                    377P    211
510,2609,1,1,909;                                                    379P    212
510,2611,1,1,911;                                                    381P    213
510,2613,1,1,913;                                                    383P    214
510,2615,1,1,915;                                                    385P    215
510,2617,1,1,917;                                                    387P    216
510,2619,1,1,919;                                                    389P    217
510,2621,1,1,921;                                                    391P    218
510,2623,1,1,923;                                                    393P    219
510,2625,1,1,925;                                                    395P    220
510,2627,1,1,927;                                                    397P    221
510,2629,1,1,929;                                                    399P    222
510,2631,1,1,931;                                                    401P    223
510,2633,1,1,933;                                                    403P    224
510,2635,1,1,935;                                                    405P    225
510,2637,1,1,937;                                                    407P    226
510,2639,1,1,939;                                                    409P    227
510,2641,1,1,941;                                                    411P    228
510,2643,1,1,943;                                                    413P    229
510,2645,1,1,945;                                                    415P    230
510,2647,1,1,947;                                                    417P    231
510,2649,1,1,949;                                                    419P    232
510,2651,1,1,951;                                                    421P    233
510,2653,1,1,953;                                                    423P    234
510,2655,1,1,955;                                                    425P    235
510,2657,1,1,957;                                                    427P    236
510,2659,1,1,959;                                                    429P    237
510,2661,1,1,961;                                                    431P    238
510,2663,1,1,963;                                                    433P    239
510,2665,1,1,965;                                                    435P    240
510,2667,1,1,967;                                                    437P    241
510,2669,1,1,969;                                                    439P    242
510,2671,1,1,971;                                                    441P    243
510,2673,1,1,973;                                                    443P    244
510,2675,1,1,975;                                                    445P    245
510,2677,1,1,977;                                                    447P    246
510,2679,1,1,979;                                                    449P    247
510,2681,1,1,981;                                                    451P    248
510,2683,1,1,983;                                                    453P    249
510,2685,1,1,985;                                                    455P    250
510,2687,1,1,987;                                                    457P    251
510,2689,1,1,989;                                                    459P    252
510,2691,1,1,991;                                                    461P    253
510,2693,1,1,993;                                                    463P    254
510,2695,1,1,995;                                                    465P    255
510,2697,1,1,997;                                                    467P    256
510,2699,1,1,999;                                                    469P    257
510,2701,1,1,1001;                                                   471P    258
510,2703,1,1,1003;                                                   473P    259
510,2705,1,1,1005;                                                   475P    260
510,2707,1,1,1007;                                                   477P    261
510,2709,1,1,1009;                                                   479P    262
510,2711,1,1,1011;                                                   481P    263
510,2713,1,1,1013;                                                   483P    264
510,2715,1,1,1015;                                                   485P    265
510,2717,1,1,1017;                                                   487P    266
510,2719,1,1,1019;                                                   489P    267
510,2721,1,1,1021;                                                   491P    268
510,2723,1,1,1023;                                                   493P    269
510,2725,1,1,1025;                                                   495P    270
510,2727,1,1,1027;                                                   497P    271
510,2729,1,1,1029;                                                   499P    272
510,2731,1,1,1031;                                                   501P    273
510,2733,1,1,1033;                                                   503P    274
510,2735,1,1,1035;                                                   505P    275
510,2737,5,1,1037,1039,1041,1043,1045;                               507P    276
510,2739,1,1,1047;                                                   509P    277
508,4,0,2753,1,1,0,0,2753,2,1,0,0,2753,3,1,0,0,2753,4,1,0;           511P    278
508,4,0,2753,5,0,0,0,2753,6,1,0,0,2753,7,1,0,0,2753,8,0,0;           513P    279
508,4,0,2753,9,0,0,0,2753,10,1,0,0,2753,11,1,0,0,2753,6,0,0;         515P    280
508,4,0,2753,12,0,0,0,2753,13,1,0,0,2753,14,1,0,0,2753,10,0,0;       517P    281
508,4,0,2753,15,0,0,0,2753,8,1,0,0,2753,16,1,0,0,2753,13,0,0;        519P    282
508,4,0,2753,16,0,0,0,2753,7,0,0,0,2753,11,0,0,0,2753,14,0,0;        521P    283
508,4,0,2753,17,0,0,0,2753,18,1,0,0,2753,19,1,0,0,2753,20,0,0;       523P    284
508,4,0,2753,21,0,0,0,2753,22,1,0,0,2753,23,1,0,0,2753,18,0,0;       525P    285
508,4,0,2753,24,0,0,0,2753,25,1,0,0,2753,26,1,0,0,2753,22,0,0;       527P    286
508,4,0,2753,27,0,0,0,2753,28,1,0,0,2753,29,1,0,0,2753,25,0,0;       529P    287
508,4,0,2753,30,0,0,0,2753,31,1,0,0,2753,32,1,0,0,2753,28,0,0;       531P    288
508,4,0,2753,33,0,0,0,2753,34,1,0,0,2753,35,1,0,0,2753,31,0,0;       533P    289
508,4,0,2753,36,0,0,0,2753,37,1,0,0,2753,38,1,0,0,2753,34,0,0;       535P    290
508,4,0,2753,39,0,0,0,2753,40,1,0,0,2753,41,1,0,0,2753,37,0,0;       537P    291
508,4,0,2753,42,0,0,0,2753,43,1,0,0,2753,44,1,0,0,2753,40,0,0;       539P    292
508,4,0,2753,45,0,0,0,2753,46,1,0,0,2753,47,1,0,0,2753,43,0,0;       541P    293
508,4,0,2753,48,0,0,0,2753,49,1,0,0,2753,50,1,0,0,2753,46,0,0;       543P    294
508,4,0,2753,51,0,0,0,2753,52,1,0,0,2753,53,1,0,0,2753,49,0,0;       545P    295
508,4,0,2753,54,0,0,0,2753,55,1,0,0,2753,56,1,0,0,2753,52,0,0;       547P    296
508,4,0,2753,57,0,0,0,2753,58,1,0,0,2753,59,1,0,0,2753,55,0,0;       549P    297
508,4,0,2753,60,0,0,0,2753,61,1,0,0,2753,62,1,0,0,2753,58,0,0;       551P    298
508,4,0,2753,63,0,0,0,2753,64,1,0,0,2753,65,1,0,0,2753,61,0,0;       553P    299
508,4,0,2753,66,0,0,0,2753,67,1,0,0,2753,68,1,0,0,2753,64,0,0;       555P    300
508,4,0,2753,69,0,0,0,2753,70,1,0,0,2753,71,1,0,0,2753,67,0,0;       557P    301
508,4,0,2753,72,0,0,0,2753,73,1,0,0,2753,74,1,0,0,2753,70,0,0;       559P    302
508,4,0,2753,75,0,0,0,2753,76,1,0,0,2753,77,1,0,0,2753,73,0,0;       561P    303
508,4,0,2753,78,0,0,0,2753,79,1,0,0,2753,80,1,0,0,2753,76,0,0;       563P    304
508,4,0,2753,81,0,0,0,2753,82,1,0,0,2753,83,1,0,0,2753,79,0,0;       565P    305
508,4,0,2753,84,0,0,0,2753,85,1,0,0,2753,86,1,0,0,2753,82,0,0;       567P    306
508,4,0,2753,87,0,0,0,2753,88,1,0,0,2753,89,1,0,0,2753,85,0,0;       569P    307
508,4,0,2753,90,0,0,0,2753,91,1,0,0,2753,92,1,0,0,2753,88,0,0;       571P    308
508,4,0,2753,93,0,0,0,2753,94,1,0,0,2753,95,1,0,0,2753,91,0,0;       573P    309
508,4,0,2753,96,0,0,0,2753,97,1,0,0,2753,98,1,0,0,2753,94,0,0;       575P    310
508,4,0,2753,99,0,0,0,2753,100,1,0,0,2753,101,1,0,0,2753,97,0,0;     577P    311
508,4,0,2753,102,0,0,0,2753,103,1,0,0,2753,104,1,0,0,2753,100,0,     579P    312
0;                                                                   579P    313
508,4,0,2753,105,0,0,0,2753,106,1,0,0,2753,107,1,0,0,2753,103,0,     581P    314
0;                                                                   581P    315
508,4,0,2753,108,0,0,0,2753,109,1,0,0,2753,110,1,0,0,2753,106,0,     583P    316
0;                                                                   583P    317
508,4,0,2753,111,0,0,0,2753,20,1,0,0,2753,112,1,0,0,2753,109,0,      585P    318
0;                                                                   585P    319
508,32,0,2753,112,0,0,0,2753,19,0,0,0,2753,23,0,0,0,2753,26,0,0,     587P    320
0,2753,29,0,0,0,2753,32,0,0,0,2753,35,0,0,0,2753,38,0,0,0,2753,      587P    321
41,0,0,0,2753,44,0,0,0,2753,47,0,0,0,2753,50,0,0,0,2753,53,0,0,      587P    322
0,2753,56,0,0,0,2753,59,0,0,0,2753,62,0,0,0,2753,65,0,0,0,2753,      587P    323
68,0,0,0,2753,71,0,0,0,2753,74,0,0,0,2753,77,0,0,0,2753,80,0,0,      587P    324
0,2753,83,0,0,0,2753,86,0,0,0,2753,89,0,0,0,2753,92,0,0,0,2753,      587P    325
95,0,0,0,2753,98,0,0,0,2753,101,0,0,0,2753,104,0,0,0,2753,107,0,     587P    326
0,0,2753,110,0,0;                                                    587P    327
508,4,0,2753,113,0,0,0,2753,114,1,0,0,2753,115,1,0,0,2753,116,0,     589P    328
0;                                                                   589P    329
508,4,0,2753,117,0,0,0,2753,118,1,0,0,2753,119,1,0,0,2753,114,0,     591P    330
0;                                                                   591P    331
508,4,0,2753,120,0,0,0,2753,121,1,0,0,2753,122,1,0,0,2753,118,0,     593P    332
0;                                                                   593P    333
508,4,0,2753,123,0,0,0,2753,116,1,0,0,2753,124,1,0,0,2753,121,0,     595P    334
0;                                                                   595P    335
508,4,0,2753,124,0,0,0,2753,115,0,0,0,2753,119,0,0,0,2753,122,0,     597P    336
0;                                                                   597P    337
508,4,0,2753,125,0,0,0,2753,126,1,0,0,2753,127,1,0,0,2753,128,0,     599P    338
0;                                                                   599P    339
508,4,0,2753,129,0,0,0,2753,130,1,0,0,2753,131,1,0,0,2753,126,0,     601P    340
0;                                                                   601P    341
508,4,0,2753,132,0,0,0,2753,133,1,0,0,2753,134,1,0,0,2753,130,0,     603P    342
0;                                                                   603P    343
508,4,0,2753,135,0,0,0,2753,128,1,0,0,2753,136,1,0,0,2753,133,0,     605P    344
0;                                                                   605P    345
508,4,0,2753,136,0,0,0,2753,127,0,0,0,2753,131,0,0,0,2753,134,0,     607P    346
0;                                                                   607P    347
508,4,0,2753,137,1,0,0,2753,4,0,0,0,2753,138,0,0,0,2753,139,0,0;     609P    348
508,4,0,2753,140,1,0,0,2753,139,1,0,0,2753,141,0,0,0,2753,142,0,     611P    349
0;                                                                   611P    350
508,4,0,2753,143,0,0,0,2753,142,1,0,0,2753,144,1,0,0,2753,2,0,0;     613P    351
508,4,0,2753,137,0,0,0,2753,140,0,0,0,2753,143,1,0,0,2753,1,0,0;     615P    352
508,4,0,2753,5,1,0,0,2753,15,1,0,0,2753,12,1,0,0,2753,9,1,0;         617P    353
508,32,0,2753,17,1,0,0,2753,111,1,0,0,2753,108,1,0,0,2753,105,1,     619P    354
0,0,2753,102,1,0,0,2753,99,1,0,0,2753,96,1,0,0,2753,93,1,0,0,        619P    355
2753,90,1,0,0,2753,87,1,0,0,2753,84,1,0,0,2753,81,1,0,0,2753,78,     619P    356
1,0,0,2753,75,1,0,0,2753,72,1,0,0,2753,69,1,0,0,2753,66,1,0,0,       619P    357
2753,63,1,0,0,2753,60,1,0,0,2753,57,1,0,0,2753,54,1,0,0,2753,51,     619P    358
1,0,0,2753,48,1,0,0,2753,45,1,0,0,2753,42,1,0,0,2753,39,1,0,0,       619P    359
2753,36,1,0,0,2753,33,1,0,0,2753,30,1,0,0,2753,27,1,0,0,2753,24,     619P    360
1,0,0,2753,21,1,0;                                                   619P    361
508,4,0,2753,113,1,0,0,2753,123,1,0,0,2753,120,1,0,0,2753,117,1,     621P    362
0;                                                                   621P    363
508,4,0,2753,125,1,0,0,2753,135,1,0,0,2753,132,1,0,0,2753,129,1,     623P    364
0;                                                                   623P    365
508,4,0,2753,144,0,0,0,2753,141,1,0,0,2753,138,1,0,0,2753,3,0,0;     625P    366
508,4,0,2755,1,1,0,0,2755,2,1,0,0,2755,3,1,0,0,2755,4,1,0;           627P    367
508,8,0,2755,3,0,0,0,2755,5,0,0,0,2755,6,0,0,0,2755,7,0,0,0,         629P    368
2755,8,0,0,0,2755,9,0,0,0,2755,10,0,0,0,2755,11,0,0;                 629P    369
508,4,0,2755,2,0,0,0,2755,12,0,0,0,2755,13,0,0,0,2755,5,1,0;         631P    370
508,4,0,2755,14,1,0,0,2755,15,1,0,0,2755,6,1,0,0,2755,13,1,0;        633P    371
508,4,0,2755,16,1,0,0,2755,17,1,0,0,2755,10,1,0,0,2755,18,1,0;       635P    372
508,4,0,2755,18,0,0,0,2755,9,1,0,0,2755,19,0,0,0,2755,20,0,0;        637P    373
508,4,0,2755,21,1,0,0,2755,19,1,0,0,2755,8,1,0,0,2755,22,1,0;        639P    374
508,4,0,2755,23,0,0,0,2755,24,1,0,0,2755,25,0,0,0,2755,26,0,0;       641P    375
508,4,0,2755,27,0,0,0,2755,26,1,0,0,2755,28,0,0,0,2755,29,0,0;       643P    376
508,4,0,2755,30,0,0,0,2755,29,1,0,0,2755,31,0,0,0,2755,32,0,0;       645P    377
508,4,0,2755,33,0,0,0,2755,32,1,0,0,2755,34,0,0,0,2755,24,0,0;       647P    378
508,4,0,2755,34,1,0,0,2755,31,1,0,0,2755,28,1,0,0,2755,25,1,0;       649P    379
508,4,0,2755,35,0,0,0,2755,36,1,0,0,2755,37,0,0,0,2755,38,0,0;       651P    380
508,4,0,2755,39,0,0,0,2755,38,1,0,0,2755,40,0,0,0,2755,41,0,0;       653P    381
508,4,0,2755,42,0,0,0,2755,41,1,0,0,2755,43,0,0,0,2755,44,0,0;       655P    382
508,4,0,2755,45,0,0,0,2755,44,1,0,0,2755,46,0,0,0,2755,36,0,0;       657P    383
508,4,0,2755,46,1,0,0,2755,43,1,0,0,2755,40,1,0,0,2755,37,1,0;       659P    384
508,4,0,2755,47,0,0,0,2755,48,1,0,0,2755,49,0,0,0,2755,50,0,0;       661P    385
508,4,0,2755,51,0,0,0,2755,50,1,0,0,2755,52,0,0,0,2755,53,0,0;       663P    386
508,4,0,2755,54,0,0,0,2755,53,1,0,0,2755,55,0,0,0,2755,56,0,0;       665P    387
508,4,0,2755,57,0,0,0,2755,56,1,0,0,2755,58,0,0,0,2755,48,0,0;       667P    388
508,4,0,2755,58,1,0,0,2755,55,1,0,0,2755,52,1,0,0,2755,49,1,0;       669P    389
508,4,0,2755,59,0,0,0,2755,60,1,0,0,2755,61,0,0,0,2755,62,0,0;       671P    390
508,4,0,2755,63,0,0,0,2755,62,1,0,0,2755,64,0,0,0,2755,65,0,0;       673P    391
508,4,0,2755,66,0,0,0,2755,65,1,0,0,2755,67,0,0,0,2755,68,0,0;       675P    392
508,4,0,2755,69,0,0,0,2755,68,1,0,0,2755,70,0,0,0,2755,60,0,0;       677P    393
508,4,0,2755,70,1,0,0,2755,67,1,0,0,2755,64,1,0,0,2755,61,1,0;       679P    394
508,4,0,2755,71,0,0,0,2755,72,1,0,0,2755,73,0,0,0,2755,74,0,0;       681P    395
508,4,0,2755,75,0,0,0,2755,74,1,0,0,2755,76,0,0,0,2755,77,0,0;       683P    396
508,4,0,2755,78,0,0,0,2755,77,1,0,0,2755,79,0,0,0,2755,80,0,0;       685P    397
508,4,0,2755,81,0,0,0,2755,80,1,0,0,2755,82,0,0,0,2755,72,0,0;       687P    398
508,4,0,2755,82,1,0,0,2755,79,1,0,0,2755,76,1,0,0,2755,73,1,0;       689P    399
508,4,0,2755,83,0,0,0,2755,84,1,0,0,2755,85,0,0,0,2755,86,0,0;       691P    400
508,4,0,2755,87,0,0,0,2755,86,1,0,0,2755,88,0,0,0,2755,89,0,0;       693P    401
508,4,0,2755,90,0,0,0,2755,89,1,0,0,2755,91,0,0,0,2755,92,0,0;       695P    402
508,4,0,2755,93,0,0,0,2755,92,1,0,0,2755,94,0,0,0,2755,84,0,0;       697P    403
508,4,0,2755,94,1,0,0,2755,91,1,0,0,2755,88,1,0,0,2755,85,1,0;       699P    404
508,4,0,2755,95,0,0,0,2755,96,1,0,0,2755,97,0,0,0,2755,98,0,0;       701P    405
508,4,0,2755,99,0,0,0,2755,98,1,0,0,2755,100,0,0,0,2755,101,0,0;     703P    406
508,4,0,2755,102,0,0,0,2755,101,1,0,0,2755,103,0,0,0,2755,104,0,     705P    407
0;                                                                   705P    408
508,4,0,2755,105,0,0,0,2755,104,1,0,0,2755,106,0,0,0,2755,96,0,      707P    409
0;                                                                   707P    410
508,4,0,2755,106,1,0,0,2755,103,1,0,0,2755,100,1,0,0,2755,97,1,      709P    411
0;                                                                   709P    412
508,4,0,2755,107,0,0,0,2755,108,1,0,0,2755,109,0,0,0,2755,110,0,     711P    413
0;                                                                   711P    414
508,4,0,2755,111,0,0,0,2755,110,1,0,0,2755,112,0,0,0,2755,113,0,     713P    415
0;                                                                   713P    416
508,4,0,2755,114,0,0,0,2755,113,1,0,0,2755,115,0,0,0,2755,116,0,     715P    417
0;                                                                   715P    418
508,4,0,2755,117,0,0,0,2755,116,1,0,0,2755,118,0,0,0,2755,108,0,     717P    419
0;                                                                   717P    420
508,4,0,2755,118,1,0,0,2755,115,1,0,0,2755,112,1,0,0,2755,109,1,     719P    421
0;                                                                   719P    422
508,4,0,2755,119,0,0,0,2755,120,1,0,0,2755,121,0,0,0,2755,122,0,     721P    423
0;                                                                   721P    424
508,4,0,2755,123,0,0,0,2755,122,1,0,0,2755,124,0,0,0,2755,125,0,     723P    425
0;                                                                   723P    426
508,4,0,2755,126,0,0,0,2755,125,1,0,0,2755,127,0,0,0,2755,128,0,     725P    427
0;                                                                   725P    428
508,4,0,2755,129,0,0,0,2755,128,1,0,0,2755,130,0,0,0,2755,120,0,     727P    429
0;                                                                   727P    430
508,4,0,2755,130,1,0,0,2755,127,1,0,0,2755,124,1,0,0,2755,121,1,     729P    431
0;                                                                   729P    432
508,4,0,2755,131,0,0,0,2755,132,1,0,0,2755,133,0,0,0,2755,134,0,     731P    433
0;                                                                   731P    434
508,4,0,2755,135,0,0,0,2755,134,1,0,0,2755,136,0,0,0,2755,137,0,     733P    435
0;                                                                   733P    436
508,4,0,2755,138,0,0,0,2755,137,1,0,0,2755,139,0,0,0,2755,140,0,     735P    437
0;                                                                   735P    438
508,4,0,2755,141,0,0,0,2755,140,1,0,0,2755,142,0,0,0,2755,132,0,     737P    439
0;                                                                   737P    440
508,4,0,2755,142,1,0,0,2755,139,1,0,0,2755,136,1,0,0,2755,133,1,     739P    441
0;                                                                   739P    442
508,4,0,2755,143,0,0,0,2755,144,1,0,0,2755,145,0,0,0,2755,146,0,     741P    443
0;                                                                   741P    444
508,4,0,2755,147,0,0,0,2755,146,1,0,0,2755,148,0,0,0,2755,149,0,     743P    445
0;                                                                   743P    446
508,4,0,2755,150,0,0,0,2755,149,1,0,0,2755,151,0,0,0,2755,152,0,     745P    447
0;                                                                   745P    448
508,4,0,2755,153,0,0,0,2755,152,1,0,0,2755,154,0,0,0,2755,144,0,     747P    449
0;                                                                   747P    450
508,4,0,2755,154,1,0,0,2755,151,1,0,0,2755,148,1,0,0,2755,145,1,     749P    451
0;                                                                   749P    452
508,4,0,2755,155,0,0,0,2755,156,1,0,0,2755,157,0,0,0,2755,158,0,     751P    453
0;                                                                   751P    454
508,4,0,2755,159,0,0,0,2755,158,1,0,0,2755,160,0,0,0,2755,161,0,     753P    455
0;                                                                   753P    456
508,4,0,2755,162,0,0,0,2755,161,1,0,0,2755,163,0,0,0,2755,164,0,     755P    457
0;                                                                   755P    458
508,4,0,2755,165,0,0,0,2755,164,1,0,0,2755,166,0,0,0,2755,156,0,     757P    459
0;                                                                   757P    460
508,4,0,2755,166,1,0,0,2755,163,1,0,0,2755,160,1,0,0,2755,157,1,     759P    461
0;                                                                   759P    462
508,4,0,2755,167,0,0,0,2755,168,1,0,0,2755,169,0,0,0,2755,170,0,     761P    463
0;                                                                   761P    464
508,4,0,2755,171,0,0,0,2755,170,1,0,0,2755,172,0,0,0,2755,173,0,     763P    465
0;                                                                   763P    466
508,4,0,2755,174,0,0,0,2755,173,1,0,0,2755,175,0,0,0,2755,176,0,     765P    467
0;                                                                   765P    468
508,4,0,2755,177,0,0,0,2755,176,1,0,0,2755,178,0,0,0,2755,168,0,     767P    469
0;                                                                   767P    470
508,4,0,2755,178,1,0,0,2755,175,1,0,0,2755,172,1,0,0,2755,169,1,     769P    471
0;                                                                   769P    472
508,4,0,2755,179,0,0,0,2755,180,1,0,0,2755,181,0,0,0,2755,182,0,     771P    473
0;                                                                   771P    474
508,4,0,2755,183,0,0,0,2755,182,1,0,0,2755,184,0,0,0,2755,185,0,     773P    475
0;                                                                   773P    476
508,4,0,2755,186,0,0,0,2755,185,1,0,0,2755,187,0,0,0,2755,188,0,     775P    477
0;                                                                   775P    478
508,4,0,2755,189,0,0,0,2755,188,1,0,0,2755,190,0,0,0,2755,180,0,     777P    479
0;                                                                   777P    480
508,4,0,2755,190,1,0,0,2755,187,1,0,0,2755,184,1,0,0,2755,181,1,     779P    481
0;                                                                   779P    482
508,4,0,2755,191,0,0,0,2755,192,1,0,0,2755,193,0,0,0,2755,194,0,     781P    483
0;                                                                   781P    484
508,4,0,2755,195,0,0,0,2755,194,1,0,0,2755,196,0,0,0,2755,197,0,     783P    485
0;                                                                   783P    486
508,4,0,2755,198,0,0,0,2755,197,1,0,0,2755,199,0,0,0,2755,200,0,     785P    487
0;                                                                   785P    488
508,4,0,2755,201,0,0,0,2755,200,1,0,0,2755,202,0,0,0,2755,192,0,     787P    489
0;                                                                   787P    490
508,4,0,2755,202,1,0,0,2755,199,1,0,0,2755,196,1,0,0,2755,193,1,     789P    491
0;                                                                   789P    492
508,4,0,2755,203,0,0,0,2755,204,1,0,0,2755,205,0,0,0,2755,206,0,     791P    493
0;                                                                   791P    494
508,4,0,2755,207,0,0,0,2755,206,1,0,0,2755,208,0,0,0,2755,209,0,     793P    495
0;                                                                   793P    496
508,4,0,2755,210,0,0,0,2755,209,1,0,0,2755,211,0,0,0,2755,212,0,     795P    497
0;                                                                   795P    498
508,4,0,2755,213,0,0,0,2755,212,1,0,0,2755,214,0,0,0,2755,204,0,     797P    499
0;                                                                   797P    500
508,4,0,2755,214,1,0,0,2755,211,1,0,0,2755,208,1,0,0,2755,205,1,     799P    501
0;                                                                   799P    502
508,4,0,2755,215,0,0,0,2755,216,1,0,0,2755,217,0,0,0,2755,218,0,     801P    503
0;                                                                   801P    504
508,4,0,2755,219,0,0,0,2755,218,1,0,0,2755,220,0,0,0,2755,221,0,     803P    505
0;                                                                   803P    506
508,4,0,2755,222,0,0,0,2755,221,1,0,0,2755,223,0,0,0,2755,224,0,     805P    507
0;                                                                   805P    508
508,4,0,2755,225,0,0,0,2755,224,1,0,0,2755,226,0,0,0,2755,216,0,     807P    509
0;                                                                   807P    510
508,4,0,2755,226,1,0,0,2755,223,1,0,0,2755,220,1,0,0,2755,217,1,     809P    511
0;                                                                   809P    512
508,4,0,2755,227,0,0,0,2755,228,1,0,0,2755,229,0,0,0,2755,228,0,     811P    513
0;                                                                   811P    514
508,1,0,2755,227,1,0;                                                813P    515
508,4,0,2755,15,0,0,0,2755,230,0,0,0,2755,22,0,0,0,2755,7,1,0;       815P    516
508,4,0,2755,4,0,0,0,2755,11,1,0,0,2755,17,0,0,0,2755,231,0,0;       817P    517
508,8,0,2755,1,0,0,0,2755,231,1,0,0,2755,16,0,0,0,2755,20,1,0,0,     819P    518
2755,21,0,0,0,2755,230,1,0,0,2755,14,0,0,0,2755,12,1,0;              819P    519
508,4,0,2755,23,1,0,0,2755,27,1,0,0,2755,30,1,0,0,2755,33,1,0;       821P    520
508,4,0,2755,35,1,0,0,2755,39,1,0,0,2755,42,1,0,0,2755,45,1,0;       823P    521
508,4,0,2755,47,1,0,0,2755,51,1,0,0,2755,54,1,0,0,2755,57,1,0;       825P    522
508,4,0,2755,59,1,0,0,2755,63,1,0,0,2755,66,1,0,0,2755,69,1,0;       827P    523
508,4,0,2755,71,1,0,0,2755,75,1,0,0,2755,78,1,0,0,2755,81,1,0;       829P    524
508,4,0,2755,83,1,0,0,2755,87,1,0,0,2755,90,1,0,0,2755,93,1,0;       831P    525
508,4,0,2755,95,1,0,0,2755,99,1,0,0,2755,102,1,0,0,2755,105,1,0;     833P    526
508,4,0,2755,107,1,0,0,2755,111,1,0,0,2755,114,1,0,0,2755,117,1,     835P    527
0;                                                                   835P    528
508,4,0,2755,119,1,0,0,2755,123,1,0,0,2755,126,1,0,0,2755,129,1,     837P    529
0;                                                                   837P    530
508,4,0,2755,131,1,0,0,2755,135,1,0,0,2755,138,1,0,0,2755,141,1,     839P    531
0;                                                                   839P    532
508,4,0,2755,143,1,0,0,2755,147,1,0,0,2755,150,1,0,0,2755,153,1,     841P    533
0;                                                                   841P    534
508,4,0,2755,155,1,0,0,2755,159,1,0,0,2755,162,1,0,0,2755,165,1,     843P    535
0;                                                                   843P    536
508,4,0,2755,167,1,0,0,2755,171,1,0,0,2755,174,1,0,0,2755,177,1,     845P    537
0;                                                                   845P    538
508,4,0,2755,179,1,0,0,2755,183,1,0,0,2755,186,1,0,0,2755,189,1,     847P    539
0;                                                                   847P    540
508,4,0,2755,191,1,0,0,2755,195,1,0,0,2755,198,1,0,0,2755,201,1,     849P    541
0;                                                                   849P    542
508,4,0,2755,203,1,0,0,2755,207,1,0,0,2755,210,1,0,0,2755,213,1,     851P    543
0;                                                                   851P    544
508,4,0,2755,215,1,0,0,2755,219,1,0,0,2755,222,1,0,0,2755,225,1,     853P    545
0;                                                                   853P    546
508,1,0,2755,229,1,0;                                                855P    547
508,4,0,2757,1,1,0,0,2757,2,1,0,0,2757,3,1,0,0,2757,4,1,0;           857P    548
508,4,0,2757,4,0,0,0,2757,5,0,0,0,2757,6,0,0,0,2757,7,0,0;           859P    549
508,8,0,2757,3,0,0,0,2757,8,1,0,0,2757,9,0,0,0,2757,10,1,0,0,        861P    550
2757,11,0,0,0,2757,12,1,0,0,2757,13,0,0,0,2757,5,1,0;                861P    551
508,4,0,2757,14,1,0,0,2757,6,1,0,0,2757,13,1,0,0,2757,15,1,0;        863P    552
508,4,0,2757,15,0,0,0,2757,12,0,0,0,2757,16,0,0,0,2757,17,0,0;       865P    553
508,4,0,2757,18,1,0,0,2757,16,1,0,0,2757,11,1,0,0,2757,19,1,0;       867P    554
508,4,0,2757,19,0,0,0,2757,10,0,0,0,2757,20,0,0,0,2757,21,0,0;       869P    555
508,4,0,2757,22,1,0,0,2757,20,1,0,0,2757,9,1,0,0,2757,23,1,0;        871P    556
508,4,0,2757,2,0,0,0,2757,24,0,0,0,2757,23,0,0,0,2757,8,0,0;         873P    557
508,8,0,2757,1,0,0,0,2757,7,1,0,0,2757,14,0,0,0,2757,17,1,0,0,       875P    558
2757,18,0,0,0,2757,21,1,0,0,2757,22,0,0,0,2757,24,1,0;               875P    559
508,4,0,2759,1,0,0,0,2759,2,1,0,0,2759,3,0,0,0,2759,4,0,0;           877P    560
508,4,0,2759,5,0,0,0,2759,4,1,0,0,2759,6,0,0,0,2759,7,0,0;           879P    561
508,4,0,2759,8,0,0,0,2759,7,1,0,0,2759,9,0,0,0,2759,10,0,0;          881P    562
508,4,0,2759,11,0,0,0,2759,10,1,0,0,2759,12,0,0,0,2759,2,0,0;        883P    563
508,4,0,2759,12,1,0,0,2759,9,1,0,0,2759,6,1,0,0,2759,3,1,0;          885P    564
508,4,0,2759,11,1,0,0,2759,1,1,0,0,2759,5,1,0,0,2759,8,1,0;          887P    565
508,4,0,2761,1,1,0,0,2761,2,1,0,0,2761,3,1,0,0,2761,4,1,0;           889P    566
508,4,0,2761,5,1,0,0,2761,6,1,0,0,2761,7,1,0,0,2761,8,1,0;           891P    567
508,4,0,2761,9,1,0,0,2761,10,1,0,0,2761,11,1,0,0,2761,12,1,0;        893P    568
508,4,0,2761,9,0,0,0,2761,13,1,0,0,2761,14,1,0,0,2761,15,1,0;        895P    569
508,4,0,2761,16,1,0,0,2761,17,1,0,0,2761,14,0,0,0,2761,18,1,0;       897P    570
508,4,0,2761,16,0,0,0,2761,19,1,0,0,2761,20,1,0,0,2761,21,1,0;       899P    571
508,4,0,2761,22,1,0,0,2761,23,1,0,0,2761,20,0,0,0,2761,24,1,0;       901P    572
508,4,0,2761,22,0,0,0,2761,25,1,0,0,2761,7,0,0,0,2761,26,1,0;        903P    573
508,3,0,2761,5,0,0,0,2761,27,1,0,0,2761,3,0,0;                       905P    574
508,3,0,2761,1,0,0,0,2761,28,1,0,0,2761,11,0,0;                      907P    575
508,4,0,2761,24,0,0,0,2761,29,0,0,0,2761,30,1,0,0,2761,31,0,0;       909P    576
508,4,0,2761,19,0,0,0,2761,32,1,0,0,2761,33,1,0,0,2761,29,1,0;       911P    577
508,4,0,2761,18,0,0,0,2761,34,0,0,0,2761,35,1,0,0,2761,32,0,0;       913P    578
508,4,0,2761,13,0,0,0,2761,36,1,0,0,2761,37,1,0,0,2761,34,1,0;       915P    579
508,4,0,2761,12,0,0,0,2761,38,0,0,0,2761,39,1,0,0,2761,36,0,0;       917P    580
508,8,0,2761,2,0,0,0,2761,10,0,0,0,2761,15,0,0,0,2761,17,0,0,0,      919P    581
2761,21,0,0,0,2761,23,0,0,0,2761,26,0,0,0,2761,6,0,0;                919P    582
508,4,0,2761,28,0,0,0,2761,40,1,0,0,2761,41,1,0,0,2761,38,1,0;       921P    583
508,4,0,2761,4,0,0,0,2761,42,0,0,0,2761,43,0,0,0,2761,40,0,0;        923P    584
508,4,0,2761,27,0,0,0,2761,44,1,0,0,2761,45,1,0,0,2761,42,1,0;       925P    585
508,10,0,2761,41,0,0,0,2761,43,1,0,0,2761,45,0,0,0,2761,46,0,0,      927P    586
0,2761,47,0,0,0,2761,30,0,0,0,2761,33,0,0,0,2761,35,0,0,0,2761,      927P    587
37,0,0,0,2761,39,0,0;                                                927P    588
508,4,0,2761,25,0,0,0,2761,31,1,0,0,2761,47,1,0,0,2761,48,1,0;       929P    589
508,4,0,2761,8,0,0,0,2761,48,0,0,0,2761,46,1,0,0,2761,44,0,0;        931P    590
508,4,0,2763,1,1,0,0,2763,2,1,0,0,2763,3,1,0,0,2763,4,1,0;           933P    591
508,4,0,2763,5,1,0,0,2763,6,1,0,0,2763,7,0,0,0,2763,8,0,0;           935P    592
508,4,0,2763,9,1,0,0,2763,8,1,0,0,2763,10,0,0,0,2763,11,0,0;         937P    593
508,4,0,2763,12,1,0,0,2763,11,1,0,0,2763,13,0,0,0,2763,14,0,0;       939P    594
508,4,0,2763,15,1,0,0,2763,14,1,0,0,2763,16,0,0,0,2763,6,0,0;        941P    595
508,4,0,2763,16,1,0,0,2763,13,1,0,0,2763,10,1,0,0,2763,7,1,0;        943P    596
508,4,0,2763,17,1,0,0,2763,18,1,0,0,2763,19,0,0,0,2763,20,0,0;       945P    597
508,4,0,2763,21,1,0,0,2763,20,1,0,0,2763,22,0,0,0,2763,23,0,0;       947P    598
508,4,0,2763,24,1,0,0,2763,23,1,0,0,2763,25,0,0,0,2763,26,0,0;       949P    599
508,4,0,2763,27,1,0,0,2763,26,1,0,0,2763,28,0,0,0,2763,29,0,0;       951P    600
508,4,0,2763,30,1,0,0,2763,29,1,0,0,2763,31,0,0,0,2763,32,0,0;       953P    601
508,4,0,2763,33,1,0,0,2763,32,1,0,0,2763,34,0,0,0,2763,35,0,0;       955P    602
508,4,0,2763,36,1,0,0,2763,35,1,0,0,2763,37,0,0,0,2763,38,0,0;       957P    603
508,4,0,2763,39,1,0,0,2763,38,1,0,0,2763,40,0,0,0,2763,41,0,0;       959P    604
508,4,0,2763,42,1,0,0,2763,41,1,0,0,2763,43,0,0,0,2763,44,0,0;       961P    605
508,4,0,2763,45,1,0,0,2763,44,1,0,0,2763,46,0,0,0,2763,47,0,0;       963P    606
508,4,0,2763,48,1,0,0,2763,47,1,0,0,2763,49,0,0,0,2763,50,0,0;       965P    607
508,4,0,2763,51,1,0,0,2763,50,1,0,0,2763,52,0,0,0,2763,53,0,0;       967P    608
508,4,0,2763,54,1,0,0,2763,53,1,0,0,2763,55,0,0,0,2763,56,0,0;       969P    609
508,4,0,2763,57,1,0,0,2763,56,1,0,0,2763,58,0,0,0,2763,59,0,0;       971P    610
508,4,0,2763,60,1,0,0,2763,59,1,0,0,2763,61,0,0,0,2763,62,0,0;       973P    611
508,4,0,2763,63,1,0,0,2763,62,1,0,0,2763,64,0,0,0,2763,65,0,0;       975P    612
508,4,0,2763,66,1,0,0,2763,65,1,0,0,2763,67,0,0,0,2763,68,0,0;       977P    613
508,4,0,2763,69,1,0,0,2763,68,1,0,0,2763,70,0,0,0,2763,71,0,0;       979P    614
508,4,0,2763,72,1,0,0,2763,71,1,0,0,2763,73,0,0,0,2763,74,0,0;       981P    615
508,4,0,2763,75,1,0,0,2763,74,1,0,0,2763,76,0,0,0,2763,77,0,0;       983P    616
508,4,0,2763,78,1,0,0,2763,77,1,0,0,2763,79,0,0,0,2763,80,0,0;       985P    617
508,4,0,2763,81,1,0,0,2763,80,1,0,0,2763,82,0,0,0,2763,83,0,0;       987P    618
508,4,0,2763,84,1,0,0,2763,83,1,0,0,2763,85,0,0,0,2763,86,0,0;       989P    619
508,4,0,2763,87,1,0,0,2763,86,1,0,0,2763,88,0,0,0,2763,89,0,0;       991P    620
508,4,0,2763,90,1,0,0,2763,89,1,0,0,2763,91,0,0,0,2763,92,0,0;       993P    621
508,4,0,2763,93,1,0,0,2763,92,1,0,0,2763,94,0,0,0,2763,95,0,0;       995P    622
508,4,0,2763,96,1,0,0,2763,95,1,0,0,2763,97,0,0,0,2763,98,0,0;       997P    623
508,4,0,2763,99,1,0,0,2763,98,1,0,0,2763,100,0,0,0,2763,101,0,0;     999P    624
508,4,0,2763,102,1,0,0,2763,101,1,0,0,2763,103,0,0,0,2763,104,0,    1001P    625
0;                                                                  1001P    626
508,4,0,2763,105,1,0,0,2763,104,1,0,0,2763,106,0,0,0,2763,107,0,    1003P    627
0;                                                                  1003P    628
508,4,0,2763,108,1,0,0,2763,107,1,0,0,2763,109,0,0,0,2763,110,0,    1005P    629
0;                                                                  1005P    630
508,4,0,2763,111,1,0,0,2763,110,1,0,0,2763,112,0,0,0,2763,18,0,     1007P    631
0;                                                                  1007P    632
508,32,0,2763,112,1,0,0,2763,109,1,0,0,2763,106,1,0,0,2763,103,     1009P    633
1,0,0,2763,100,1,0,0,2763,97,1,0,0,2763,94,1,0,0,2763,91,1,0,0,     1009P    634
2763,88,1,0,0,2763,85,1,0,0,2763,82,1,0,0,2763,79,1,0,0,2763,76,    1009P    635
1,0,0,2763,73,1,0,0,2763,70,1,0,0,2763,67,1,0,0,2763,64,1,0,0,      1009P    636
2763,61,1,0,0,2763,58,1,0,0,2763,55,1,0,0,2763,52,1,0,0,2763,49,    1009P    637
1,0,0,2763,46,1,0,0,2763,43,1,0,0,2763,40,1,0,0,2763,37,1,0,0,      1009P    638
2763,34,1,0,0,2763,31,1,0,0,2763,28,1,0,0,2763,25,1,0,0,2763,22,    1009P    639
1,0,0,2763,19,1,0;                                                  1009P    640
508,4,0,2763,113,1,0,0,2763,114,1,0,0,2763,115,0,0,0,2763,116,0,    1011P    641
0;                                                                  1011P    642
508,4,0,2763,117,1,0,0,2763,116,1,0,0,2763,118,0,0,0,2763,119,0,    1013P    643
0;                                                                  1013P    644
508,4,0,2763,120,1,0,0,2763,119,1,0,0,2763,121,0,0,0,2763,122,0,    1015P    645
0;                                                                  1015P    646
508,4,0,2763,123,1,0,0,2763,122,1,0,0,2763,124,0,0,0,2763,114,0,    1017P    647
0;                                                                  1017P    648
508,4,0,2763,124,1,0,0,2763,121,1,0,0,2763,118,1,0,0,2763,115,1,    1019P    649
0;                                                                  1019P    650
508,4,0,2763,125,1,0,0,2763,126,1,0,0,2763,127,0,0,0,2763,128,0,    1021P    651
0;                                                                  1021P    652
508,4,0,2763,129,1,0,0,2763,128,1,0,0,2763,130,0,0,0,2763,131,0,    1023P    653
0;                                                                  1023P    654
508,4,0,2763,132,1,0,0,2763,131,1,0,0,2763,133,0,0,0,2763,134,0,    1025P    655
0;                                                                  1025P    656
508,4,0,2763,135,1,0,0,2763,134,1,0,0,2763,136,0,0,0,2763,126,0,    1027P    657
0;                                                                  1027P    658
508,4,0,2763,136,1,0,0,2763,133,1,0,0,2763,130,1,0,0,2763,127,1,    1029P    659
0;                                                                  1029P    660
508,4,0,2763,137,0,0,0,2763,138,1,0,0,2763,139,1,0,0,2763,2,0,0;    1031P    661
508,4,0,2763,140,0,0,0,2763,141,1,0,0,2763,142,1,0,0,2763,138,0,    1033P    662
0;                                                                  1033P    663
508,4,0,2763,143,0,0,0,2763,4,0,0,0,2763,144,0,0,0,2763,141,0,0;    1035P    664
508,4,0,2763,143,1,0,0,2763,140,1,0,0,2763,137,1,0,0,2763,1,0,0;    1037P    665
508,4,0,2763,5,0,0,0,2763,9,0,0,0,2763,12,0,0,0,2763,15,0,0;        1039P    666
508,32,0,2763,17,0,0,0,2763,21,0,0,0,2763,24,0,0,0,2763,27,0,0,     1041P    667
0,2763,30,0,0,0,2763,33,0,0,0,2763,36,0,0,0,2763,39,0,0,0,2763,     1041P    668
42,0,0,0,2763,45,0,0,0,2763,48,0,0,0,2763,51,0,0,0,2763,54,0,0,     1041P    669
0,2763,57,0,0,0,2763,60,0,0,0,2763,63,0,0,0,2763,66,0,0,0,2763,     1041P    670
69,0,0,0,2763,72,0,0,0,2763,75,0,0,0,2763,78,0,0,0,2763,81,0,0,     1041P    671
0,2763,84,0,0,0,2763,87,0,0,0,2763,90,0,0,0,2763,93,0,0,0,2763,     1041P    672
96,0,0,0,2763,99,0,0,0,2763,102,0,0,0,2763,105,0,0,0,2763,108,0,    1041P    673
0,0,2763,111,0,0;                                                   1041P    674
508,4,0,2763,113,0,0,0,2763,117,0,0,0,2763,120,0,0,0,2763,123,0,    1043P    675
0;                                                                  1043P    676
508,4,0,2763,125,0,0,0,2763,129,0,0,0,2763,132,0,0,0,2763,135,0,    1045P    677
0;                                                                  1045P    678
508,4,0,2763,139,0,0,0,2763,142,0,0,0,2763,144,1,0,0,2763,3,0,0;    1047P    679
126,1,1,0,0,1,0,0.,0.,1.10918439348691,1.10918439348691,1.,1.,      1049P    680
-10.,-5.44447217534733,-6.19462071995785,-10.,5.64737175952177,     1049P    681
-6.19462071995785,0.,1.10918439348691,0.,0.,0.;                     1049P    682
126,1,1,0,0,1,0,0.,0.,0.425,0.425,1.,1.,-10.,5.64737175952177,      1051P    683
-6.19462071995785,-5.75,5.64737175952177,-6.19462071995785,0.,      1051P    684
0.425,0.,0.,0.;                                                     1051P    685
126,1,1,0,0,1,0,-1.10918439348691,-1.10918439348691,0.,0.,1.,1.,    1053P    686
-5.75,5.64737175952177,-6.19462071995785,-5.75,                     1053P    687
-5.44447217534733,-6.19462071995785,-1.10918439348691,0.,0.,0.,     1053P    688
0.;                                                                 1053P    689
126,1,1,0,0,1,0,-0.425,-0.425,0.,0.,1.,1.,-5.75,                    1055P    690
-5.44447217534733,-6.19462071995785,-10.,-5.44447217534733,         1055P    691
-6.19462071995785,-0.425,0.,0.,0.,0.;                               1055P    692
126,1,1,0,0,1,0,0.016497859582857,0.016497859582857,                1057P    693
0.0591170724858556,0.0591170724858556,1.,1.,-10.,                   1057P    694
-2.10601885060899,-4.28226755163607,-10.,-2.10601885060899,         1057P    695
-4.70845968066605,0.016497859582857,0.0591170724858556,0.,0.,0.;    1057P    696
126,1,1,0,0,1,0,0.,0.,0.3268,0.3268,1.,1.,-10.,                     1059P    697
-2.10601885060899,-4.28226755163607,-6.732,-2.10601885060899,       1059P    698
-4.28226755163607,0.,0.3268,0.,0.,0.;                               1059P    699
126,1,1,0,0,1,0,-0.0426192129029985,-0.0426192129029985,0.,0.,      1061P    700
1.,1.,-6.732,-2.10601885060899,-4.28226755163607,-6.732,            1061P    701
-2.10601885060899,-4.70845968066605,-0.0426192129029985,0.,0.,      1061P    702
0.,0.;                                                              1061P    703
126,1,1,0,0,1,0,0.,0.,0.3268,0.3268,1.,1.,-10.,                     1063P    704
-2.10601885060899,-4.70845968066605,-6.732,-2.10601885060899,       1063P    705
-4.70845968066605,0.,0.3268,0.,0.,0.;                               1063P    706
126,1,1,0,0,1,0,-0.110373432134811,-0.110373432134811,              1065P    707
0.331120296404432,0.331120296404432,1.,1.,-10.,2.30891843478343,    1065P    708
-4.28226755163607,-10.,-2.10601885060899,-4.28226755163607,         1065P    709
-0.110373432134811,0.331120296404432,0.,0.,0.;                      1065P    710
126,1,1,0,0,1,0,0.,0.,0.3268,0.3268,1.,1.,-10.,2.30891843478343,    1067P    711
-4.28226755163607,-6.732,2.30891843478343,-4.28226755163607,0.,     1067P    712
0.3268,0.,0.,0.;                                                    1067P    713
126,1,1,0,0,1,0,-0.441493728539242,-0.441493728539242,0.,0.,1.,     1069P    714
1.,-6.732,2.30891843478343,-4.28226755163607,-6.732,                1069P    715
-2.10601885060899,-4.28226755163607,-0.441493728539242,0.,0.,0.,    1069P    716
0.;                                                                 1069P    717
126,1,1,0,0,1,0,-0.0378074660343563,-0.0378074660343563,            1071P    718
0.00481174686864222,0.00481174686864222,1.,1.,-10.,                 1071P    719
2.30891843478343,-4.70845968066605,-10.,2.30891843478343,           1071P    720
-4.28226755163607,-0.0378074660343563,0.00481174686864222,0.,0.,    1071P    721
0.;                                                                 1071P    722
126,1,1,0,0,1,0,0.,0.,0.3268,0.3268,1.,1.,-10.,2.30891843478343,    1073P    723
-4.70845968066605,-6.732,2.30891843478343,-4.70845968066605,0.,     1073P    724
0.3268,0.,0.,0.;                                                    1073P    725
126,1,1,0,0,1,0,0.,0.,0.0426192129029985,0.0426192129029985,1.,     1075P    726
1.,-6.732,2.30891843478343,-4.70845968066605,-6.732,                1075P    727
2.30891843478343,-4.28226755163607,0.,0.0426192129029985,0.,0.,     1075P    728
0.;                                                                 1075P    729
126,1,1,0,0,1,0,-0.110373432134811,-0.110373432134811,              1077P    730
0.331120296404432,0.331120296404432,1.,1.,-10.,                     1077P    731
-2.10601885060899,-4.70845968066605,-10.,2.30891843478343,          1077P    732
-4.70845968066605,-0.110373432134811,0.331120296404432,0.,0.,0.;    1077P    733
126,1,1,0,0,1,0,-0.220746864269621,-0.220746864269621,              1079P    734
0.220746864269621,0.220746864269621,1.,1.,-6.732,                   1079P    735
-2.10601885060899,-4.70845968066605,-6.732,2.30891843478343,        1079P    736
-4.70845968066605,-0.220746864269621,0.220746864269621,0.,0.,0.;    1079P    737
126,1,1,0,0,1,0,0.200608550474698,0.200608550474698,                1081P    738
0.2517199496099,0.2517199496099,1.,1.,-10.,4.11362080158117,        1081P    739
-4.44075006808188,-10.,4.6247347929332,-4.44075006808188,           1081P    740
0.200608550474698,0.2517199496099,0.,0.,0.;                         1081P    741
126,1,1,0,0,1,0,0.,0.,0.3268,0.3268,1.,1.,-10.,4.11362080158117,    1083P    742
-4.44075006808188,-6.732,4.11362080158117,-4.44075006808188,0.,     1083P    743
0.3268,0.,0.,0.;                                                    1083P    744
126,1,1,0,0,1,0,-0.0511113991352027,-0.0511113991352027,0.,0.,      1085P    745
1.,1.,-6.732,4.11362080158117,-4.44075006808188,-6.732,             1085P    746
4.6247347929332,-4.44075006808188,-0.0511113991352027,0.,0.,0.,     1085P    747
0.;                                                                 1085P    748
126,1,1,0,0,1,0,0.,0.,0.3268,0.3268,1.,1.,-10.,4.6247347929332,     1087P    749
-4.44075006808188,-6.732,4.6247347929332,-4.44075006808188,0.,      1087P    750
0.3268,0.,0.,0.;                                                    1087P    751
126,1,1,0,0,1,0,0.,0.,0.0488439708102951,0.0488439708102951,1.,     1089P    752
1.,-10.,4.11362080158117,-3.95231035997893,-10.,                    1089P    753
4.11362080158117,-4.44075006808188,0.,0.0488439708102951,0.,0.,     1089P    754
0.;                                                                 1089P    755
126,1,1,0,0,1,0,0.,0.,0.3268,0.3268,1.,1.,-10.,4.11362080158117,    1091P    756
-3.95231035997893,-6.732,4.11362080158117,-3.95231035997893,0.,     1091P    757
0.3268,0.,0.,0.;                                                    1091P    758
126,1,1,0,0,1,0,-0.0488439708102951,-0.0488439708102951,0.,0.,      1093P    759
1.,1.,-6.732,4.11362080158117,-3.95231035997893,-6.732,             1093P    760
4.11362080158117,-4.44075006808188,-0.0488439708102951,0.,0.,0.,    1093P    761
0.;                                                                 1093P    762
126,1,1,0,0,1,0,0.181636074088288,0.181636074088288,                1095P    763
0.219581026861107,0.219581026861107,1.,1.,-10.,3.73417127385297,    1095P    764
-3.95231035997893,-10.,4.11362080158117,-3.95231035997893,          1095P    765
0.181636074088288,0.219581026861107,0.,0.,0.;                       1095P    766
126,1,1,0,0,1,0,0.,0.,0.3268,0.3268,1.,1.,-10.,3.73417127385297,    1097P    767
-3.95231035997893,-6.732,3.73417127385297,-3.95231035997893,0.,     1097P    768
0.3268,0.,0.,0.;                                                    1097P    769
126,1,1,0,0,1,0,-0.0379449527728196,-0.0379449527728196,0.,0.,      1099P    770
1.,1.,-6.732,3.73417127385297,-3.95231035997893,-6.732,             1099P    771
4.11362080158117,-3.95231035997893,-0.0379449527728196,0.,0.,0.,    1099P    772
0.;                                                                 1099P    773
126,1,1,0,0,1,0,-0.022014422642881,-0.022014422642881,              1101P    774
0.0220144226428811,0.0220144226428811,1.,1.,-10.,                   1101P    775
3.73417127385297,-3.51202190712131,-10.,3.73417127385297,           1101P    776
-3.95231035997893,-0.022014422642881,0.0220144226428811,0.,0.,      1101P    777
0.;                                                                 1101P    778
126,1,1,0,0,1,0,0.,0.,0.3268,0.3268,1.,1.,-10.,3.73417127385297,    1103P    779
-3.51202190712131,-6.732,3.73417127385297,-3.51202190712131,0.,     1103P    780
0.3268,0.,0.,0.;                                                    1103P    781
126,1,1,0,0,1,0,-0.0440288452857621,-0.0440288452857621,0.,0.,      1105P    782
1.,1.,-6.732,3.73417127385297,-3.51202190712131,-6.732,             1105P    783
3.73417127385297,-3.95231035997893,-0.0440288452857621,0.,0.,0.,    1105P    784
0.;                                                                 1105P    785
126,1,1,0,0,1,0,0.14270757436944,0.14270757436944,                  1107P    786
0.220564573807136,0.220564573807136,1.,1.,-10.,2.95560127947602,    1107P    787
-3.5120219071213,-10.,3.73417127385297,-3.51202190712131,           1107P    788
0.14270757436944,0.220564573807136,0.,0.,0.;                        1107P    789
126,1,1,0,0,1,0,0.,0.,0.3268,0.3268,1.,1.,-10.,2.95560127947602,    1109P    790
-3.5120219071213,-6.732,2.95560127947602,-3.5120219071213,0.,       1109P    791
0.3268,0.,0.,0.;                                                    1109P    792
126,1,1,0,0,1,0,-0.0778569994376957,-0.0778569994376957,0.,0.,      1111P    793
1.,1.,-6.732,2.95560127947602,-3.5120219071213,-6.732,              1111P    794
3.73417127385297,-3.51202190712131,-0.0778569994376957,0.,0.,0.,    1111P    795
0.;                                                                 1111P    796
126,1,1,0,0,1,0,0.,0.,0.0440288452857623,0.0440288452857623,1.,     1113P    797
1.,-10.,2.95560127947602,-3.95231035997893,-10.,                    1113P    798
2.95560127947602,-3.5120219071213,0.,0.0440288452857623,0.,0.,      1113P    799
0.;                                                                 1113P    800
126,1,1,0,0,1,0,0.,0.,0.3268,0.3268,1.,1.,-10.,2.95560127947602,    1115P    801
-3.95231035997893,-6.732,2.95560127947602,-3.95231035997893,0.,     1115P    802
0.3268,0.,0.,0.;                                                    1115P    803
126,1,1,0,0,1,0,-0.0440288452857623,-0.0440288452857623,0.,0.,      1117P    804
1.,1.,-6.732,2.95560127947602,-3.95231035997893,-6.732,             1117P    805
2.95560127947602,-3.5120219071213,-0.0440288452857623,0.,0.,0.,     1117P    806
0.;                                                                 1117P    807
126,1,1,0,0,1,0,0.116211074088288,0.116211074088288,                1119P    808
0.169204074650592,0.169204074650592,1.,1.,-10.,2.42567127385297,    1119P    809
-3.95231035997893,-10.,2.95560127947602,-3.95231035997893,          1119P    810
0.116211074088288,0.169204074650592,0.,0.,0.;                       1119P    811
126,1,1,0,0,1,0,0.,0.,0.3268,0.3268,1.,1.,-10.,2.42567127385297,    1121P    812
-3.95231035997893,-6.732,2.42567127385297,-3.95231035997893,0.,     1121P    813
0.3268,0.,0.,0.;                                                    1121P    814
126,1,1,0,0,1,0,-0.16879495277282,-0.16879495277282,                1123P    815
-0.115801952210515,-0.115801952210515,1.,1.,-6.732,                 1123P    816
2.42567127385297,-3.95231035997893,-6.732,2.95560127947602,         1123P    817
-3.95231035997893,-0.16879495277282,-0.115801952210515,0.,0.,0.;    1123P    818
126,1,1,0,0,1,0,-0.0220144226428809,-0.0220144226428809,            1125P    819
0.0220144226428811,0.0220144226428811,1.,1.,-10.,                   1125P    820
2.42567127385297,-3.51202190712131,-10.,2.42567127385297,           1125P    821
-3.95231035997893,-0.0220144226428809,0.0220144226428811,0.,0.,     1125P    822
0.;                                                                 1125P    823
126,1,1,0,0,1,0,0.,0.,0.3268,0.3268,1.,1.,-10.,2.42567127385297,    1127P    824
-3.51202190712131,-6.732,2.42567127385297,-3.51202190712131,0.,     1127P    825
0.3268,0.,0.,0.;                                                    1127P    826
126,1,1,0,0,1,0,-0.0440288452857621,-0.0440288452857621,0.,0.,      1129P    827
1.,1.,-6.732,2.42567127385297,-3.51202190712131,-6.732,             1129P    828
2.42567127385297,-3.95231035997893,-0.0440288452857621,0.,0.,0.,    1129P    829
0.;                                                                 1129P    830
126,1,1,0,0,1,0,0.0772825743694398,0.0772825743694398,              1131P    831
0.155139573807136,0.155139573807136,1.,1.,-10.,1.64710127947602,    1131P    832
-3.5120219071213,-10.,2.42567127385297,-3.51202190712131,           1131P    833
0.0772825743694398,0.155139573807136,0.,0.,0.;                      1131P    834
126,1,1,0,0,1,0,0.,0.,0.3268,0.3268,1.,1.,-10.,1.64710127947602,    1133P    835
-3.5120219071213,-6.732,1.64710127947602,-3.5120219071213,0.,       1133P    836
0.3268,0.,0.,0.;                                                    1133P    837
126,1,1,0,0,1,0,-0.0778569994376957,-0.0778569994376957,0.,0.,      1135P    838
1.,1.,-6.732,1.64710127947602,-3.5120219071213,-6.732,              1135P    839
2.42567127385297,-3.51202190712131,-0.0778569994376957,0.,0.,0.,    1135P    840
0.;                                                                 1135P    841
126,1,1,0,0,1,0,5.55111512312578D-17,5.55111512312578D-17,          1137P    842
0.0440288452857623,0.0440288452857623,1.,1.,-10.,                   1137P    843
1.64710127947602,-3.95231035997893,-10.,1.64710127947602,           1137P    844
-3.5120219071213,5.55111512312578D-17,0.0440288452857623,0.,0.,     1137P    845
0.;                                                                 1137P    846
126,1,1,0,0,1,0,0.,0.,0.3268,0.3268,1.,1.,-10.,1.64710127947602,    1139P    847
-3.95231035997893,-6.732,1.64710127947602,-3.95231035997893,0.,     1139P    848
0.3268,0.,0.,0.;                                                    1139P    849
126,1,1,0,0,1,0,-0.0440288452857623,-0.0440288452857623,0.,0.,      1141P    850
1.,1.,-6.732,1.64710127947602,-3.95231035997893,-6.732,             1141P    851
1.64710127947602,-3.5120219071213,-0.0440288452857623,0.,0.,0.,     1141P    852
0.;                                                                 1141P    853
126,1,1,0,0,1,0,0.0507860740882877,0.0507860740882877,              1143P    854
0.103779074650592,0.103779074650592,1.,1.,-10.,1.11717127385297,    1143P    855
-3.95231035997893,-10.,1.64710127947602,-3.95231035997893,          1143P    856
0.0507860740882877,0.103779074650592,0.,0.,0.;                      1143P    857
126,1,1,0,0,1,0,0.,0.,0.3268,0.3268,1.,1.,-10.,1.11717127385297,    1145P    858
-3.95231035997893,-6.732,1.11717127385297,-3.95231035997893,0.,     1145P    859
0.3268,0.,0.,0.;                                                    1145P    860
126,1,1,0,0,1,0,-0.29964495277282,-0.29964495277282,                1147P    861
-0.246651952210515,-0.246651952210515,1.,1.,-6.732,                 1147P    862
1.11717127385297,-3.95231035997893,-6.732,1.64710127947602,         1147P    863
-3.95231035997893,-0.29964495277282,-0.246651952210515,0.,0.,0.;    1147P    864
126,1,1,0,0,1,0,-0.022014422642881,-0.022014422642881,              1149P    865
0.0220144226428811,0.0220144226428811,1.,1.,-10.,                   1149P    866
1.11717127385297,-3.51202190712131,-10.,1.11717127385297,           1149P    867
-3.95231035997893,-0.022014422642881,0.0220144226428811,0.,0.,      1149P    868
0.;                                                                 1149P    869
126,1,1,0,0,1,0,0.,0.,0.3268,0.3268,1.,1.,-10.,1.11717127385297,    1151P    870
-3.51202190712131,-6.732,1.11717127385297,-3.51202190712131,0.,     1151P    871
0.3268,0.,0.,0.;                                                    1151P    872
126,1,1,0,0,1,0,-0.0440288452857621,-0.0440288452857621,0.,0.,      1153P    873
1.,1.,-6.732,1.11717127385297,-3.51202190712131,-6.732,             1153P    874
1.11717127385297,-3.95231035997893,-0.0440288452857621,0.,0.,0.,    1153P    875
0.;                                                                 1153P    876
126,1,1,0,0,1,0,0.0118575743694398,0.0118575743694398,              1155P    877
0.0897145738071355,0.0897145738071355,1.,1.,-10.,                   1155P    878
0.338601279476018,-3.5120219071213,-10.,1.11717127385297,           1155P    879
-3.51202190712131,0.0118575743694398,0.0897145738071355,0.,0.,      1155P    880
0.;                                                                 1155P    881
126,1,1,0,0,1,0,0.,0.,0.3268,0.3268,1.,1.,-10.,                     1157P    882
0.338601279476018,-3.5120219071213,-6.732,0.338601279476018,        1157P    883
-3.5120219071213,0.,0.3268,0.,0.,0.;                                1157P    884
126,1,1,0,0,1,0,-0.0778569994376957,-0.0778569994376957,0.,0.,      1159P    885
1.,1.,-6.732,0.338601279476018,-3.5120219071213,-6.732,             1159P    886
1.11717127385297,-3.51202190712131,-0.0778569994376957,0.,0.,0.,    1159P    887
0.;                                                                 1159P    888
126,1,1,0,0,1,0,0.,0.,0.0440288452857623,0.0440288452857623,1.,     1161P    889
1.,-10.,0.338601279476018,-3.95231035997893,-10.,                   1161P    890
0.338601279476018,-3.5120219071213,0.,0.0440288452857623,0.,0.,     1161P    891
0.;                                                                 1161P    892
126,1,1,0,0,1,0,0.,0.,0.3268,0.3268,1.,1.,-10.,                     1163P    893
0.338601279476018,-3.95231035997893,-6.732,0.338601279476018,       1163P    894
-3.95231035997893,0.,0.3268,0.,0.,0.;                               1163P    895
126,1,1,0,0,1,0,-0.0440288452857623,-0.0440288452857623,0.,0.,      1165P    896
1.,1.,-6.732,0.338601279476018,-3.95231035997893,-6.732,            1165P    897
0.338601279476018,-3.5120219071213,-0.0440288452857623,0.,0.,0.,    1165P    898
0.;                                                                 1165P    899
126,1,1,0,0,1,0,-0.0118575743694398,-0.0118575743694398,            1167P    900
0.0355727231083196,0.0355727231083196,1.,1.,-10.,                   1167P    901
-0.135701695301577,-3.95231035997893,-10.,0.338601279476018,        1167P    902
-3.95231035997893,-0.0118575743694398,0.0355727231083196,0.,0.,     1167P    903
0.;                                                                 1167P    904
126,1,1,0,0,1,0,0.,0.,0.3268,0.3268,1.,1.,-10.,                     1169P    905
-0.135701695301577,-3.95231035997893,-6.732,-0.135701695301577,     1169P    906
-3.95231035997893,0.,0.3268,0.,0.,0.;                               1169P    907
126,1,1,0,0,1,0,-0.424932249688275,-0.424932249688275,              1171P    908
-0.377501952210515,-0.377501952210515,1.,1.,-6.732,                 1171P    909
-0.135701695301577,-3.95231035997893,-6.732,0.338601279476018,      1171P    910
-3.95231035997893,-0.424932249688275,-0.377501952210515,0.,0.,      1171P    911
0.;                                                                 1171P    912
126,1,1,0,0,1,0,-0.0220144226428811,-0.0220144226428811,            1173P    913
0.0220144226428812,0.0220144226428812,1.,1.,-10.,                   1173P    914
-0.135701695301577,-3.5120219071213,-10.,-0.135701695301577,        1173P    915
-3.95231035997893,-0.0220144226428811,0.0220144226428812,0.,0.,     1173P    916
0.;                                                                 1173P    917
126,1,1,0,0,1,0,0.,0.,0.3268,0.3268,1.,1.,-10.,                     1175P    918
-0.135701695301577,-3.5120219071213,-6.732,-0.135701695301577,      1175P    919
-3.5120219071213,0.,0.3268,0.,0.,0.;                                1175P    920
126,1,1,0,0,1,0,0.,0.,0.0440288452857623,0.0440288452857623,1.,     1177P    921
1.,-6.732,-0.135701695301577,-3.5120219071213,-6.732,               1177P    922
-0.135701695301577,-3.95231035997893,0.,0.0440288452857623,0.,      1177P    923
0.,0.;                                                              1177P    924
126,1,1,0,0,1,0,-0.0507860740882877,-0.0507860740882877,            1179P    925
0.027070925349408,0.027070925349408,1.,1.,-10.,                     1179P    926
-0.914271689678534,-3.51202190712131,-10.,-0.135701695301577,       1179P    927
-3.5120219071213,-0.0507860740882877,0.027070925349408,0.,0.,0.;    1179P    928
126,1,1,0,0,1,0,0.,0.,0.3268,0.3268,1.,1.,-10.,                     1181P    929
-0.914271689678534,-3.51202190712131,-6.732,-0.914271689678534,     1181P    930
-3.51202190712131,0.,0.3268,0.,0.,0.;                               1181P    931
126,1,1,0,0,1,0,0.,0.,0.0778569994376957,0.0778569994376957,1.,     1183P    932
1.,-6.732,-0.914271689678534,-3.51202190712131,-6.732,              1183P    933
-0.135701695301577,-3.5120219071213,0.,0.0778569994376957,0.,0.,    1183P    934
0.;                                                                 1183P    935
126,1,1,0,0,1,0,0.,0.,0.0440288452857621,0.0440288452857621,1.,     1185P    936
1.,-10.,-0.914271689678534,-3.95231035997893,-10.,                  1185P    937
-0.914271689678534,-3.51202190712131,0.,0.0440288452857621,0.,      1185P    938
0.,0.;                                                              1185P    939
126,1,1,0,0,1,0,0.,0.,0.3268,0.3268,1.,1.,-10.,                     1187P    940
-0.914271689678534,-3.95231035997893,-6.732,-0.914271689678534,     1187P    941
-3.95231035997893,0.,0.3268,0.,0.,0.;                               1187P    942
126,1,1,0,0,1,0,0.,0.,0.0440288452857621,0.0440288452857621,1.,     1189P    943
1.,-6.732,-0.914271689678534,-3.95231035997893,-6.732,              1189P    944
-0.914271689678534,-3.51202190712131,0.,0.0440288452857621,0.,      1189P    945
0.,0.;                                                              1189P    946
126,1,1,0,0,1,0,-0.0772825743694398,-0.0772825743694398,            1191P    947
-0.0242895738071356,-0.0242895738071356,1.,1.,-10.,                 1191P    948
-1.44420169530158,-3.95231035997893,-10.,-0.914271689678534,        1191P    949
-3.95231035997893,-0.0772825743694398,-0.0242895738071356,0.,0.,    1191P    950
0.;                                                                 1191P    951
126,1,1,0,0,1,0,0.,0.,0.3268,0.3268,1.,1.,-10.,                     1193P    952
-1.44420169530158,-3.95231035997893,-6.732,-1.44420169530158,       1193P    953
-3.95231035997893,0.,0.3268,0.,0.,0.;                               1193P    954
126,1,1,0,0,1,0,0.246651952210515,0.246651952210515,                1195P    955
0.29964495277282,0.29964495277282,1.,1.,-6.732,                     1195P    956
-1.44420169530158,-3.95231035997893,-6.732,-0.914271689678534,      1195P    957
-3.95231035997893,0.246651952210515,0.29964495277282,0.,0.,0.;      1195P    958
126,1,1,0,0,1,0,-0.0220144226428812,-0.0220144226428812,            1197P    959
0.0220144226428811,0.0220144226428811,1.,1.,-10.,                   1197P    960
-1.44420169530158,-3.5120219071213,-10.,-1.44420169530158,          1197P    961
-3.95231035997893,-0.0220144226428812,0.0220144226428811,0.,0.,     1197P    962
0.;                                                                 1197P    963
126,1,1,0,0,1,0,0.,0.,0.3268,0.3268,1.,1.,-10.,                     1199P    964
-1.44420169530158,-3.5120219071213,-6.732,-1.44420169530158,        1199P    965
-3.5120219071213,0.,0.3268,0.,0.,0.;                                1199P    966
126,1,1,0,0,1,0,0.,0.,0.0440288452857622,0.0440288452857622,1.,     1201P    967
1.,-6.732,-1.44420169530158,-3.5120219071213,-6.732,                1201P    968
-1.44420169530158,-3.95231035997893,0.,0.0440288452857622,0.,0.,    1201P    969
0.;                                                                 1201P    970
126,1,1,0,0,1,0,-0.116211074088288,-0.116211074088288,              1203P    971
-0.038354074650592,-0.038354074650592,1.,1.,-10.,                   1203P    972
-2.22277168967853,-3.51202190712131,-10.,-1.44420169530158,         1203P    973
-3.5120219071213,-0.116211074088288,-0.038354074650592,0.,0.,0.;    1203P    974
126,1,1,0,0,1,0,0.,0.,0.3268,0.3268,1.,1.,-10.,                     1205P    975
-2.22277168967853,-3.51202190712131,-6.732,-2.22277168967853,       1205P    976
-3.51202190712131,0.,0.3268,0.,0.,0.;                               1205P    977
126,1,1,0,0,1,0,0.,0.,0.0778569994376957,0.0778569994376957,1.,     1207P    978
1.,-6.732,-2.22277168967853,-3.51202190712131,-6.732,               1207P    979
-1.44420169530158,-3.5120219071213,0.,0.0778569994376957,0.,0.,     1207P    980
0.;                                                                 1207P    981
126,1,1,0,0,1,0,-5.55111512312578D-17,-5.55111512312578D-17,        1209P    982
0.044028845285762,0.044028845285762,1.,1.,-10.,                     1209P    983
-2.22277168967853,-3.95231035997893,-10.,-2.22277168967853,         1209P    984
-3.51202190712131,-5.55111512312578D-17,0.044028845285762,0.,0.,    1209P    985
0.;                                                                 1209P    986
126,1,1,0,0,1,0,0.,0.,0.3268,0.3268,1.,1.,-10.,                     1211P    987
-2.22277168967853,-3.95231035997893,-6.732,-2.22277168967853,       1211P    988
-3.95231035997893,0.,0.3268,0.,0.,0.;                               1211P    989
126,1,1,0,0,1,0,0.,0.,0.0440288452857621,0.0440288452857621,1.,     1213P    990
1.,-6.732,-2.22277168967853,-3.95231035997893,-6.732,               1213P    991
-2.22277168967853,-3.51202190712131,0.,0.0440288452857621,0.,0.,    1213P    992
0.;                                                                 1213P    993
126,1,1,0,0,1,0,-0.14270757436944,-0.14270757436944,                1215P    994
-0.0897145738071356,-0.0897145738071356,1.,1.,-10.,                 1215P    995
-2.75270169530158,-3.95231035997893,-10.,-2.22277168967853,         1215P    996
-3.95231035997893,-0.14270757436944,-0.0897145738071356,0.,0.,      1215P    997
0.;                                                                 1215P    998
126,1,1,0,0,1,0,0.,0.,0.3268,0.3268,1.,1.,-10.,                     1217P    999
-2.75270169530158,-3.95231035997893,-6.732,-2.75270169530158,       1217P   1000
-3.95231035997893,0.,0.3268,0.,0.,0.;                               1217P   1001
126,1,1,0,0,1,0,0.115801952210515,0.115801952210515,                1219P   1002
0.16879495277282,0.16879495277282,1.,1.,-6.732,                     1219P   1003
-2.75270169530158,-3.95231035997893,-6.732,-2.22277168967853,       1219P   1004
-3.95231035997893,0.115801952210515,0.16879495277282,0.,0.,0.;      1219P   1005
126,1,1,0,0,1,0,-0.0220144226428811,-0.0220144226428811,            1221P   1006
0.0220144226428811,0.0220144226428811,1.,1.,-10.,                   1221P   1007
-2.75270169530158,-3.5120219071213,-10.,-2.75270169530158,          1221P   1008
-3.95231035997893,-0.0220144226428811,0.0220144226428811,0.,0.,     1221P   1009
0.;                                                                 1221P   1010
126,1,1,0,0,1,0,0.,0.,0.3268,0.3268,1.,1.,-10.,                     1223P   1011
-2.75270169530158,-3.5120219071213,-6.732,-2.75270169530158,        1223P   1012
-3.5120219071213,0.,0.3268,0.,0.,0.;                                1223P   1013
126,1,1,0,0,1,0,0.,0.,0.0440288452857622,0.0440288452857622,1.,     1225P   1014
1.,-6.732,-2.75270169530158,-3.5120219071213,-6.732,                1225P   1015
-2.75270169530158,-3.95231035997893,0.,0.0440288452857622,0.,0.,    1225P   1016
0.;                                                                 1225P   1017
126,1,1,0,0,1,0,-0.181636074088288,-0.181636074088288,              1227P   1018
-0.103779074650592,-0.103779074650592,1.,1.,-10.,                   1227P   1019
-3.53127168967853,-3.51202190712131,-10.,-2.75270169530158,         1227P   1020
-3.5120219071213,-0.181636074088288,-0.103779074650592,0.,0.,0.;    1227P   1021
126,1,1,0,0,1,0,0.,0.,0.3268,0.3268,1.,1.,-10.,                     1229P   1022
-3.53127168967853,-3.51202190712131,-6.732,-3.53127168967853,       1229P   1023
-3.51202190712131,0.,0.3268,0.,0.,0.;                               1229P   1024
126,1,1,0,0,1,0,0.,0.,0.0778569994376957,0.0778569994376957,1.,     1231P   1025
1.,-6.732,-3.53127168967853,-3.51202190712131,-6.732,               1231P   1026
-2.75270169530158,-3.5120219071213,0.,0.0778569994376957,0.,0.,     1231P   1027
0.;                                                                 1231P   1028
126,1,1,0,0,1,0,0.,0.,0.0440288452857621,0.0440288452857621,1.,     1233P   1029
1.,-10.,-3.53127168967853,-3.95231035997893,-10.,                   1233P   1030
-3.53127168967853,-3.51202190712131,0.,0.0440288452857621,0.,0.,    1233P   1031
0.;                                                                 1233P   1032
126,1,1,0,0,1,0,0.,0.,0.3268,0.3268,1.,1.,-10.,                     1235P   1033
-3.53127168967853,-3.95231035997893,-6.732,-3.53127168967853,       1235P   1034
-3.95231035997893,0.,0.3268,0.,0.,0.;                               1235P   1035
126,1,1,0,0,1,0,0.,0.,0.0440288452857621,0.0440288452857621,1.,     1237P   1036
1.,-6.732,-3.53127168967853,-3.95231035997893,-6.732,               1237P   1037
-3.53127168967853,-3.51202190712131,0.,0.0440288452857621,0.,0.,    1237P   1038
0.;                                                                 1237P   1039
126,1,1,0,0,1,0,-0.200608550474698,-0.200608550474698,              1239P   1040
-0.162663597701878,-0.162663597701878,1.,1.,-10.,                   1239P   1041
-3.91072121740673,-3.95231035997893,-10.,-3.53127168967853,         1239P   1042
-3.95231035997893,-0.200608550474698,-0.162663597701878,0.,0.,      1239P   1043
0.;                                                                 1239P   1044
126,1,1,0,0,1,0,0.,0.,0.3268,0.3268,1.,1.,-10.,                     1241P   1045
-3.91072121740673,-3.95231035997893,-6.732,-3.91072121740673,       1241P   1046
-3.95231035997893,0.,0.3268,0.,0.,0.;                               1241P   1047
126,1,1,0,0,1,0,0.,0.,0.0379449527728196,0.0379449527728196,1.,     1243P   1048
1.,-6.732,-3.91072121740673,-3.95231035997893,-6.732,               1243P   1049
-3.53127168967853,-3.95231035997893,0.,0.0379449527728196,0.,0.,    1243P   1050
0.;                                                                 1243P   1051
126,1,1,0,0,1,0,-0.0244219854051476,-0.0244219854051476,            1245P   1052
0.0244219854051476,0.0244219854051476,1.,1.,-10.,                   1245P   1053
-3.91072121740673,-4.44075006808188,-10.,-3.91072121740673,         1245P   1054
-3.95231035997893,-0.0244219854051476,0.0244219854051476,0.,0.,     1245P   1055
0.;                                                                 1245P   1056
126,1,1,0,0,1,0,0.,0.,0.3268,0.3268,1.,1.,-10.,                     1247P   1057
-3.91072121740673,-4.44075006808188,-6.732,-3.91072121740673,       1247P   1058
-4.44075006808188,0.,0.3268,0.,0.,0.;                               1247P   1059
126,1,1,0,0,1,0,0.,0.,0.0488439708102951,0.0488439708102951,1.,     1249P   1060
1.,-6.732,-3.91072121740673,-4.44075006808188,-6.732,               1249P   1061
-3.91072121740673,-3.95231035997893,0.,0.0488439708102951,0.,0.,    1249P   1062
0.;                                                                 1249P   1063
126,1,1,0,0,1,0,-0.226164250042299,-0.226164250042299,              1251P   1064
-0.175052850907096,-0.175052850907096,1.,1.,-10.,                   1251P   1065
-4.42183520875876,-4.44075006808188,-10.,-3.91072121740673,         1251P   1066
-4.44075006808188,-0.226164250042299,-0.175052850907096,0.,0.,      1251P   1067
0.;                                                                 1251P   1068
126,1,1,0,0,1,0,0.,0.,0.3268,0.3268,1.,1.,-10.,                     1253P   1069
-4.42183520875876,-4.44075006808188,-6.732,-4.42183520875876,       1253P   1070
-4.44075006808188,0.,0.3268,0.,0.,0.;                               1253P   1071
126,1,1,0,0,1,0,0.,0.,0.0511113991352027,0.0511113991352027,1.,     1255P   1072
1.,-6.732,-4.42183520875876,-4.44075006808188,-6.732,               1255P   1073
-3.91072121740673,-4.44075006808188,0.,0.0511113991352027,0.,0.,    1255P   1074
0.;                                                                 1255P   1075
126,1,1,0,0,1,0,-0.0805881641562221,-0.0805881641562221,            1257P   1076
0.129432134966517,0.129432134966517,1.,1.,-10.,                     1257P   1077
-4.42183520875876,-2.34054707685448,-10.,-4.42183520875876,         1257P   1078
-4.44075006808188,-0.0805881641562221,0.129432134966517,0.,0.,      1257P   1079
0.;                                                                 1257P   1080
126,1,1,0,0,1,0,0.,0.,0.3268,0.3268,1.,1.,-10.,                     1259P   1081
-4.42183520875876,-2.34054707685448,-6.732,-4.42183520875876,       1259P   1082
-2.34054707685448,0.,0.3268,0.,0.,0.;                               1259P   1083
126,1,1,0,0,1,0,0.,0.,0.210020299122739,0.210020299122739,1.,1.,    1261P   1084
-6.732,-4.42183520875876,-2.34054707685448,-6.732,                  1261P   1085
-4.42183520875876,-4.44075006808188,0.,0.210020299122739,0.,0.,     1261P   1086
0.;                                                                 1261P   1087
126,1,1,0,0,1,0,-0.226164250042299,-0.226164250042299,              1263P   1088
0.678492750126897,0.678492750126897,1.,1.,-10.,4.6247347929332,     1263P   1089
-2.34054707685448,-10.,-4.42183520875876,-2.34054707685448,         1263P   1090
-0.226164250042299,0.678492750126897,0.,0.,0.;                      1263P   1091
126,1,1,0,0,1,0,0.,0.,0.3268,0.3268,1.,1.,-10.,4.6247347929332,     1265P   1092
-2.34054707685448,-6.732,4.6247347929332,-2.34054707685448,0.,      1265P   1093
0.3268,0.,0.,0.;                                                    1265P   1094
126,1,1,0,0,1,0,-0.452328500084598,-0.452328500084598,              1267P   1095
0.452328500084598,0.452328500084598,1.,1.,-6.732,                   1267P   1096
4.6247347929332,-2.34054707685448,-6.732,-4.42183520875876,         1267P   1097
-2.34054707685448,-0.452328500084598,0.452328500084598,0.,0.,0.;    1267P   1098
126,1,1,0,0,1,0,-0.0244219854051476,-0.0244219854051476,            1269P   1099
0.185598313717592,0.185598313717592,1.,1.,-10.,4.6247347929332,     1269P   1100
-4.44075006808188,-10.,4.6247347929332,-2.34054707685448,           1269P   1101
-0.0244219854051476,0.185598313717592,0.,0.,0.;                     1269P   1102
126,1,1,0,0,1,0,-0.210020299122739,-0.210020299122739,0.,0.,1.,     1271P   1103
1.,-6.732,4.6247347929332,-4.44075006808188,-6.732,                 1271P   1104
4.6247347929332,-2.34054707685448,-0.210020299122739,0.,0.,0.,      1271P   1105
0.;                                                                 1271P   1106
126,1,1,0,0,1,0,0.0532306645897952,0.0532306645897952,              1273P   1107
0.12392515455935,0.12392515455935,1.,1.,-10.,4.12962799370315,      1273P   1108
-5.01692365177483,-10.,4.12962799370315,-5.72386855147038,          1273P   1109
0.0532306645897952,0.12392515455935,0.,0.,0.;                       1273P   1110
126,1,1,0,0,1,0,0.,0.,0.3268,0.3268,1.,1.,-10.,4.12962799370315,    1275P   1111
-5.01692365177483,-6.732,4.12962799370315,-5.01692365177483,0.,     1275P   1112
0.3268,0.,0.,0.;                                                    1275P   1113
126,1,1,0,0,1,0,0.,0.,0.0706944899695547,0.0706944899695547,1.,     1277P   1114
1.,-6.732,4.12962799370315,-5.01692365177483,-6.732,                1277P   1115
4.12962799370315,-5.72386855147038,0.,0.0706944899695547,0.,0.,     1277P   1116
0.;                                                                 1277P   1117
126,1,1,0,0,1,0,0.,0.,0.3268,0.3268,1.,1.,-10.,4.12962799370315,    1279P   1118
-5.72386855147038,-6.732,4.12962799370315,-5.72386855147038,0.,     1279P   1119
0.3268,0.,0.,0.;                                                    1279P   1120
126,1,1,0,0,1,0,-0.240394842049301,-0.240394842049301,              1281P   1121
-0.162422978112292,-0.162422978112292,1.,1.,-10.,                   1281P   1122
4.90934663307324,-5.01692365177483,-10.,4.12962799370315,           1281P   1123
-5.01692365177483,-0.240394842049301,-0.162422978112292,0.,0.,      1281P   1124
0.;                                                                 1281P   1125
126,1,1,0,0,1,0,0.,0.,0.3268,0.3268,1.,1.,-10.,4.90934663307324,    1283P   1126
-5.01692365177483,-6.732,4.90934663307324,-5.01692365177483,0.,     1283P   1127
0.3268,0.,0.,0.;                                                    1283P   1128
126,1,1,0,0,1,0,0.,0.,0.077971863937009,0.077971863937009,1.,1.,    1285P   1129
-6.732,4.90934663307324,-5.01692365177483,-6.732,                   1285P   1130
4.12962799370315,-5.01692365177483,0.,0.077971863937009,0.,0.,      1285P   1131
0.;                                                                 1285P   1132
126,1,1,0,0,1,0,-0.0885779095745726,-0.0885779095745726,            1287P   1133
-0.0178834196050178,-0.0178834196050178,1.,1.,-10.,                 1287P   1134
4.90934663307324,-5.72386855147038,-10.,4.90934663307324,           1287P   1135
-5.01692365177483,-0.0885779095745726,-0.0178834196050178,0.,0.,    1287P   1136
0.;                                                                 1287P   1137
126,1,1,0,0,1,0,0.,0.,0.3268,0.3268,1.,1.,-10.,4.90934663307324,    1289P   1138
-5.72386855147038,-6.732,4.90934663307324,-5.72386855147038,0.,     1289P   1139
0.3268,0.,0.,0.;                                                    1289P   1140
126,1,1,0,0,1,0,0.,0.,0.0706944899695547,0.0706944899695547,1.,     1291P   1141
1.,-6.732,4.90934663307324,-5.72386855147038,-6.732,                1291P   1142
4.90934663307324,-5.01692365177483,0.,0.0706944899695547,0.,0.,     1291P   1143
0.;                                                                 1291P   1144
126,1,1,0,0,1,0,0.201408910080797,0.201408910080797,                1293P   1145
0.279380774017806,0.279380774017806,1.,1.,-10.,4.12962799370315,    1293P   1146
-5.72386855147038,-10.,4.90934663307324,-5.72386855147038,          1293P   1147
0.201408910080797,0.279380774017806,0.,0.,0.;                       1293P   1148
126,1,1,0,0,1,0,0.,0.,0.077971863937009,0.077971863937009,1.,1.,    1295P   1149
-6.732,4.12962799370315,-5.72386855147038,-6.732,                   1295P   1150
4.90934663307324,-5.72386855147038,0.,0.077971863937009,0.,0.,      1295P   1151
0.;                                                                 1295P   1152
126,1,1,0,0,1,0,0.0532306645897952,0.0532306645897952,              1297P   1153
0.12392515455935,0.12392515455935,1.,1.,-10.,-4.7064470488988,      1297P   1154
-5.01692365177483,-10.,-4.7064470488988,-5.72386855147038,          1297P   1155
0.0532306645897952,0.12392515455935,0.,0.,0.;                       1297P   1156
126,1,1,0,0,1,0,0.,0.,0.3268,0.3268,1.,1.,-10.,-4.7064470488988,    1299P   1157
-5.01692365177483,-6.732,-4.7064470488988,-5.01692365177483,0.,     1299P   1158
0.3268,0.,0.,0.;                                                    1299P   1159
126,1,1,0,0,1,0,-0.0706944899695547,-0.0706944899695547,0.,0.,      1301P   1160
1.,1.,-6.732,-4.7064470488988,-5.01692365177483,-6.732,             1301P   1161
-4.7064470488988,-5.72386855147038,-0.0706944899695547,0.,0.,0.,    1301P   1162
0.;                                                                 1301P   1163
126,1,1,0,0,1,0,0.,0.,0.3268,0.3268,1.,1.,-10.,-4.7064470488988,    1303P   1164
-5.72386855147038,-6.732,-4.7064470488988,-5.72386855147038,0.,     1303P   1165
0.3268,0.,0.,0.;                                                    1303P   1166
126,1,1,0,0,1,0,0.201408910080797,0.201408910080797,                1305P   1167
0.279380774017806,0.279380774017806,1.,1.,-10.,                     1305P   1168
-3.92672840952871,-5.01692365177483,-10.,-4.7064470488988,          1305P   1169
-5.01692365177483,0.201408910080797,0.279380774017806,0.,0.,0.;     1305P   1170
126,1,1,0,0,1,0,0.,0.,0.3268,0.3268,1.,1.,-10.,                     1307P   1171
-3.92672840952871,-5.01692365177483,-6.732,-3.92672840952871,       1307P   1172
-5.01692365177483,0.,0.3268,0.,0.,0.;                               1307P   1173
126,1,1,0,0,1,0,-0.077971863937009,-0.077971863937009,0.,0.,1.,     1309P   1174
1.,-6.732,-3.92672840952871,-5.01692365177483,-6.732,               1309P   1175
-4.7064470488988,-5.01692365177483,-0.077971863937009,0.,0.,0.,     1309P   1176
0.;                                                                 1309P   1177
126,1,1,0,0,1,0,-0.0885779095745726,-0.0885779095745726,            1311P   1178
-0.0178834196050178,-0.0178834196050178,1.,1.,-10.,                 1311P   1179
-3.92672840952871,-5.72386855147038,-10.,-3.92672840952871,         1311P   1180
-5.01692365177483,-0.0885779095745726,-0.0178834196050178,0.,0.,    1311P   1181
0.;                                                                 1311P   1182
126,1,1,0,0,1,0,0.,0.,0.3268,0.3268,1.,1.,-10.,                     1313P   1183
-3.92672840952871,-5.72386855147038,-6.732,-3.92672840952871,       1313P   1184
-5.72386855147038,0.,0.3268,0.,0.,0.;                               1313P   1185
126,1,1,0,0,1,0,-0.0706944899695547,-0.0706944899695547,0.,0.,      1315P   1186
1.,1.,-6.732,-3.92672840952871,-5.72386855147038,-6.732,            1315P   1187
-3.92672840952871,-5.01692365177483,-0.0706944899695547,0.,0.,      1315P   1188
0.,0.;                                                              1315P   1189
126,1,1,0,0,1,0,-0.240394842049301,-0.240394842049301,              1317P   1190
-0.162422978112292,-0.162422978112292,1.,1.,-10.,                   1317P   1191
-4.7064470488988,-5.72386855147038,-10.,-3.92672840952871,          1317P   1192
-5.72386855147038,-0.240394842049301,-0.162422978112292,0.,0.,      1317P   1193
0.;                                                                 1317P   1194
126,1,1,0,0,1,0,-0.077971863937009,-0.077971863937009,0.,0.,1.,     1319P   1195
1.,-6.732,-4.7064470488988,-5.72386855147038,-6.732,                1319P   1196
-3.92672840952871,-5.72386855147038,-0.077971863937009,0.,0.,0.,    1319P   1197
0.;                                                                 1319P   1198
126,1,1,0,0,1,0,0.,0.,0.444462071995785,0.444462071995785,1.,1.,    1321P   1199
-10.,-5.44447217534733,-1.75,-10.,-5.44447217534733,                1321P   1200
-6.19462071995785,0.,0.444462071995785,0.,0.,0.;                    1321P   1201
126,1,1,0,0,1,0,0.,0.,0.444462071995785,0.444462071995785,1.,1.,    1323P   1202
-5.75,-5.44447217534733,-1.75,-5.75,-5.44447217534733,              1323P   1203
-6.19462071995785,0.,0.444462071995785,0.,0.,0.;                    1323P   1204
126,1,1,0,0,1,0,0.,0.,0.425,0.425,1.,1.,-10.,-5.44447217534733,     1325P   1205
-1.75,-5.75,-5.44447217534733,-1.75,0.,0.425,0.,0.,0.;              1325P   1206
126,1,1,0,0,1,0,0.,0.,1.10918439348691,1.10918439348691,1.,1.,      1327P   1207
-10.,5.64737175952177,-1.75,-10.,-5.44447217534733,-1.75,0.,        1327P   1208
1.10918439348691,0.,0.,0.;                                          1327P   1209
126,1,1,0,0,1,0,0.,0.,1.10918439348691,1.10918439348691,1.,1.,      1329P   1210
-5.75,5.64737175952177,-1.75,-5.75,-5.44447217534733,-1.75,0.,      1329P   1211
1.10918439348691,0.,0.,0.;                                          1329P   1212
126,1,1,0,0,1,0,0.,0.,0.425,0.425,1.,1.,-10.,5.64737175952177,      1331P   1213
-1.75,-5.75,5.64737175952177,-1.75,0.,0.425,0.,0.,0.;               1331P   1214
126,1,1,0,0,1,0,-0.440462071995785,-0.440462071995785,0.004,        1333P   1215
0.004,1.,1.,-10.,5.64737175952177,-1.75,-10.,5.64737175952177,      1333P   1216
-6.19462071995785,-0.440462071995785,0.004,0.,0.,0.;                1333P   1217
126,1,1,0,0,1,0,-0.440462071995785,-0.440462071995785,0.004,        1335P   1218
0.004,1.,1.,-5.75,5.64737175952177,-1.75,-5.75,5.64737175952177,    1335P   1219
-6.19462071995785,-0.440462071995785,0.004,0.,0.,0.;                1335P   1220
126,2,2,0,0,0,0,-0.785398163397448,-0.785398163397448,              1337P   1221
-0.785398163397448,0.785398163397448,0.785398163397448,             1337P   1222
0.785398163397448,1.,0.707106781186548,1.,-7.,10.,-1.75,-10.,       1337P   1223
10.,-1.75,-10.,7.,-1.75,-0.785398163397448,0.785398163397448,0.,    1337P   1224
0.,0.;                                                              1337P   1225
126,1,1,0,0,1,0,-0.175,-0.175,0.,0.,1.,1.,-10.,7.,-1.75,-10.,7.,    1339P   1226
0.,-0.175,0.,0.,0.,0.;                                              1339P   1227
126,2,2,0,0,0,0,-0.785398163397448,-0.785398163397448,              1341P   1228
-0.785398163397448,0.785398163397448,0.785398163397448,             1341P   1229
0.785398163397448,1.,0.707106781186548,1.,-10.,7.,0.,-10.,10.,      1341P   1230
0.,-7.,10.,0.,-0.785398163397448,0.785398163397448,0.,0.,0.;        1341P   1231
126,1,1,0,0,1,0,0.,0.,0.175,0.175,1.,1.,-7.,10.,0.,-7.,10.,         1343P   1232
-1.75,0.,0.175,0.,0.,0.;                                            1343P   1233
126,1,1,0,0,1,0,0.3,0.3,1.7,1.7,1.,1.,-10.,-7.,0.,-10.,7.,0.,       1345P   1234
0.3,1.7,0.,0.,0.;                                                   1345P   1235
126,2,2,0,0,0,0,-0.785398163397448,-0.785398163397448,              1347P   1236
-0.785398163397448,0.785398163397448,0.785398163397448,             1347P   1237
0.785398163397448,1.,0.707106781186548,1.,-7.,-10.,0.,-10.,-10.,    1347P   1238
0.,-10.,-7.,0.,-0.785398163397448,0.785398163397448,0.,0.,0.;       1347P   1239
126,1,1,0,0,1,0,0.3,0.3,1.7,1.7,1.,1.,7.,-10.,0.,-7.,-10.,0.,       1349P   1240
0.3,1.7,0.,0.,0.;                                                   1349P   1241
126,2,2,0,0,0,0,-0.785398163397448,-0.785398163397448,              1351P   1242
-0.785398163397448,0.785398163397448,0.785398163397448,             1351P   1243
0.785398163397448,1.,0.707106781186548,1.,10.,-7.,0.,10.,-10.,      1351P   1244
0.,7.,-10.,0.,-0.785398163397448,0.785398163397448,0.,0.,0.;        1351P   1245
126,1,1,0,0,1,0,0.3,0.3,1.7,1.7,1.,1.,10.,7.,0.,10.,-7.,0.,0.3,     1353P   1246
1.7,0.,0.,0.;                                                       1353P   1247
126,2,2,0,0,0,0,-0.785398163397448,-0.785398163397448,              1355P   1248
-0.785398163397448,0.785398163397448,0.785398163397448,             1355P   1249
0.785398163397448,1.,0.707106781186548,1.,7.,10.,0.,10.,10.,0.,     1355P   1250
10.,7.,0.,-0.785398163397448,0.785398163397448,0.,0.,0.;            1355P   1251
126,1,1,0,0,1,0,0.3,0.3,1.7,1.7,1.,1.,-7.,10.,0.,7.,10.,0.,0.3,     1357P   1252
1.7,0.,0.,0.;                                                       1357P   1253
126,1,1,0,0,1,0,0.3,0.3,1.7,1.7,1.,1.,-10.,-7.,-1.75,-10.,7.,       1359P   1254
-1.75,0.3,1.7,0.,0.,0.;                                             1359P   1255
126,1,1,0,0,1,0,0.,0.,0.175,0.175,1.,1.,-10.,-7.,0.,-10.,-7.,       1361P   1256
-1.75,0.,0.175,0.,0.,0.;                                            1361P   1257
126,2,2,0,0,0,0,-0.785398163397448,-0.785398163397448,              1363P   1258
-0.785398163397448,0.785398163397448,0.785398163397448,             1363P   1259
0.785398163397448,1.,0.707106781186548,1.,-10.,-7.,-1.75,-10.,      1363P   1260
-10.,-1.75,-7.,-10.,-1.75,-0.785398163397448,0.785398163397448,     1363P   1261
0.,0.,0.;                                                           1363P   1262
126,1,1,0,0,1,0,-0.175,-0.175,0.,0.,1.,1.,-7.,-10.,-1.75,-7.,       1365P   1263
-10.,0.,-0.175,0.,0.,0.,0.;                                         1365P   1264
126,2,2,0,0,0,0,-0.785398163397448,-0.785398163397448,              1367P   1265
-0.785398163397448,0.785398163397448,0.785398163397448,             1367P   1266
0.785398163397448,1.,0.707106781186548,1.,10.,7.,-1.75,10.,10.,     1367P   1267
-1.75,7.,10.,-1.75,-0.785398163397448,0.785398163397448,0.,0.,      1367P   1268
0.;                                                                 1367P   1269
126,1,1,0,0,1,0,-0.175,-0.175,0.,0.,1.,1.,7.,10.,-1.75,7.,10.,      1369P   1270
0.,-0.175,0.,0.,0.,0.;                                              1369P   1271
126,1,1,0,0,1,0,0.,0.,0.175,0.175,1.,1.,10.,7.,0.,10.,7.,-1.75,     1371P   1272
0.,0.175,0.,0.,0.;                                                  1371P   1273
126,1,1,0,0,1,0,-0.175,-0.175,0.,0.,1.,1.,10.,-7.,-1.75,10.,-7.,    1373P   1274
0.,-0.175,0.,0.,0.,0.;                                              1373P   1275
126,1,1,0,0,1,0,0.3,0.3,1.7,1.7,1.,1.,10.,7.,-1.75,10.,-7.,         1375P   1276
-1.75,0.3,1.7,0.,0.,0.;                                             1375P   1277
126,2,2,0,0,0,0,-0.785398163397448,-0.785398163397448,              1377P   1278
-0.785398163397448,0.785398163397448,0.785398163397448,             1377P   1279
0.785398163397448,1.,0.707106781186548,1.,7.,-10.,-1.75,10.,        1377P   1280
-10.,-1.75,10.,-7.,-1.75,-0.785398163397448,0.785398163397448,      1377P   1281
0.,0.,0.;                                                           1377P   1282
126,1,1,0,0,1,0,0.,0.,0.175,0.175,1.,1.,7.,-10.,0.,7.,-10.,         1379P   1283
-1.75,0.,0.175,0.,0.,0.;                                            1379P   1284
126,1,1,0,0,1,0,-0.474802493575209,-0.474802493575209,              1381P   1285
-0.173178405083305,-0.173178405083305,1.,1.,-1.55531433061425,      1381P   1286
6.47980898658514,-1.75,-1.55531433061425,3.46356810166611,-1.75,    1381P   1287
-0.474802493575209,-0.173178405083305,0.,0.,0.;                     1381P   1288
126,1,1,0,0,1,0,0.,0.,0.0555,0.0555,1.,1.,-1.55531433061425,        1383P   1289
6.47980898658514,-1.75,-1.55531433061425,6.47980898658514,          1383P   1290
-2.305,0.,0.0555,0.,0.,0.;                                          1383P   1291
126,1,1,0,0,1,0,-0.301624088491903,-0.301624088491903,0.,0.,1.,     1385P   1292
1.,-1.55531433061425,3.46356810166611,-2.305,-1.55531433061425,     1385P   1293
6.47980898658514,-2.305,-0.301624088491903,0.,0.,0.,0.;             1385P   1294
126,1,1,0,0,1,0,0.,0.,0.0555,0.0555,1.,1.,-1.55531433061425,        1387P   1295
3.46356810166611,-1.75,-1.55531433061425,3.46356810166611,          1387P   1296
-2.305,0.,0.0555,0.,0.,0.;                                          1387P   1297
126,1,1,0,0,1,0,-0.229866752607826,-0.229866752607826,              1389P   1298
0.0743353195464013,0.0743353195464013,1.,1.,-1.55531433061425,      1389P   1299
3.46356810166611,-1.75,1.48670639092803,3.46356810166611,-1.75,     1389P   1300
-0.229866752607826,0.0743353195464013,0.,0.,0.;                     1389P   1301
126,1,1,0,0,1,0,-0.304202072154228,-0.304202072154228,0.,0.,1.,     1391P   1302
1.,1.48670639092803,3.46356810166611,-2.305,-1.55531433061425,      1391P   1303
3.46356810166611,-2.305,-0.304202072154228,0.,0.,0.,0.;             1391P   1304
126,1,1,0,0,1,0,0.,0.,0.0555,0.0555,1.,1.,1.48670639092803,         1393P   1305
3.46356810166611,-1.75,1.48670639092803,3.46356810166611,-2.305,    1393P   1306
0.,0.0555,0.,0.,0.;                                                 1393P   1307
126,1,1,0,0,1,0,0.0223663608373535,0.0223663608373535,              1395P   1308
0.323990449329257,0.323990449329257,1.,1.,1.48670639092803,         1395P   1309
3.46356810166611,-1.75,1.48670639092803,6.47980898658514,-1.75,     1395P   1310
0.0223663608373535,0.323990449329257,0.,0.,0.;                      1395P   1311
126,1,1,0,0,1,0,-0.301624088491903,-0.301624088491903,0.,0.,1.,     1397P   1312
1.,1.48670639092803,6.47980898658514,-2.305,1.48670639092803,       1397P   1313
3.46356810166611,-2.305,-0.301624088491903,0.,0.,0.,0.;             1397P   1314
126,1,1,0,0,1,0,0.,0.,0.0555,0.0555,1.,1.,1.48670639092803,         1399P   1315
6.47980898658514,-1.75,1.48670639092803,6.47980898658514,-2.305,    1399P   1316
0.,0.0555,0.,0.,0.;                                                 1399P   1317
126,1,1,0,0,1,0,-0.226436355623515,-0.226436355623515,              1401P   1318
0.0777657165307125,0.0777657165307125,1.,1.,1.48670639092803,       1401P   1319
6.47980898658514,-1.75,-1.55531433061425,6.47980898658514,-1.75,    1401P   1320
-0.226436355623515,0.0777657165307125,0.,0.,0.;                     1401P   1321
126,1,1,0,0,1,0,-0.304202072154228,-0.304202072154228,0.,0.,1.,     1403P   1322
1.,-1.55531433061425,6.47980898658514,-2.305,1.48670639092803,      1403P   1323
6.47980898658514,-2.305,-0.304202072154228,0.,0.,0.,0.;             1403P   1324
126,1,1,0,0,1,0,-0.0213583122441957,-0.0213583122441957,            1405P   1325
0.138827799318436,0.138827799318436,1.,1.,-2.14695865166293,        1405P   1326
-1.1746948707424,-1.75,-2.14695865166293,-2.77655598636872,         1405P   1327
-1.75,-0.0213583122441957,0.138827799318436,0.,0.,0.;               1405P   1328
126,1,1,0,0,1,0,0.,0.,0.0555,0.0555,1.,1.,-2.14695865166293,        1407P   1329
-1.1746948707424,-1.75,-2.14695865166293,-1.1746948707424,          1407P   1330
-2.305,0.,0.0555,0.,0.,0.;                                          1407P   1331
126,1,1,0,0,1,0,-0.160186111562632,-0.160186111562632,0.,0.,1.,     1409P   1332
1.,-2.14695865166293,-2.77655598636872,-2.305,-2.14695865166293,    1409P   1333
-1.1746948707424,-2.305,-0.160186111562632,0.,0.,0.,0.;             1409P   1334
126,1,1,0,0,1,0,0.,0.,0.0555,0.0555,1.,1.,-2.14695865166293,        1411P   1335
-2.77655598636872,-1.75,-2.14695865166293,-2.77655598636872,        1411P   1336
-2.305,0.,0.0555,0.,0.,0.;                                          1411P   1337
126,1,1,0,0,1,0,-0.255212035564037,-0.255212035564037,              1413P   1338
0.0405161703977441,0.0405161703977441,1.,1.,-2.14695865166293,      1413P   1339
-2.77655598636872,-1.75,0.810323407954883,-2.77655598636872,        1413P   1340
-1.75,-0.255212035564037,0.0405161703977441,0.,0.,0.;               1413P   1341
126,1,1,0,0,1,0,-0.295728205961781,-0.295728205961781,0.,0.,1.,     1415P   1342
1.,0.810323407954883,-2.77655598636872,-2.305,-2.14695865166293,    1415P   1343
-2.77655598636872,-2.305,-0.295728205961781,0.,0.,0.,0.;            1415P   1344
126,1,1,0,0,1,0,0.,0.,0.0555,0.0555,1.,1.,0.810323407954883,        1417P   1345
-2.77655598636872,-1.75,0.810323407954883,-2.77655598636872,        1417P   1346
-2.305,0.,0.0555,0.,0.,0.;                                          1417P   1347
126,1,1,0,0,1,0,-0.218920855099752,-0.218920855099752,              1419P   1348
-0.0587347435371201,-0.0587347435371201,1.,1.,0.810323407954883,    1419P   1349
-2.77655598636872,-1.75,0.810323407954883,-1.1746948707424,         1419P   1350
-1.75,-0.218920855099752,-0.0587347435371201,0.,0.,0.;              1419P   1351
126,1,1,0,0,1,0,-0.160186111562632,-0.160186111562632,0.,0.,1.,     1421P   1352
1.,0.810323407954883,-1.1746948707424,-2.305,0.810323407954883,     1421P   1353
-2.77655598636872,-2.305,-0.160186111562632,0.,0.,0.,0.;            1421P   1354
126,1,1,0,0,1,0,0.,0.,0.0555,0.0555,1.,1.,0.810323407954883,        1423P   1355
-1.1746948707424,-1.75,0.810323407954883,-1.1746948707424,          1423P   1356
-2.305,0.,0.0555,0.,0.,0.;                                          1423P   1357
126,1,1,0,0,1,0,-0.188380273378635,-0.188380273378635,              1425P   1358
0.107347932583147,0.107347932583147,1.,1.,0.810323407954883,        1425P   1359
-1.1746948707424,-1.75,-2.14695865166293,-1.1746948707424,-1.75,    1425P   1360
-0.188380273378635,0.107347932583147,0.,0.,0.;                      1425P   1361
126,1,1,0,0,1,0,-0.295728205961781,-0.295728205961781,0.,0.,1.,     1427P   1362
1.,-2.14695865166293,-1.1746948707424,-2.305,0.810323407954883,     1427P   1363
-1.1746948707424,-2.305,-0.295728205961781,0.,0.,0.,0.;             1427P   1364
126,1,1,0,0,1,0,-0.313517519600249,-0.313517519600249,              1429P   1365
-0.234021010800264,-0.234021010800264,1.,1.,-4.55981507793507,      1429P   1366
5.47538530400513,-1.75,-4.55981507793507,4.68042021600528,-1.75,    1429P   1367
-0.313517519600249,-0.234021010800264,0.,0.,0.;                     1429P   1368
126,1,1,0,0,1,0,0.,0.,0.0304,0.0304,1.,1.,-4.55981507793507,        1431P   1369
5.47538530400513,-1.75,-4.55981507793507,5.47538530400513,          1431P   1370
-2.054,0.,0.0304,0.,0.,0.;                                          1431P   1371
126,1,1,0,0,1,0,-0.0794965087999853,-0.0794965087999853,0.,0.,      1433P   1372
1.,1.,-4.55981507793507,4.68042021600528,-2.054,                    1433P   1373
-4.55981507793507,5.47538530400513,-2.054,-0.0794965087999853,      1433P   1374
0.,0.,0.,0.;                                                        1433P   1375
126,1,1,0,0,1,0,0.,0.,0.0304,0.0304,1.,1.,-4.55981507793507,        1435P   1376
4.68042021600528,-1.75,-4.55981507793507,4.68042021600528,          1435P   1377
-2.054,0.,0.0304,0.,0.,0.;                                          1435P   1378
126,1,1,0,0,1,0,-0.316790045641418,-0.316790045641418,              1437P   1379
-0.139191462152089,-0.139191462152089,1.,1.,-4.55981507793507,      1437P   1380
4.68042021600528,-1.75,-2.78382924304178,4.68042021600528,-1.75,    1437P   1381
-0.316790045641418,-0.139191462152089,0.,0.,0.;                     1437P   1382
126,1,1,0,0,1,0,-0.177598583489329,-0.177598583489329,0.,0.,1.,     1439P   1383
1.,-2.78382924304178,4.68042021600528,-2.054,-4.55981507793507,     1439P   1384
4.68042021600528,-2.054,-0.177598583489329,0.,0.,0.,0.;             1439P   1385
126,1,1,0,0,1,0,0.,0.,0.0304,0.0304,1.,1.,-2.78382924304178,        1441P   1386
4.68042021600528,-1.75,-2.78382924304178,4.68042021600528,          1441P   1387
-2.054,0.,0.0304,0.,0.,0.;                                          1441P   1388
126,1,1,0,0,1,0,0.194272756400271,0.194272756400271,                1443P   1389
0.273769265200256,0.273769265200256,1.,1.,-2.78382924304178,        1443P   1390
4.68042021600528,-1.75,-2.78382924304178,5.47538530400513,-1.75,    1443P   1391
0.194272756400271,0.273769265200256,0.,0.,0.;                       1443P   1392
126,1,1,0,0,1,0,-0.0794965087999853,-0.0794965087999853,0.,0.,      1445P   1393
1.,1.,-2.78382924304178,5.47538530400513,-2.054,                    1445P   1394
-2.78382924304178,4.68042021600528,-2.054,-0.0794965087999853,      1445P   1395
0.,0.,0.,0.;                                                        1445P   1396
126,1,1,0,0,1,0,0.,0.,0.0304,0.0304,1.,1.,-2.78382924304178,        1447P   1397
5.47538530400513,-1.75,-2.78382924304178,5.47538530400513,          1447P   1398
-2.054,0.,0.0304,0.,0.,0.;                                          1447P   1399
126,1,1,0,0,1,0,0.0503921704074243,0.0503921704074243,              1449P   1400
0.227990753896753,0.227990753896753,1.,1.,-2.78382924304178,        1449P   1401
5.47538530400513,-1.75,-4.55981507793507,5.47538530400513,-1.75,    1449P   1402
0.0503921704074243,0.227990753896753,0.,0.,0.;                      1449P   1403
126,1,1,0,0,1,0,-0.177598583489329,-0.177598583489329,0.,0.,1.,     1451P   1404
1.,-4.55981507793507,5.47538530400513,-2.054,-2.78382924304178,     1451P   1405
5.47538530400513,-2.054,-0.177598583489329,0.,0.,0.,0.;             1451P   1406
126,1,1,0,0,1,0,-0.530229142315174,-0.530229142315174,              1453P   1407
-0.442577697796159,-0.442577697796159,1.,1.,1.95074345014634,       1453P   1408
9.72806840111333,-1.75,1.95074345014634,8.85155395592319,-1.75,     1453P   1409
-0.530229142315174,-0.442577697796159,0.,0.,0.;                     1453P   1410
126,1,1,0,0,1,0,0.,0.,0.0304,0.0304,1.,1.,1.95074345014634,         1455P   1411
9.72806840111333,-1.75,1.95074345014634,9.72806840111333,-2.054,    1455P   1412
0.,0.0304,0.,0.,0.;                                                 1455P   1413
126,1,1,0,0,1,0,-0.0876514445190147,-0.0876514445190147,0.,0.,      1457P   1414
1.,1.,1.95074345014634,8.85155395592319,-2.054,1.95074345014634,    1457P   1415
9.72806840111333,-2.054,-0.0876514445190147,0.,0.,0.,0.;            1457P   1416
126,1,1,0,0,1,0,0.,0.,0.0304,0.0304,1.,1.,1.95074345014634,         1459P   1417
8.85155395592319,-1.75,1.95074345014634,8.85155395592319,-2.054,    1459P   1418
0.,0.0304,0.,0.,0.;                                                 1459P   1419
126,1,1,0,0,1,0,0.0124637116506262,0.0124637116506262,              1461P   1420
0.182610633364008,0.182610633364008,1.,1.,1.95074345014634,         1461P   1421
8.85155395592319,-1.75,3.65221266728015,8.85155395592319,-1.75,     1461P   1422
0.0124637116506262,0.182610633364008,0.,0.,0.;                      1461P   1423
126,1,1,0,0,1,0,-0.170146921713382,-0.170146921713382,0.,0.,1.,     1463P   1424
1.,3.65221266728015,8.85155395592319,-2.054,1.95074345014634,       1463P   1425
8.85155395592319,-2.054,-0.170146921713382,0.,0.,0.,0.;             1463P   1426
126,1,1,0,0,1,0,0.,0.,0.0304,0.0304,1.,1.,3.65221266728015,         1465P   1427
8.85155395592319,-1.75,3.65221266728015,8.85155395592319,-2.054,    1465P   1428
0.,0.0304,0.,0.,0.;                                                 1465P   1429
126,1,1,0,0,1,0,0.398751975536652,0.398751975536652,                1467P   1430
0.486403420055667,0.486403420055667,1.,1.,3.65221266728015,         1467P   1431
8.85155395592319,-1.75,3.65221266728015,9.72806840111333,-1.75,     1467P   1432
0.398751975536652,0.486403420055667,0.,0.,0.;                       1467P   1433
126,1,1,0,0,1,0,-0.0876514445190147,-0.0876514445190147,0.,0.,      1469P   1434
1.,1.,3.65221266728015,9.72806840111333,-2.054,3.65221266728015,    1469P   1435
8.85155395592319,-2.054,-0.0876514445190147,0.,0.,0.,0.;            1469P   1436
126,1,1,0,0,1,0,0.,0.,0.0304,0.0304,1.,1.,3.65221266728015,         1471P   1437
9.72806840111333,-1.75,3.65221266728015,9.72806840111333,-2.054,    1471P   1438
0.,0.0304,0.,0.,0.;                                                 1471P   1439
126,1,1,0,0,1,0,-0.267684094220698,-0.267684094220698,              1473P   1440
-0.097537172507317,-0.097537172507317,1.,1.,3.65221266728015,       1473P   1441
9.72806840111333,-1.75,1.95074345014634,9.72806840111333,-1.75,     1473P   1442
-0.267684094220698,-0.097537172507317,0.,0.,0.;                     1473P   1443
126,1,1,0,0,1,0,-0.170146921713382,-0.170146921713382,0.,0.,1.,     1475P   1444
1.,1.95074345014634,9.72806840111333,-2.054,3.65221266728015,       1475P   1445
9.72806840111333,-2.054,-0.170146921713382,0.,0.,0.,0.;             1475P   1446
126,1,1,0,0,1,0,-0.0694141457129851,-0.0694141457129851,            1477P   1447
0.154846410474699,0.154846410474699,1.,1.,2.85577683252387,         1477P   1448
-0.85432264761714,-1.75,2.85577683252387,-3.09692820949398,         1477P   1449
-1.75,-0.0694141457129851,0.154846410474699,0.,0.,0.;               1477P   1450
126,1,1,0,0,1,0,0.,0.,0.0304,0.0304,1.,1.,2.85577683252387,         1479P   1451
-0.85432264761714,-1.75,2.85577683252387,-0.85432264761714,         1479P   1452
-2.054,0.,0.0304,0.,0.,0.;                                          1479P   1453
126,1,1,0,0,1,0,-0.224260556187684,-0.224260556187684,0.,0.,1.,     1481P   1454
1.,2.85577683252387,-3.09692820949398,-2.054,2.85577683252387,      1481P   1455
-0.85432264761714,-2.054,-0.224260556187684,0.,0.,0.,0.;            1481P   1456
126,1,1,0,0,1,0,0.,0.,0.0304,0.0304,1.,1.,2.85577683252387,         1483P   1457
-3.09692820949398,-1.75,2.85577683252387,-3.09692820949398,         1483P   1458
-2.054,0.,0.0304,0.,0.,0.;                                          1483P   1459
126,1,1,0,0,1,0,0.0971974098737524,0.0971974098737524,              1485P   1460
0.188380273378635,0.188380273378635,1.,1.,2.85577683252387,         1485P   1461
-3.09692820949398,-1.75,3.7676054675727,-3.09692820949398,-1.75,    1485P   1462
0.0971974098737524,0.188380273378635,0.,0.,0.;                      1485P   1463
126,1,1,0,0,1,0,-0.0911828635048826,-0.0911828635048826,0.,0.,      1487P   1464
1.,1.,3.7676054675727,-3.09692820949398,-2.054,2.85577683252387,    1487P   1465
-3.09692820949398,-2.054,-0.0911828635048826,0.,0.,0.,0.;           1487P   1466
126,1,1,0,0,1,0,0.,0.,0.0304,0.0304,1.,1.,3.7676054675727,          1489P   1467
-3.09692820949398,-1.75,3.7676054675727,-3.09692820949398,          1489P   1468
-2.054,0.,0.0304,0.,0.,0.;                                          1489P   1469
126,1,1,0,0,1,0,-0.266976688568541,-0.266976688568541,              1491P   1470
-0.042716132380857,-0.042716132380857,1.,1.,3.7676054675727,        1491P   1471
-3.09692820949398,-1.75,3.7676054675727,-0.85432264761714,-1.75,    1491P   1472
-0.266976688568541,-0.042716132380857,0.,0.,0.;                     1491P   1473
126,1,1,0,0,1,0,-0.224260556187684,-0.224260556187684,0.,0.,1.,     1493P   1474
1.,3.7676054675727,-0.85432264761714,-2.054,3.7676054675727,        1493P   1475
-3.09692820949398,-2.054,-0.224260556187684,0.,0.,0.,0.;            1493P   1476
126,1,1,0,0,1,0,0.,0.,0.0304,0.0304,1.,1.,3.7676054675727,          1495P   1477
-0.85432264761714,-1.75,3.7676054675727,-0.85432264761714,          1495P   1478
-2.054,0.,0.0304,0.,0.,0.;                                          1495P   1479
126,1,1,0,0,1,0,-0.233971705131076,-0.233971705131076,              1497P   1480
-0.142788841626194,-0.142788841626194,1.,1.,3.7676054675727,        1497P   1481
-0.85432264761714,-1.75,2.85577683252387,-0.85432264761714,         1497P   1482
-1.75,-0.233971705131076,-0.142788841626194,0.,0.,0.;               1497P   1483
126,1,1,0,0,1,0,-0.0911828635048826,-0.0911828635048826,0.,0.,      1499P   1484
1.,1.,2.85577683252387,-0.85432264761714,-2.054,3.7676054675727,    1499P   1485
-0.85432264761714,-2.054,-0.0911828635048826,0.,0.,0.,0.;           1499P   1486
126,1,1,0,0,1,0,0.393437462642948,0.393437462642948,                1501P   1487
0.471287912862387,0.471287912862387,1.,1.,2.58469264372557,         1501P   1488
-8.64725375505335,-1.75,2.58469264372557,-9.42575825724774,         1501P   1489
-1.75,0.393437462642948,0.471287912862387,0.,0.,0.;                 1501P   1490
126,1,1,0,0,1,0,0.,0.,0.0304,0.0304,1.,1.,2.58469264372557,         1503P   1491
-8.64725375505335,-1.75,2.58469264372557,-8.64725375505335,         1503P   1492
-2.054,0.,0.0304,0.,0.,0.;                                          1503P   1493
126,1,1,0,0,1,0,-0.077850450219439,-0.077850450219439,0.,0.,1.,     1505P   1494
1.,2.58469264372557,-9.42575825724774,-2.054,2.58469264372557,      1505P   1495
-8.64725375505335,-2.054,-0.077850450219439,0.,0.,0.,0.;            1505P   1496
126,1,1,0,0,1,0,0.,0.,0.0304,0.0304,1.,1.,2.58469264372557,         1507P   1497
-9.42575825724774,-1.75,2.58469264372557,-9.42575825724774,         1507P   1498
-2.054,0.,0.0304,0.,0.,0.;                                          1507P   1499
126,1,1,0,0,1,0,0.024029322915375,0.024029322915375,                1509P   1500
0.234439941457182,0.234439941457182,1.,1.,2.58469264372557,         1509P   1501
-9.42575825724774,-1.75,4.68879882914365,-9.42575825724774,         1509P   1502
-1.75,0.024029322915375,0.234439941457182,0.,0.,0.;                 1509P   1503
126,1,1,0,0,1,0,-0.210410618541807,-0.210410618541807,0.,0.,1.,     1511P   1504
1.,4.68879882914365,-9.42575825724774,-2.054,2.58469264372557,      1511P   1505
-9.42575825724774,-2.054,-0.210410618541807,0.,0.,0.,0.;            1511P   1506
126,1,1,0,0,1,0,0.,0.,0.0304,0.0304,1.,1.,4.68879882914365,         1513P   1507
-9.42575825724774,-1.75,4.68879882914365,-9.42575825724774,         1513P   1508
-2.054,0.,0.0304,0.,0.,0.;                                          1513P   1509
126,1,1,0,0,1,0,-0.510213137972107,-0.510213137972107,              1515P   1510
-0.432362687752668,-0.432362687752668,1.,1.,4.68879882914365,       1515P   1511
-9.42575825724774,-1.75,4.68879882914365,-8.64725375505335,         1515P   1512
-1.75,-0.510213137972107,-0.432362687752668,0.,0.,0.;               1515P   1513
126,1,1,0,0,1,0,-0.077850450219439,-0.077850450219439,0.,0.,1.,     1517P   1514
1.,4.68879882914365,-8.64725375505335,-2.054,4.68879882914365,      1517P   1515
-9.42575825724774,-2.054,-0.077850450219439,0.,0.,0.,0.;            1517P   1516
126,1,1,0,0,1,0,0.,0.,0.0304,0.0304,1.,1.,4.68879882914365,         1519P   1517
-8.64725375505335,-1.75,4.68879882914365,-8.64725375505335,         1519P   1518
-2.054,0.,0.0304,0.,0.,0.;                                          1519P   1519
126,1,1,0,0,1,0,-0.339645250728086,-0.339645250728086,              1521P   1520
-0.129234632186279,-0.129234632186279,1.,1.,4.68879882914365,       1521P   1521
-8.64725375505335,-1.75,2.58469264372557,-8.64725375505335,         1521P   1522
-1.75,-0.339645250728086,-0.129234632186279,0.,0.,0.;               1521P   1523
126,1,1,0,0,1,0,-0.210410618541807,-0.210410618541807,0.,0.,1.,     1523P   1524
1.,2.58469264372557,-8.64725375505335,-2.054,4.68879882914365,      1523P   1525
-8.64725375505335,-2.054,-0.210410618541807,0.,0.,0.,0.;            1523P   1526
126,1,1,0,0,1,0,0.0957007692823429,0.0957007692823429,              1525P   1527
0.349534146066205,0.349534146066205,1.,1.,2.58469264372557,         1525P   1528
-4.45234915348548,-1.75,2.58469264372557,-6.9906829213241,-1.75,    1525P   1529
0.0957007692823429,0.349534146066205,0.,0.,0.;                      1525P   1530
126,1,1,0,0,1,0,0.,0.,0.0304,0.0304,1.,1.,2.58469264372557,         1527P   1531
-4.45234915348548,-1.75,2.58469264372557,-4.45234915348548,         1527P   1532
-2.054,0.,0.0304,0.,0.,0.;                                          1527P   1533
126,1,1,0,0,1,0,-0.253833376783862,-0.253833376783862,0.,0.,1.,     1529P   1534
1.,2.58469264372557,-6.9906829213241,-2.054,2.58469264372557,       1529P   1535
-4.45234915348548,-2.054,-0.253833376783862,0.,0.,0.,0.;            1529P   1536
126,1,1,0,0,1,0,0.,0.,0.0304,0.0304,1.,1.,2.58469264372557,         1531P   1537
-6.9906829213241,-1.75,2.58469264372557,-6.9906829213241,-2.054,    1531P   1538
0.,0.0304,0.,0.,0.;                                                 1531P   1539
126,1,1,0,0,1,0,0.0577669824121815,0.0577669824121815,              1533P   1540
0.200702281960376,0.200702281960376,1.,1.,2.58469264372557,         1533P   1541
-6.9906829213241,-1.75,4.01404563920751,-6.9906829213241,-1.75,     1533P   1542
0.0577669824121815,0.200702281960376,0.,0.,0.;                      1533P   1543
126,1,1,0,0,1,0,-0.142935299548194,-0.142935299548194,0.,0.,1.,     1535P   1544
1.,4.01404563920751,-6.9906829213241,-2.054,2.58469264372557,       1535P   1545
-6.9906829213241,-2.054,-0.142935299548194,0.,0.,0.,0.;             1535P   1546
126,1,1,0,0,1,0,0.,0.,0.0304,0.0304,1.,1.,4.01404563920751,         1537P   1547
-6.9906829213241,-1.75,4.01404563920751,-6.9906829213241,-2.054,    1537P   1548
0.,0.0304,0.,0.,0.;                                                 1537P   1549
126,1,1,0,0,1,0,-0.476450834458136,-0.476450834458136,              1539P   1550
-0.222617457674274,-0.222617457674274,1.,1.,4.01404563920751,       1539P   1551
-6.9906829213241,-1.75,4.01404563920751,-4.45234915348548,-1.75,    1539P   1552
-0.476450834458136,-0.222617457674274,0.,0.,0.;                     1539P   1553
126,1,1,0,0,1,0,-0.253833376783862,-0.253833376783862,0.,0.,1.,     1541P   1554
1.,4.01404563920751,-4.45234915348548,-2.054,4.01404563920751,      1541P   1555
-6.9906829213241,-2.054,-0.253833376783862,0.,0.,0.,0.;             1541P   1556
126,1,1,0,0,1,0,0.,0.,0.0304,0.0304,1.,1.,4.01404563920751,         1543P   1557
-4.45234915348548,-1.75,4.01404563920751,-4.45234915348548,         1543P   1558
-2.054,0.,0.0304,0.,0.,0.;                                          1543P   1559
126,1,1,0,0,1,0,-0.272169931734473,-0.272169931734473,              1545P   1560
-0.129234632186279,-0.129234632186279,1.,1.,4.01404563920751,       1545P   1561
-4.45234915348548,-1.75,2.58469264372557,-4.45234915348548,         1545P   1562
-1.75,-0.272169931734473,-0.129234632186279,0.,0.,0.;               1545P   1563
126,1,1,0,0,1,0,-0.142935299548194,-0.142935299548194,0.,0.,1.,     1547P   1564
1.,2.58469264372557,-4.45234915348548,-2.054,4.01404563920751,      1547P   1565
-4.45234915348548,-2.054,-0.142935299548194,0.,0.,0.,0.;            1547P   1566
126,1,1,0,0,1,0,-0.0694141457129851,-0.0694141457129851,            1549P   1567
0.154846410474699,0.154846410474699,1.,1.,1.327847768388,           1549P   1568
-0.85432264761714,-1.75,1.327847768388,-3.09692820949398,-1.75,     1549P   1569
-0.0694141457129851,0.154846410474699,0.,0.,0.;                     1549P   1570
126,1,1,0,0,1,0,0.,0.,0.0304,0.0304,1.,1.,1.327847768388,           1551P   1571
-0.85432264761714,-1.75,1.327847768388,-0.85432264761714,-2.054,    1551P   1572
0.,0.0304,0.,0.,0.;                                                 1551P   1573
126,1,1,0,0,1,0,-0.224260556187684,-0.224260556187684,0.,0.,1.,     1553P   1574
1.,1.327847768388,-3.09692820949398,-2.054,1.327847768388,          1553P   1575
-0.85432264761714,-2.054,-0.224260556187684,0.,0.,0.,0.;            1553P   1576
126,1,1,0,0,1,0,0.,0.,0.0304,0.0304,1.,1.,1.327847768388,           1555P   1577
-3.09692820949398,-1.75,1.327847768388,-3.09692820949398,-2.054,    1555P   1578
0.,0.0304,0.,0.,0.;                                                 1555P   1579
126,1,1,0,0,1,0,0.0109433498015662,0.0109433498015662,              1557P   1580
0.121841427037234,0.121841427037234,1.,1.,1.327847768388,           1557P   1581
-3.09692820949398,-1.75,2.43682854074468,-3.09692820949398,         1557P   1582
-1.75,0.0109433498015662,0.121841427037234,0.,0.,0.;                1557P   1583
126,1,1,0,0,1,0,-0.110898077235668,-0.110898077235668,0.,0.,1.,     1559P   1584
1.,2.43682854074468,-3.09692820949398,-2.054,1.327847768388,        1559P   1585
-3.09692820949398,-2.054,-0.110898077235668,0.,0.,0.,0.;            1559P   1586
126,1,1,0,0,1,0,0.,0.,0.0304,0.0304,1.,1.,2.43682854074468,         1561P   1587
-3.09692820949398,-1.75,2.43682854074468,-3.09692820949398,         1561P   1588
-2.054,0.,0.0304,0.,0.,0.;                                          1561P   1589
126,1,1,0,0,1,0,-0.266976688568541,-0.266976688568541,              1563P   1590
-0.042716132380857,-0.042716132380857,1.,1.,2.43682854074468,       1563P   1591
-3.09692820949398,-1.75,2.43682854074468,-0.85432264761714,         1563P   1592
-1.75,-0.266976688568541,-0.042716132380857,0.,0.,0.;               1563P   1593
126,1,1,0,0,1,0,-0.224260556187684,-0.224260556187684,0.,0.,1.,     1565P   1594
1.,2.43682854074468,-0.85432264761714,-2.054,2.43682854074468,      1565P   1595
-3.09692820949398,-2.054,-0.224260556187684,0.,0.,0.,0.;            1565P   1596
126,1,1,0,0,1,0,0.,0.,0.0304,0.0304,1.,1.,2.43682854074468,         1567P   1597
-0.85432264761714,-1.75,2.43682854074468,-0.85432264761714,         1567P   1598
-2.054,0.,0.0304,0.,0.,0.;                                          1567P   1599
126,1,1,0,0,1,0,-0.177290465655068,-0.177290465655068,              1569P   1600
-0.0663923884194001,-0.0663923884194001,1.,1.,2.43682854074468,     1569P   1601
-0.85432264761714,-1.75,1.327847768388,-0.85432264761714,-1.75,     1569P   1602
-0.177290465655068,-0.0663923884194001,0.,0.,0.;                    1569P   1603
126,1,1,0,0,1,0,-0.110898077235668,-0.110898077235668,0.,0.,1.,     1571P   1604
1.,1.327847768388,-0.85432264761714,-2.054,2.43682854074468,        1571P   1605
-0.85432264761714,-2.054,-0.110898077235668,0.,0.,0.,0.;            1571P   1606
126,1,1,0,0,1,0,-0.442577697796159,-0.442577697796159,              1573P   1607
-0.362660204264116,-0.362660204264116,1.,1.,1.95074345014634,       1573P   1608
8.05237902060276,-1.75,1.95074345014634,7.25320408528233,-1.75,     1573P   1609
-0.442577697796159,-0.362660204264116,0.,0.,0.;                     1573P   1610
126,1,1,0,0,1,0,0.,0.,0.0304,0.0304,1.,1.,1.95074345014634,         1575P   1611
8.05237902060276,-1.75,1.95074345014634,8.05237902060276,-2.054,    1575P   1612
0.,0.0304,0.,0.,0.;                                                 1575P   1613
126,1,1,0,0,1,0,-0.0799174935320428,-0.0799174935320428,0.,0.,      1577P   1614
1.,1.,1.95074345014634,7.25320408528233,-2.054,1.95074345014634,    1577P   1615
8.05237902060276,-2.054,-0.0799174935320428,0.,0.,0.,0.;            1577P   1616
126,1,1,0,0,1,0,0.,0.,0.0304,0.0304,1.,1.,1.95074345014634,         1579P   1617
7.25320408528233,-1.75,1.95074345014634,7.25320408528233,-2.054,    1579P   1618
0.,0.0304,0.,0.,0.;                                                 1579P   1619
126,1,1,0,0,1,0,0.0124637116506262,0.0124637116506262,              1581P   1620
0.182610633364008,0.182610633364008,1.,1.,1.95074345014634,         1581P   1621
7.25320408528233,-1.75,3.65221266728015,7.25320408528233,-1.75,     1581P   1622
0.0124637116506262,0.182610633364008,0.,0.,0.;                      1581P   1623
126,1,1,0,0,1,0,-0.170146921713382,-0.170146921713382,0.,0.,1.,     1583P   1624
1.,3.65221266728015,7.25320408528233,-2.054,1.95074345014634,       1583P   1625
7.25320408528233,-2.054,-0.170146921713382,0.,0.,0.,0.;             1583P   1626
126,1,1,0,0,1,0,0.,0.,0.0304,0.0304,1.,1.,3.65221266728015,         1585P   1627
7.25320408528233,-1.75,3.65221266728015,7.25320408528233,-2.054,    1585P   1628
0.,0.0304,0.,0.,0.;                                                 1585P   1629
126,1,1,0,0,1,0,0.322701457498095,0.322701457498095,                1587P   1630
0.402618951030138,0.402618951030138,1.,1.,3.65221266728015,         1587P   1631
7.25320408528233,-1.75,3.65221266728015,8.05237902060276,-1.75,     1587P   1632
0.322701457498095,0.402618951030138,0.,0.,0.;                       1587P   1633
126,1,1,0,0,1,0,-0.0799174935320428,-0.0799174935320428,0.,0.,      1589P   1634
1.,1.,3.65221266728015,8.05237902060276,-2.054,3.65221266728015,    1589P   1635
7.25320408528233,-2.054,-0.0799174935320428,0.,0.,0.,0.;            1589P   1636
126,1,1,0,0,1,0,0.,0.,0.0304,0.0304,1.,1.,3.65221266728015,         1591P   1637
8.05237902060276,-1.75,3.65221266728015,8.05237902060276,-2.054,    1591P   1638
0.,0.0304,0.,0.,0.;                                                 1591P   1639
126,1,1,0,0,1,0,-0.267684094220698,-0.267684094220698,              1593P   1640
-0.097537172507317,-0.097537172507317,1.,1.,3.65221266728015,       1593P   1641
8.05237902060276,-1.75,1.95074345014634,8.05237902060276,-1.75,     1593P   1642
-0.267684094220698,-0.097537172507317,0.,0.,0.;                     1593P   1643
126,1,1,0,0,1,0,-0.170146921713382,-0.170146921713382,0.,0.,1.,     1595P   1644
1.,1.95074345014634,8.05237902060276,-2.054,3.65221266728015,       1595P   1645
8.05237902060276,-2.054,-0.170146921713382,0.,0.,0.,0.;             1595P   1646
126,1,1,0,0,1,0,-0.38286553791513,-0.38286553791513,                1597P   1647
-0.308443274357697,-0.308443274357697,1.,1.,-4.55981507793507,      1597P   1648
6.91308812272827,-1.75,-4.55981507793507,6.16886548715394,-1.75,    1597P   1649
-0.38286553791513,-0.308443274357697,0.,0.,0.;                      1597P   1650
126,1,1,0,0,1,0,0.,0.,0.0304,0.0304,1.,1.,-4.55981507793507,        1599P   1651
6.91308812272827,-1.75,-4.55981507793507,6.91308812272827,          1599P   1652
-2.054,0.,0.0304,0.,0.,0.;                                          1599P   1653
126,1,1,0,0,1,0,-0.0744222635574331,-0.0744222635574331,0.,0.,      1601P   1654
1.,1.,-4.55981507793507,6.16886548715394,-2.054,                    1601P   1655
-4.55981507793507,6.91308812272827,-2.054,-0.0744222635574331,      1601P   1656
0.,0.,0.,0.;                                                        1601P   1657
126,1,1,0,0,1,0,0.,0.,0.0304,0.0304,1.,1.,-4.55981507793507,        1603P   1658
6.16886548715394,-1.75,-4.55981507793507,6.16886548715394,          1603P   1659
-2.054,0.,0.0304,0.,0.,0.;                                          1603P   1660
126,1,1,0,0,1,0,-0.316790045641418,-0.316790045641418,              1605P   1661
-0.139191462152089,-0.139191462152089,1.,1.,-4.55981507793507,      1605P   1662
6.16886548715394,-1.75,-2.78382924304178,6.16886548715394,-1.75,    1605P   1663
-0.316790045641418,-0.139191462152089,0.,0.,0.;                     1605P   1664
126,1,1,0,0,1,0,-0.177598583489329,-0.177598583489329,0.,0.,1.,     1607P   1665
1.,-2.78382924304178,6.16886548715394,-2.054,-4.55981507793507,     1607P   1666
6.16886548715394,-2.054,-0.177598583489329,0.,0.,0.,0.;             1607P   1667
126,1,1,0,0,1,0,0.,0.,0.0304,0.0304,1.,1.,-2.78382924304178,        1609P   1668
6.16886548715394,-1.75,-2.78382924304178,6.16886548715394,          1609P   1669
-2.054,0.,0.0304,0.,0.,0.;                                          1609P   1670
126,1,1,0,0,1,0,0.27123214257898,0.27123214257898,                  1611P   1671
0.345654406136413,0.345654406136413,1.,1.,-2.78382924304178,        1611P   1672
6.16886548715394,-1.75,-2.78382924304178,6.91308812272827,-1.75,    1611P   1673
0.27123214257898,0.345654406136413,0.,0.,0.;                        1611P   1674
126,1,1,0,0,1,0,-0.0744222635574331,-0.0744222635574331,0.,0.,      1613P   1675
1.,1.,-2.78382924304178,6.91308812272827,-2.054,                    1613P   1676
-2.78382924304178,6.16886548715394,-2.054,-0.0744222635574331,      1613P   1677
0.,0.,0.,0.;                                                        1613P   1678
126,1,1,0,0,1,0,0.,0.,0.0304,0.0304,1.,1.,-2.78382924304178,        1615P   1679
6.91308812272827,-1.75,-2.78382924304178,6.91308812272827,          1615P   1680
-2.054,0.,0.0304,0.,0.,0.;                                          1615P   1681
126,1,1,0,0,1,0,0.0503921704074243,0.0503921704074243,              1617P   1682
0.227990753896753,0.227990753896753,1.,1.,-2.78382924304178,        1617P   1683
6.91308812272827,-1.75,-4.55981507793507,6.91308812272827,-1.75,    1617P   1684
0.0503921704074243,0.227990753896753,0.,0.,0.;                      1617P   1685
126,1,1,0,0,1,0,-0.177598583489329,-0.177598583489329,0.,0.,1.,     1619P   1686
1.,-4.55981507793507,6.91308812272827,-2.054,-2.78382924304178,     1619P   1687
6.91308812272827,-2.054,-0.177598583489329,0.,0.,0.,0.;             1619P   1688
126,1,1,0,0,1,0,-0.530229142315174,-0.530229142315174,              1621P   1689
-0.442577697796159,-0.442577697796159,1.,1.,-1.63265384048397,      1621P   1690
9.72806840111333,-1.75,-1.63265384048397,8.85155395592319,-1.75,    1621P   1691
-0.530229142315174,-0.442577697796159,0.,0.,0.;                     1621P   1692
126,1,1,0,0,1,0,0.,0.,0.0304,0.0304,1.,1.,-1.63265384048397,        1623P   1693
9.72806840111333,-1.75,-1.63265384048397,9.72806840111333,          1623P   1694
-2.054,0.,0.0304,0.,0.,0.;                                          1623P   1695
126,1,1,0,0,1,0,-0.0876514445190147,-0.0876514445190147,0.,0.,      1625P   1696
1.,1.,-1.63265384048397,8.85155395592319,-2.054,                    1625P   1697
-1.63265384048397,9.72806840111333,-2.054,-0.0876514445190147,      1625P   1698
0.,0.,0.,0.;                                                        1625P   1699
126,1,1,0,0,1,0,0.,0.,0.0304,0.0304,1.,1.,-1.63265384048397,        1627P   1700
8.85155395592319,-1.75,-1.63265384048397,8.85155395592319,          1627P   1701
-2.054,0.,0.0304,0.,0.,0.;                                          1627P   1702
126,1,1,0,0,1,0,-0.169535618849473,-0.169535618849473,              1629P   1703
0.0062702348010758,0.0062702348010758,1.,1.,-1.63265384048397,      1629P   1704
8.85155395592319,-1.75,0.125404696021516,8.85155395592319,-1.75,    1629P   1705
-0.169535618849473,0.0062702348010758,0.,0.,0.;                     1629P   1706
126,1,1,0,0,1,0,-0.175805853650548,-0.175805853650548,0.,0.,1.,     1631P   1707
1.,0.125404696021516,8.85155395592319,-2.054,-1.63265384048397,     1631P   1708
8.85155395592319,-2.054,-0.175805853650548,0.,0.,0.,0.;             1631P   1709
126,1,1,0,0,1,0,0.,0.,0.0304,0.0304,1.,1.,0.125404696021516,        1633P   1710
8.85155395592319,-1.75,0.125404696021516,8.85155395592319,          1633P   1711
-2.054,0.,0.0304,0.,0.,0.;                                          1633P   1712
126,1,1,0,0,1,0,0.398751975536652,0.398751975536652,                1635P   1713
0.486403420055667,0.486403420055667,1.,1.,0.125404696021516,        1635P   1714
8.85155395592319,-1.75,0.125404696021516,9.72806840111333,-1.75,    1635P   1715
0.398751975536652,0.486403420055667,0.,0.,0.;                       1635P   1716
126,1,1,0,0,1,0,-0.0876514445190147,-0.0876514445190147,0.,0.,      1637P   1717
1.,1.,0.125404696021516,9.72806840111333,-2.054,                    1637P   1718
0.125404696021516,8.85155395592319,-2.054,-0.0876514445190147,      1637P   1719
0.,0.,0.,0.;                                                        1637P   1720
126,1,1,0,0,1,0,0.,0.,0.0304,0.0304,1.,1.,0.125404696021516,        1639P   1721
9.72806840111333,-1.75,0.125404696021516,9.72806840111333,          1639P   1722
-2.054,0.,0.0304,0.,0.,0.;                                          1639P   1723
126,1,1,0,0,1,0,-0.09417316162635,-0.09417316162635,                1641P   1724
0.0816326920241984,0.0816326920241984,1.,1.,0.125404696021516,      1641P   1725
9.72806840111333,-1.75,-1.63265384048397,9.72806840111333,-1.75,    1641P   1726
-0.09417316162635,0.0816326920241984,0.,0.,0.;                      1641P   1727
126,1,1,0,0,1,0,-0.175805853650548,-0.175805853650548,0.,0.,1.,     1643P   1728
1.,-1.63265384048397,9.72806840111333,-2.054,0.125404696021516,     1643P   1729
9.72806840111333,-2.054,-0.175805853650548,0.,0.,0.,0.;             1643P   1730
126,1,1,0,0,1,0,-0.39874747117223,-0.39874747117223,                1645P   1731
-0.218139077543163,-0.218139077543163,1.,1.,2.73729631183636,       1645P   1732
6.16886548715394,-1.75,2.73729631183636,4.36278155086327,-1.75,     1645P   1733
-0.39874747117223,-0.218139077543163,0.,0.,0.;                      1645P   1734
126,1,1,0,0,1,0,0.,0.,0.0304,0.0304,1.,1.,2.73729631183636,         1647P   1735
6.16886548715394,-1.75,2.73729631183636,6.16886548715394,-2.054,    1647P   1736
0.,0.0304,0.,0.,0.;                                                 1647P   1737
126,1,1,0,0,1,0,-0.180608393629067,-0.180608393629067,0.,0.,1.,     1649P   1738
1.,2.73729631183636,4.36278155086327,-2.054,2.73729631183636,       1649P   1739
6.16886548715394,-2.054,-0.180608393629067,0.,0.,0.,0.;             1649P   1740
126,1,1,0,0,1,0,0.,0.,0.0304,0.0304,1.,1.,2.73729631183636,         1651P   1741
4.36278155086327,-1.75,2.73729631183636,4.36278155086327,-2.054,    1651P   1742
0.,0.0304,0.,0.,0.;                                                 1651P   1743
126,1,1,0,0,1,0,0.0932531019017443,0.0932531019017443,              1653P   1744
0.180476529281892,0.180476529281892,1.,1.,2.73729631183636,         1653P   1745
4.36278155086327,-1.75,3.60953058563784,4.36278155086327,-1.75,     1653P   1746
0.0932531019017443,0.180476529281892,0.,0.,0.;                      1653P   1747
126,1,1,0,0,1,0,-0.0872234273801475,-0.0872234273801475,0.,0.,      1655P   1748
1.,1.,3.60953058563784,4.36278155086327,-2.054,2.73729631183636,    1655P   1749
4.36278155086327,-2.054,-0.0872234273801475,0.,0.,0.,0.;            1655P   1750
126,1,1,0,0,1,0,0.,0.,0.0304,0.0304,1.,1.,3.60953058563784,         1657P   1751
4.36278155086327,-1.75,3.60953058563784,4.36278155086327,-2.054,    1657P   1752
0.,0.0304,0.,0.,0.;                                                 1657P   1753
126,1,1,0,0,1,0,0.12783488072863,0.12783488072863,                  1659P   1754
0.308443274357697,0.308443274357697,1.,1.,3.60953058563784,         1659P   1755
4.36278155086327,-1.75,3.60953058563784,6.16886548715394,-1.75,     1659P   1756
0.12783488072863,0.308443274357697,0.,0.,0.;                        1659P   1757
126,1,1,0,0,1,0,-0.180608393629067,-0.180608393629067,0.,0.,1.,     1661P   1758
1.,3.60953058563784,6.16886548715394,-2.054,3.60953058563784,       1661P   1759
4.36278155086327,-2.054,-0.180608393629067,0.,0.,0.,0.;             1661P   1760
126,1,1,0,0,1,0,0.,0.,0.0304,0.0304,1.,1.,3.60953058563784,         1663P   1761
6.16886548715394,-1.75,3.60953058563784,6.16886548715394,-2.054,    1663P   1762
0.,0.0304,0.,0.,0.;                                                 1663P   1763
126,1,1,0,0,1,0,-0.224088242971966,-0.224088242971966,              1665P   1764
-0.136864815591818,-0.136864815591818,1.,1.,3.60953058563784,       1665P   1765
6.16886548715394,-1.75,2.73729631183636,6.16886548715394,-1.75,     1665P   1766
-0.224088242971966,-0.136864815591818,0.,0.,0.;                     1665P   1767
126,1,1,0,0,1,0,-0.0872234273801475,-0.0872234273801475,0.,0.,      1667P   1768
1.,1.,2.73729631183636,6.16886548715394,-2.054,3.60953058563784,    1667P   1769
6.16886548715394,-2.054,-0.0872234273801475,0.,0.,0.,0.;            1667P   1770
126,1,1,0,0,1,0,-0.284364272405868,-0.284364272405868,              1669P   1771
-0.0226939902654252,-0.0226939902654252,1.,1.,-3.67182216048842,    1669P   1772
3.07058262671293,-1.75,-3.67182216048842,0.453879805308505,         1669P   1773
-1.75,-0.284364272405868,-0.0226939902654252,0.,0.,0.;              1669P   1774
126,1,1,0,0,1,0,0.,0.,0.0304,0.0304,1.,1.,-3.67182216048842,        1671P   1775
3.07058262671293,-1.75,-3.67182216048842,3.07058262671293,          1671P   1776
-2.054,0.,0.0304,0.,0.,0.;                                          1671P   1777
126,1,1,0,0,1,0,-0.261670282140443,-0.261670282140443,0.,0.,1.,     1673P   1778
1.,-3.67182216048842,0.453879805308505,-2.054,-3.67182216048842,    1673P   1779
3.07058262671293,-2.054,-0.261670282140443,0.,0.,0.,0.;             1673P   1780
126,1,1,0,0,1,0,0.,0.,0.0304,0.0304,1.,1.,-3.67182216048842,        1675P   1781
0.453879805308505,-1.75,-3.67182216048842,0.453879805308505,        1675P   1782
-2.054,0.,0.0304,0.,0.,0.;                                          1675P   1783
126,1,1,0,0,1,0,-0.255298738741721,-0.255298738741721,              1677P   1784
-0.111883477307121,-0.111883477307121,1.,1.,-3.67182216048842,      1677P   1785
0.453879805308505,-1.75,-2.23766954614242,0.453879805308505,        1677P   1786
-1.75,-0.255298738741721,-0.111883477307121,0.,0.,0.;               1677P   1787
126,1,1,0,0,1,0,-0.1434152614346,-0.1434152614346,0.,0.,1.,1.,      1679P   1788
-2.23766954614242,0.453879805308505,-2.054,-3.67182216048842,       1679P   1789
0.453879805308505,-2.054,-0.1434152614346,0.,0.,0.,0.;              1679P   1790
126,1,1,0,0,1,0,0.,0.,0.0304,0.0304,1.,1.,-2.23766954614242,        1681P   1791
0.453879805308505,-1.75,-2.23766954614242,0.453879805308505,        1681P   1792
-2.054,0.,0.0304,0.,0.,0.;                                          1681P   1793
126,1,1,0,0,1,0,-0.108141150804796,-0.108141150804796,              1683P   1794
0.153529131335647,0.153529131335647,1.,1.,-2.23766954614242,        1683P   1795
0.453879805308505,-1.75,-2.23766954614242,3.07058262671293,         1683P   1796
-1.75,-0.108141150804796,0.153529131335647,0.,0.,0.;                1683P   1797
126,1,1,0,0,1,0,-0.261670282140443,-0.261670282140443,0.,0.,1.,     1685P   1798
1.,-2.23766954614242,3.07058262671293,-2.054,-2.23766954614242,     1685P   1799
0.453879805308505,-2.054,-0.261670282140443,0.,0.,0.,0.;            1685P   1800
126,1,1,0,0,1,0,0.,0.,0.0304,0.0304,1.,1.,-2.23766954614242,        1687P   1801
3.07058262671293,-1.75,-2.23766954614242,3.07058262671293,          1687P   1802
-2.054,0.,0.0304,0.,0.,0.;                                          1687P   1803
126,1,1,0,0,1,0,0.0401758465898214,0.0401758465898214,              1689P   1804
0.183591108024421,0.183591108024421,1.,1.,-2.23766954614242,        1689P   1805
3.07058262671293,-1.75,-3.67182216048842,3.07058262671293,-1.75,    1689P   1806
0.0401758465898214,0.183591108024421,0.,0.,0.;                      1689P   1807
126,1,1,0,0,1,0,-0.1434152614346,-0.1434152614346,0.,0.,1.,1.,      1691P   1808
-3.67182216048842,3.07058262671293,-2.054,-2.23766954614242,        1691P   1809
3.07058262671293,-2.054,-0.1434152614346,0.,0.,0.,0.;               1691P   1810
126,1,1,0,0,1,0,0.210254715179866,0.210254715179866,                1693P   1811
0.436142776332742,0.436142776332742,1.,1.,-5.36127170020896,        1693P   1812
-6.46397491512608,-1.75,-5.36127170020896,-8.72285552665484,        1693P   1813
-1.75,0.210254715179866,0.436142776332742,0.,0.,0.;                 1693P   1814
126,1,1,0,0,1,0,0.,0.,0.0304,0.0304,1.,1.,-5.36127170020896,        1695P   1815
-6.46397491512608,-1.75,-5.36127170020896,-6.46397491512608,        1695P   1816
-2.054,0.,0.0304,0.,0.,0.;                                          1695P   1817
126,1,1,0,0,1,0,-0.225888061152876,-0.225888061152876,0.,0.,1.,     1697P   1818
1.,-5.36127170020896,-8.72285552665484,-2.054,-5.36127170020896,    1697P   1819
-6.46397491512608,-2.054,-0.225888061152876,0.,0.,0.,0.;            1697P   1820
126,1,1,0,0,1,0,0.,0.,0.0304,0.0304,1.,1.,-5.36127170020896,        1699P   1821
-8.72285552665484,-1.75,-5.36127170020896,-8.72285552665484,        1699P   1822
-2.054,0.,0.0304,0.,0.,0.;                                          1699P   1823
126,1,1,0,0,1,0,-0.318980975844088,-0.318980975844088,              1701P   1824
-0.217146194176808,-0.217146194176808,1.,1.,-5.36127170020896,      1701P   1825
-8.72285552665484,-1.75,-4.34292388353616,-8.72285552665484,        1701P   1826
-1.75,-0.318980975844088,-0.217146194176808,0.,0.,0.;               1701P   1827
126,1,1,0,0,1,0,-0.10183478166728,-0.10183478166728,0.,0.,1.,1.,    1703P   1828
-4.34292388353616,-8.72285552665484,-2.054,-5.36127170020896,       1703P   1829
-8.72285552665484,-2.054,-0.10183478166728,0.,0.,0.,0.;             1703P   1830
126,1,1,0,0,1,0,0.,0.,0.0304,0.0304,1.,1.,-4.34292388353616,        1705P   1831
-8.72285552665484,-1.75,-4.34292388353616,-8.72285552665484,        1705P   1832
-2.054,0.,0.0304,0.,0.,0.;                                          1705P   1833
126,1,1,0,0,1,0,-0.54908680690918,-0.54908680690918,                1707P   1834
-0.323198745756304,-0.323198745756304,1.,1.,-4.34292388353616,      1707P   1835
-8.72285552665484,-1.75,-4.34292388353616,-6.46397491512608,        1707P   1836
-1.75,-0.54908680690918,-0.323198745756304,0.,0.,0.;                1707P   1837
126,1,1,0,0,1,0,-0.225888061152876,-0.225888061152876,0.,0.,1.,     1709P   1838
1.,-4.34292388353616,-6.46397491512608,-2.054,-4.34292388353616,    1709P   1839
-8.72285552665484,-2.054,-0.225888061152876,0.,0.,0.,0.;            1709P   1840
126,1,1,0,0,1,0,0.,0.,0.0304,0.0304,1.,1.,-4.34292388353616,        1711P   1841
-6.46397491512608,-1.75,-4.34292388353616,-6.46397491512608,        1711P   1842
-2.054,0.,0.0304,0.,0.,0.;                                          1711P   1843
126,1,1,0,0,1,0,0.166228803343168,0.166228803343168,                1713P   1844
0.268063585010448,0.268063585010448,1.,1.,-4.34292388353616,        1713P   1845
-6.46397491512608,-1.75,-5.36127170020896,-6.46397491512608,        1713P   1846
-1.75,0.166228803343168,0.268063585010448,0.,0.,0.;                 1713P   1847
126,1,1,0,0,1,0,-0.10183478166728,-0.10183478166728,0.,0.,1.,1.,    1715P   1848
-5.36127170020896,-6.46397491512608,-2.054,-4.34292388353616,       1715P   1849
-6.46397491512608,-2.054,-0.10183478166728,0.,0.,0.,0.;             1715P   1850
126,1,1,0,0,1,0,-0.108364518248453,-0.108364518248453,              1717P   1851
-0.0231387516381355,-0.0231387516381355,1.,1.,-1.65532712897725,    1717P   1852
1.31503269886588,-1.75,-1.65532712897725,0.46277503276271,-1.75,    1717P   1853
-0.108364518248453,-0.0231387516381355,0.,0.,0.;                    1717P   1854
126,1,1,0,0,1,0,0.,0.,0.0304,0.0304,1.,1.,-1.65532712897725,        1719P   1855
1.31503269886588,-1.75,-1.65532712897725,1.31503269886588,          1719P   1856
-2.054,0.,0.0304,0.,0.,0.;                                          1719P   1857
126,1,1,0,0,1,0,-0.085225766610317,-0.085225766610317,0.,0.,1.,     1721P   1858
1.,-1.65532712897725,0.46277503276271,-2.054,-1.65532712897725,     1721P   1859
1.31503269886588,-2.054,-0.085225766610317,0.,0.,0.,0.;             1721P   1860
126,1,1,0,0,1,0,0.,0.,0.0304,0.0304,1.,1.,-1.65532712897725,        1723P   1861
0.46277503276271,-1.75,-1.65532712897725,0.46277503276271,          1723P   1862
-2.054,0.,0.0304,0.,0.,0.;                                          1723P   1863
126,1,1,0,0,1,0,-0.17680858167404,-0.17680858167404,                1725P   1864
0.0112758687763151,0.0112758687763151,1.,1.,-1.65532712897725,      1725P   1865
0.46277503276271,-1.75,0.225517375526302,0.46277503276271,-1.75,    1725P   1866
-0.17680858167404,0.0112758687763151,0.,0.,0.;                      1725P   1867
126,1,1,0,0,1,0,-0.188084450450355,-0.188084450450355,0.,0.,1.,     1727P   1868
1.,0.225517375526302,0.46277503276271,-2.054,-1.65532712897725,     1727P   1869
0.46277503276271,-2.054,-0.188084450450355,0.,0.,0.,0.;             1727P   1870
126,1,1,0,0,1,0,0.,0.,0.0304,0.0304,1.,1.,0.225517375526302,        1729P   1871
0.46277503276271,-1.75,0.225517375526302,0.46277503276271,          1729P   1872
-2.054,0.,0.0304,0.,0.,0.;                                          1729P   1873
126,1,1,0,0,1,0,-0.019474131667023,-0.019474131667023,              1731P   1874
0.065751634943294,0.065751634943294,1.,1.,0.225517375526302,        1731P   1875
0.46277503276271,-1.75,0.225517375526302,1.31503269886588,-1.75,    1731P   1876
-0.019474131667023,0.065751634943294,0.,0.,0.;                      1731P   1877
126,1,1,0,0,1,0,-0.085225766610317,-0.085225766610317,0.,0.,1.,     1733P   1878
1.,0.225517375526302,1.31503269886588,-2.054,0.225517375526302,     1733P   1879
0.46277503276271,-2.054,-0.085225766610317,0.,0.,0.,0.;             1733P   1880
126,1,1,0,0,1,0,0.,0.,0.0304,0.0304,1.,1.,0.225517375526302,        1735P   1881
1.31503269886588,-1.75,0.225517375526302,1.31503269886588,          1735P   1882
-2.054,0.,0.0304,0.,0.,0.;                                          1735P   1883
126,1,1,0,0,1,0,-0.105318094001492,-0.105318094001492,              1737P   1884
0.0827663564488623,0.0827663564488623,1.,1.,0.225517375526302,      1737P   1885
1.31503269886588,-1.75,-1.65532712897725,1.31503269886588,-1.75,    1737P   1886
-0.105318094001492,0.0827663564488623,0.,0.,0.;                     1737P   1887
126,1,1,0,0,1,0,-0.188084450450355,-0.188084450450355,0.,0.,1.,     1739P   1888
1.,-1.65532712897725,1.31503269886588,-2.054,0.225517375526302,     1739P   1889
1.31503269886588,-2.054,-0.188084450450355,0.,0.,0.,0.;             1739P   1890
126,1,1,0,0,1,0,-0.388400403179778,-0.388400403179778,              1741P   1891
-0.228486145535616,-0.228486145535616,1.,1.,4.20453979962071,       1741P   1892
6.16886548715394,-1.75,4.20453979962071,4.56972291071232,-1.75,     1741P   1893
-0.388400403179778,-0.228486145535616,0.,0.,0.;                     1741P   1894
126,1,1,0,0,1,0,0.,0.,0.0304,0.0304,1.,1.,4.20453979962071,         1743P   1895
6.16886548715394,-1.75,4.20453979962071,6.16886548715394,-2.054,    1743P   1896
0.,0.0304,0.,0.,0.;                                                 1743P   1897
126,1,1,0,0,1,0,-0.159914257644162,-0.159914257644162,0.,0.,1.,     1745P   1898
1.,4.20453979962071,4.56972291071232,-2.054,4.20453979962071,       1745P   1899
6.16886548715394,-2.054,-0.159914257644162,0.,0.,0.,0.;             1745P   1900
126,1,1,0,0,1,0,0.,0.,0.0304,0.0304,1.,1.,4.20453979962071,         1747P   1901
4.56972291071232,-1.75,4.20453979962071,4.56972291071232,-2.054,    1747P   1902
0.,0.0304,0.,0.,0.;                                                 1747P   1903
126,1,1,0,0,1,0,0.169203606639791,0.169203606639791,                1749P   1904
0.25125037332228,0.25125037332228,1.,1.,4.20453979962071,           1749P   1905
4.56972291071232,-1.75,5.0250074664456,4.56972291071232,-1.75,      1749P   1906
0.169203606639791,0.25125037332228,0.,0.,0.;                        1749P   1907
126,1,1,0,0,1,0,-0.0820467666824896,-0.0820467666824896,0.,0.,      1751P   1908
1.,1.,5.0250074664456,4.56972291071232,-2.054,4.20453979962071,     1751P   1909
4.56972291071232,-2.054,-0.0820467666824896,0.,0.,0.,0.;            1751P   1910
126,1,1,0,0,1,0,0.,0.,0.0304,0.0304,1.,1.,5.0250074664456,          1753P   1911
4.56972291071232,-1.75,5.0250074664456,4.56972291071232,-2.054,     1753P   1912
0.,0.0304,0.,0.,0.;                                                 1753P   1913
126,1,1,0,0,1,0,0.148529016713535,0.148529016713535,                1755P   1914
0.308443274357697,0.308443274357697,1.,1.,5.0250074664456,          1755P   1915
4.56972291071232,-1.75,5.0250074664456,6.16886548715394,-1.75,      1755P   1916
0.148529016713535,0.308443274357697,0.,0.,0.;                       1755P   1917
126,1,1,0,0,1,0,-0.159914257644162,-0.159914257644162,0.,0.,1.,     1757P   1918
1.,5.0250074664456,6.16886548715394,-2.054,5.0250074664456,         1757P   1919
4.56972291071232,-2.054,-0.159914257644162,0.,0.,0.,0.;             1757P   1920
126,1,1,0,0,1,0,0.,0.,0.0304,0.0304,1.,1.,5.0250074664456,          1759P   1921
6.16886548715394,-1.75,5.0250074664456,6.16886548715394,-2.054,     1759P   1922
0.,0.0304,0.,0.,0.;                                                 1759P   1923
126,1,1,0,0,1,0,-0.292273756663525,-0.292273756663525,              1761P   1924
-0.210226989981035,-0.210226989981035,1.,1.,5.0250074664456,        1761P   1925
6.16886548715394,-1.75,4.20453979962071,6.16886548715394,-1.75,     1761P   1926
-0.292273756663525,-0.210226989981035,0.,0.,0.;                     1761P   1927
126,1,1,0,0,1,0,-0.0820467666824896,-0.0820467666824896,0.,0.,      1763P   1928
1.,1.,4.20453979962071,6.16886548715394,-2.054,5.0250074664456,     1763P   1929
6.16886548715394,-2.054,-0.0820467666824896,0.,0.,0.,0.;            1763P   1930
126,1,1,0,0,1,0,-0.458979216553414,-0.458979216553414,              1765P   1931
-0.379482707753428,-0.379482707753428,1.,1.,-4.55981507793507,      1765P   1932
8.38461924306842,-1.75,-4.55981507793507,7.58965415506857,-1.75,    1765P   1933
-0.458979216553414,-0.379482707753428,0.,0.,0.;                     1765P   1934
126,1,1,0,0,1,0,0.,0.,0.0304,0.0304,1.,1.,-4.55981507793507,        1767P   1935
8.38461924306842,-1.75,-4.55981507793507,8.38461924306842,          1767P   1936
-2.054,0.,0.0304,0.,0.,0.;                                          1767P   1937
126,1,1,0,0,1,0,-0.0794965087999854,-0.0794965087999854,0.,0.,      1769P   1938
1.,1.,-4.55981507793507,7.58965415506857,-2.054,                    1769P   1939
-4.55981507793507,8.38461924306842,-2.054,-0.0794965087999854,      1769P   1940
0.,0.,0.,0.;                                                        1769P   1941
126,1,1,0,0,1,0,0.,0.,0.0304,0.0304,1.,1.,-4.55981507793507,        1771P   1942
7.58965415506857,-1.75,-4.55981507793507,7.58965415506857,          1771P   1943
-2.054,0.,0.0304,0.,0.,0.;                                          1771P   1944
126,1,1,0,0,1,0,-0.316790045641418,-0.316790045641418,              1773P   1945
-0.139191462152089,-0.139191462152089,1.,1.,-4.55981507793507,      1773P   1946
7.58965415506857,-1.75,-2.78382924304178,7.58965415506857,-1.75,    1773P   1947
-0.316790045641418,-0.139191462152089,0.,0.,0.;                     1773P   1948
126,1,1,0,0,1,0,-0.177598583489329,-0.177598583489329,0.,0.,1.,     1775P   1949
1.,-2.78382924304178,7.58965415506857,-2.054,-4.55981507793507,     1775P   1950
7.58965415506857,-2.054,-0.177598583489329,0.,0.,0.,0.;             1775P   1951
126,1,1,0,0,1,0,0.,0.,0.0304,0.0304,1.,1.,-2.78382924304178,        1777P   1952
7.58965415506857,-1.75,-2.78382924304178,7.58965415506857,          1777P   1953
-2.054,0.,0.0304,0.,0.,0.;                                          1777P   1954
126,1,1,0,0,1,0,0.339734453353436,0.339734453353436,                1779P   1955
0.419230962153421,0.419230962153421,1.,1.,-2.78382924304178,        1779P   1956
7.58965415506857,-1.75,-2.78382924304178,8.38461924306842,-1.75,    1779P   1957
0.339734453353436,0.419230962153421,0.,0.,0.;                       1779P   1958
126,1,1,0,0,1,0,-0.0794965087999854,-0.0794965087999854,0.,0.,      1781P   1959
1.,1.,-2.78382924304178,8.38461924306842,-2.054,                    1781P   1960
-2.78382924304178,7.58965415506857,-2.054,-0.0794965087999854,      1781P   1961
0.,0.,0.,0.;                                                        1781P   1962
126,1,1,0,0,1,0,0.,0.,0.0304,0.0304,1.,1.,-2.78382924304178,        1783P   1963
8.38461924306842,-1.75,-2.78382924304178,8.38461924306842,          1783P   1964
-2.054,0.,0.0304,0.,0.,0.;                                          1783P   1965
126,1,1,0,0,1,0,0.0503921704074243,0.0503921704074243,              1785P   1966
0.227990753896753,0.227990753896753,1.,1.,-2.78382924304178,        1785P   1967
8.38461924306842,-1.75,-4.55981507793507,8.38461924306842,-1.75,    1785P   1968
0.0503921704074243,0.227990753896753,0.,0.,0.;                      1785P   1969
126,1,1,0,0,1,0,-0.177598583489329,-0.177598583489329,0.,0.,1.,     1787P   1970
1.,-4.55981507793507,8.38461924306842,-2.054,-2.78382924304178,     1787P   1971
8.38461924306842,-2.054,-0.177598583489329,0.,0.,0.,0.;             1787P   1972
126,8,2,0,1,0,0,-3.14159265358979,-3.14159265358979,                1789P   1973
-3.14159265358979,-1.5707963267949,-1.5707963267949,0.,0.,          1789P   1974
1.5707963267949,1.5707963267949,3.14159265358979,                   1789P   1975
3.14159265358979,3.14159265358979,1.,0.707106781186548,1.,          1789P   1976
0.707106781186548,1.,0.707106781186548,1.,0.707106781186548,1.,     1789P   1977
-3.1517908365969,-7.26108775013462,-3.495,-3.1517908365969,         1789P   1978
-4.86732255778255,-3.495,-0.758025644244822,-4.86732255778255,      1789P   1979
-3.495,1.63573954810725,-4.86732255778255,-3.495,                   1789P   1980
1.63573954810725,-7.26108775013462,-3.495,1.63573954810725,         1789P   1981
-9.6548529424867,-3.495,-0.758025644244822,-9.6548529424867,        1789P   1982
-3.495,-3.1517908365969,-9.6548529424867,-3.495,                    1789P   1983
-3.1517908365969,-7.26108775013462,-3.495,-3.14159265358979,        1789P   1984
3.14159265358979,0.,0.,0.;                                          1789P   1985
126,1,1,0,0,1,0,-0.728977096657251,-0.728977096657251,0.,0.,1.,     1791P   1986
1.,-3.1517908365969,-7.26108775013462,-3.495,-3.1517908365969,      1791P   1987
-7.26108775013462,-1.75,-0.728977096657251,0.,0.,0.,0.;             1791P   1988
126,8,2,0,1,0,0,-3.14159265358979,-3.14159265358979,                1793P   1989
-3.14159265358979,-1.5707963267949,-1.5707963267949,0.,0.,          1793P   1990
1.5707963267949,1.5707963267949,3.14159265358979,                   1793P   1991
3.14159265358979,3.14159265358979,1.,0.707106781186548,1.,          1793P   1992
0.707106781186548,1.,0.707106781186548,1.,0.707106781186548,1.,     1793P   1993
-3.1517908365969,-7.26108775013462,-1.75,-3.1517908365969,          1793P   1994
-9.6548529424867,-1.75,-0.758025644244822,-9.6548529424867,         1793P   1995
-1.75,1.63573954810725,-9.6548529424867,-1.75,1.63573954810725,     1793P   1996
-7.26108775013462,-1.75,1.63573954810725,-4.86732255778255,         1793P   1997
-1.75,-0.758025644244822,-4.86732255778255,-1.75,                   1793P   1998
-3.1517908365969,-4.86732255778255,-1.75,-3.1517908365969,          1793P   1999
-7.26108775013462,-1.75,-3.14159265358979,3.14159265358979,0.,      1793P   2000
0.,0.;                                                              1793P   2001
126,1,1,0,0,1,0,0.3,0.3,1.7,1.7,1.,1.,7.,-10.,-1.75,-7.,-10.,       1795P   2002
-1.75,0.3,1.7,0.,0.,0.;                                             1795P   2003
126,1,1,0,0,1,0,0.3,0.3,1.7,1.7,1.,1.,-7.,10.,-1.75,7.,10.,         1797P   2004
-1.75,0.3,1.7,0.,0.,0.;                                             1797P   2005
126,2,2,0,0,0,0,-0.785398163397444,-0.785398163397444,              1799P   2006
-0.785398163397444,0.785398163397453,0.785398163397453,             1799P   2007
0.785398163397453,1.,0.707106781186536,1.,-7.25,-7.5,1.145,-7.5,    1799P   2008
-7.5,1.145,-7.5,-7.25,1.145,-0.785398163397444,                     1799P   2009
0.785398163397453,0.,0.,0.;                                         1799P   2010
126,1,1,0,0,1,0,-0.1145,-0.1145,0.,0.,1.,1.,-7.49999999999999,      1801P   2011
-7.25,1.145,-7.49999999999999,-7.25,0.,-0.1145,0.,0.,0.,0.;         1801P   2012
126,2,2,0,0,0,0,-0.785398163397453,-0.785398163397453,              1803P   2013
-0.785398163397453,0.785398163397444,0.785398163397444,             1803P   2014
0.785398163397444,1.,0.707106781186536,1.,-7.5,-7.25,0.,-7.5,       1803P   2015
-7.5,0.,-7.25,-7.5,0.,-0.785398163397453,0.785398163397444,0.,      1803P   2016
0.,0.;                                                              1803P   2017
126,1,1,0,0,1,0,0.,0.,0.1145,0.1145,1.,1.,-7.25,-7.5,0.,-7.25,      1805P   2018
-7.5,1.145,0.,0.1145,0.,0.,0.;                                      1805P   2019
126,1,1,0,0,1,0,0.025,0.025,1.475,1.475,1.,1.,7.25,-7.5,0.,         1807P   2020
-7.25,-7.5,0.,0.025,1.475,0.,0.,0.;                                 1807P   2021
126,1,1,0,0,1,0,-0.1145,-0.1145,0.,0.,1.,1.,7.25,-7.5,1.145,        1809P   2022
7.25,-7.5,0.,-0.1145,0.,0.,0.,0.;                                   1809P   2023
126,1,1,0,0,1,0,-1.475,-1.475,-0.0249999999999999,                  1811P   2024
-0.0249999999999999,1.,1.,-7.25,-7.5,1.145,7.25,-7.5,1.145,         1811P   2025
-1.475,-0.0249999999999999,0.,0.,0.;                                1811P   2026
126,1,1,0,0,1,0,0.025,0.025,1.475,1.475,1.,1.,-7.49999999999999,    1813P   2027
-7.25,0.,-7.5,7.25,0.,0.025,1.475,0.,0.,0.;                         1813P   2028
126,2,2,0,0,0,0,-0.785398163397453,-0.785398163397453,              1815P   2029
-0.785398163397453,0.78539816339744,0.78539816339744,               1815P   2030
0.78539816339744,1.,0.70710678118655,1.,-7.25,7.5,0.,-7.5,7.5,      1815P   2031
0.,-7.5,7.25,0.,-0.785398163397453,0.78539816339744,0.,0.,0.;       1815P   2032
126,1,1,0,0,1,0,0.025,0.025,1.475,1.475,1.,1.,-7.25,7.5,0.,7.25,    1817P   2033
7.5,0.,0.025,1.475,0.,0.,0.;                                        1817P   2034
126,2,2,0,0,0,0,-0.785398163397448,-0.785398163397448,              1819P   2035
-0.785398163397448,0.785398163397448,0.785398163397448,             1819P   2036
0.785398163397448,1.,0.707106781186536,1.,7.5,7.25,0.,7.5,7.5,      1819P   2037
0.,7.25,7.5,0.,-0.785398163397448,0.785398163397448,0.,0.,0.;       1819P   2038
126,1,1,0,0,1,0,0.0249999999999999,0.0249999999999999,1.475,        1821P   2039
1.475,1.,1.,7.5,7.25,0.,7.5,-7.25,0.,0.0249999999999999,1.475,      1821P   2040
0.,0.,0.;                                                           1821P   2041
126,2,2,0,0,0,0,-0.785398163397448,-0.785398163397448,              1823P   2042
-0.785398163397448,0.785398163397448,0.785398163397448,             1823P   2043
0.785398163397448,1.,0.707106781186536,1.,7.25,-7.5,0.,7.5,-7.5,    1823P   2044
0.,7.5,-7.25,0.,-0.785398163397448,0.785398163397448,0.,0.,0.;      1823P   2045
126,2,2,0,0,0,0,-0.785398163397448,-0.785398163397448,              1825P   2046
-0.785398163397448,0.785398163397448,0.785398163397448,             1825P   2047
0.785398163397448,1.,0.707106781186536,1.,7.5,-7.25,1.145,7.5,      1825P   2048
-7.5,1.145,7.25,-7.5,1.145,-0.785398163397448,0.785398163397448,    1825P   2049
0.,0.,0.;                                                           1825P   2050
126,1,1,0,0,1,0,0.,0.,0.1145,0.1145,1.,1.,7.5,-7.25,0.,7.5,         1827P   2051
-7.25,1.145,0.,0.1145,0.,0.,0.;                                     1827P   2052
126,1,1,0,0,1,0,-0.1145,-0.1145,0.,0.,1.,1.,7.5,7.25,1.145,7.5,     1829P   2053
7.25,0.,-0.1145,0.,0.,0.,0.;                                        1829P   2054
126,1,1,0,0,1,0,-1.475,-1.475,-0.0249999999999999,                  1831P   2055
-0.0249999999999999,1.,1.,7.5,-7.25,1.145,7.5,7.25,1.145,-1.475,    1831P   2056
-0.0249999999999999,0.,0.,0.;                                       1831P   2057
126,2,2,0,0,0,0,-0.785398163397448,-0.785398163397448,              1833P   2058
-0.785398163397448,0.785398163397448,0.785398163397448,             1833P   2059
0.785398163397448,1.,0.707106781186536,1.,7.25,7.5,1.145,7.5,       1833P   2060
7.5,1.145,7.5,7.25,1.145,-0.785398163397448,0.785398163397448,      1833P   2061
0.,0.,0.;                                                           1833P   2062
126,1,1,0,0,1,0,0.,0.,0.1145,0.1145,1.,1.,7.25,7.5,0.,7.25,7.5,     1835P   2063
1.145,0.,0.1145,0.,0.,0.;                                           1835P   2064
126,1,1,0,0,1,0,-0.1145,-0.1145,0.,0.,1.,1.,-7.25,7.5,1.145,        1837P   2065
-7.25,7.5,0.,-0.1145,0.,0.,0.,0.;                                   1837P   2066
126,1,1,0,0,1,0,-1.475,-1.475,-0.0250000000000001,                  1839P   2067
-0.0250000000000001,1.,1.,7.25,7.5,1.145,-7.25,7.5,1.145,-1.475,    1839P   2068
-0.0250000000000001,0.,0.,0.;                                       1839P   2069
126,2,2,0,0,0,0,-0.78539816339744,-0.78539816339744,                1841P   2070
-0.78539816339744,0.785398163397453,0.785398163397453,              1841P   2071
0.785398163397453,1.,0.70710678118655,1.,-7.5,7.25,1.145,-7.5,      1841P   2072
7.5,1.145,-7.25,7.5,1.145,-0.78539816339744,0.785398163397453,      1841P   2073
0.,0.,0.;                                                           1841P   2074
126,1,1,0,0,1,0,0.,0.,0.1145,0.1145,1.,1.,-7.5,7.25,0.,-7.5,        1843P   2075
7.25,1.145,0.,0.1145,0.,0.,0.;                                      1843P   2076
126,1,1,0,0,1,0,-1.475,-1.475,-0.0249999999999999,                  1845P   2077
-0.0249999999999999,1.,1.,-7.5,7.25,1.145,-7.49999999999999,        1845P   2078
-7.25,1.145,-1.475,-0.0249999999999999,0.,0.,0.;                    1845P   2079
126,1,1,0,0,1,0,0.,0.,1.58684475867413,1.58684475867413,1.,1.,      1847P   2080
7.96382042638268,7.93422379337064,1.145,7.96382042638268,           1847P   2081
-7.93422379337064,1.145,0.,1.58684475867413,0.,0.,0.;               1847P   2082
126,1,1,0,0,1,0,0.,0.,0.0974,0.0974,1.,1.,7.96382042638268,         1849P   2083
7.93422379337064,1.145,7.96382042638268,7.93422379337064,2.119,     1849P   2084
0.,0.0974,0.,0.,0.;                                                 1849P   2085
126,1,1,0,0,1,0,-1.58684475867413,-1.58684475867413,0.,0.,1.,1.,    1851P   2086
7.96382042638268,-7.93422379337064,2.119,7.96382042638268,          1851P   2087
7.93422379337064,2.119,-1.58684475867413,0.,0.,0.,0.;               1851P   2088
126,1,1,0,0,1,0,0.,0.,0.0974,0.0974,1.,1.,7.96382042638268,         1853P   2089
-7.93422379337064,1.145,7.96382042638268,-7.93422379337064,         1853P   2090
2.119,0.,0.0974,0.,0.,0.;                                           1853P   2091
126,1,1,0,0,1,0,0.,0.,1.59276408527654,1.59276408527654,1.,1.,      1855P   2092
7.96382042638268,-7.93422379337064,1.145,-7.96382042638268,         1855P   2093
-7.93422379337064,1.145,0.,1.59276408527654,0.,0.,0.;               1855P   2094
126,1,1,0,0,1,0,-1.59276408527654,-1.59276408527654,0.,0.,1.,1.,    1857P   2095
-7.96382042638268,-7.93422379337064,2.119,7.96382042638268,         1857P   2096
-7.93422379337064,2.119,-1.59276408527654,0.,0.,0.,0.;              1857P   2097
126,1,1,0,0,1,0,0.,0.,0.0974,0.0974,1.,1.,-7.96382042638268,        1859P   2098
-7.93422379337064,1.145,-7.96382042638268,-7.93422379337064,        1859P   2099
2.119,0.,0.0974,0.,0.,0.;                                           1859P   2100
126,1,1,0,0,1,0,0.,0.,1.58684475867413,1.58684475867413,1.,1.,      1861P   2101
-7.96382042638268,-7.93422379337064,1.145,-7.96382042638269,        1861P   2102
7.93422379337064,1.145,0.,1.58684475867413,0.,0.,0.;                1861P   2103
126,1,1,0,0,1,0,-1.58684475867413,-1.58684475867413,0.,0.,1.,1.,    1863P   2104
-7.96382042638269,7.93422379337064,2.119,-7.96382042638268,         1863P   2105
-7.93422379337064,2.119,-1.58684475867413,0.,0.,0.,0.;              1863P   2106
126,1,1,0,0,1,0,0.,0.,0.0974,0.0974,1.,1.,-7.96382042638269,        1865P   2107
7.93422379337064,1.145,-7.96382042638269,7.93422379337064,2.119,    1865P   2108
0.,0.0974,0.,0.,0.;                                                 1865P   2109
126,1,1,0,0,1,0,0.,0.,1.59276408527654,1.59276408527654,1.,1.,      1867P   2110
-7.96382042638269,7.93422379337064,1.145,7.96382042638268,          1867P   2111
7.93422379337064,1.145,0.,1.59276408527654,0.,0.,0.;                1867P   2112
126,1,1,0,0,1,0,-1.59276408527654,-1.59276408527654,0.,0.,1.,1.,    1869P   2113
7.96382042638268,7.93422379337064,2.119,-7.96382042638269,          1869P   2114
7.93422379337064,2.119,-1.59276408527654,0.,0.,0.,0.;               1869P   2115
126,1,1,0,0,1,0,0.,0.,0.0707106781186547,0.0707106781186547,1.,     1871P   2116
1.,7.41473544544083,-5.98951609934328,5.705,7.06118205484755,       1871P   2117
-5.63596270875001,6.205,0.,0.0707106781186547,0.,0.,0.;             1871P   2118
126,1,1,0,0,1,0,-0.16377746086351,-0.16377746086351,                1873P   2119
0.0422885563144723,0.0422885563144723,1.,1.,7.06118205484755,       1873P   2120
-5.63596270875001,6.205,5.60407527366101,-7.09306948993656,         1873P   2121
6.205,-0.16377746086351,0.0422885563144723,0.,0.,0.;                1873P   2122
126,1,1,0,0,1,0,0.,0.,0.0707106781186547,0.0707106781186547,1.,     1875P   2123
1.,5.60407527366101,-7.09306948993656,6.205,5.95762866425428,       1875P   2124
-7.44662288052983,5.705,0.,0.0707106781186547,0.,0.,0.;             1875P   2125
126,1,1,0,0,1,0,-0.0422885563144723,-0.0422885563144723,            1877P   2126
0.16377746086351,0.16377746086351,1.,1.,5.95762866425428,           1877P   2127
-7.44662288052983,5.705,7.41473544544083,-5.98951609934328,         1877P   2128
5.705,-0.0422885563144723,0.16377746086351,0.,0.,0.;                1877P   2129
126,1,1,0,0,1,0,0.,0.,0.0707106781186548,0.0707106781186548,1.,     1879P   2130
1.,5.604075273661,-7.59306948993656,5.705,5.604075273661,           1879P   2131
-7.09306948993656,6.205,0.,0.0707106781186548,0.,0.,0.;             1879P   2132
126,1,1,0,0,1,0,-0.938466630108478,-0.938466630108478,              1881P   2133
0.203059102742377,0.203059102742377,1.,1.,5.60407527366101,         1881P   2134
-7.09306948993656,6.205,-5.81118205484755,-7.09306948993656,        1881P   2135
6.205,-0.938466630108478,0.203059102742377,0.,0.,0.;                1881P   2136
126,1,1,0,0,1,0,0.,0.,0.0707106781186548,0.0707106781186548,1.,     1883P   2137
1.,-5.81118205484755,-7.09306948993656,6.205,-5.81118205484755,     1883P   2138
-7.59306948993656,5.705,0.,0.0707106781186548,0.,0.,0.;             1883P   2139
126,1,1,0,0,1,0,-0.203059102742378,-0.203059102742378,              1885P   2140
0.938466630108478,0.938466630108478,1.,1.,-5.81118205484755,        1885P   2141
-7.59306948993656,5.705,5.604075273661,-7.59306948993656,5.705,     1885P   2142
-0.203059102742378,0.938466630108478,0.,0.,0.;                      1885P   2143
126,1,1,0,0,1,0,0.,0.,0.0707106781186548,0.0707106781186548,1.,     1887P   2144
1.,7.56118205484755,5.84306948993656,5.705,7.06118205484755,        1887P   2145
5.84306948993656,6.205,0.,0.0707106781186548,0.,0.,0.;              1887P   2146
126,1,1,0,0,1,0,-0.963960423490484,-0.963960423490484,              1889P   2147
0.183942796378173,0.183942796378173,1.,1.,7.06118205484755,         1889P   2148
5.84306948993656,6.205,7.06118205484755,-5.63596270875001,6.205,    1889P   2149
-0.963960423490484,0.183942796378173,0.,0.,0.;                      1889P   2150
126,1,1,0,0,1,0,0.,0.,0.0707106781186548,0.0707106781186548,1.,     1891P   2151
1.,7.06118205484755,-5.63596270875001,6.205,7.56118205484755,       1891P   2152
-5.63596270875001,5.705,0.,0.0707106781186548,0.,0.,0.;             1891P   2153
126,1,1,0,0,1,0,-0.183942796378173,-0.183942796378173,              1893P   2154
0.963960423490484,0.963960423490484,1.,1.,7.56118205484755,         1893P   2155
-5.63596270875001,5.705,7.56118205484755,5.84306948993656,5.705,    1893P   2156
-0.183942796378173,0.963960423490484,0.,0.,0.;                      1893P   2157
126,2,2,0,0,0,0,-0.785398163397448,-0.785398163397448,              1895P   2158
-0.785398163397448,0.785398163397448,0.785398163397448,             1895P   2159
0.785398163397448,1.,0.707106781186546,1.,7.56118205484755,         1895P   2160
5.84306948993656,5.705,7.56118205484755,7.59306948993656,5.705,     1895P   2161
5.81118205484755,7.59306948993656,5.705,-0.785398163397448,         1895P   2162
0.785398163397448,0.,0.,0.;                                         1895P   2163
126,1,1,0,0,1,0,0.,0.,0.0707106781186548,0.0707106781186548,1.,     1897P   2164
1.,5.81118205484755,7.59306948993656,5.705,5.81118205484755,        1897P   2165
7.09306948993656,6.205,0.,0.0707106781186548,0.,0.,0.;              1897P   2166
126,2,2,0,0,0,0,-0.785398163397448,-0.785398163397448,              1899P   2167
-0.785398163397448,0.785398163397448,0.785398163397448,             1899P   2168
0.785398163397448,1.,0.707106781186545,1.,5.81118205484755,         1899P   2169
7.09306948993656,6.205,7.06118205484755,7.09306948993656,6.205,     1899P   2170
7.06118205484755,5.84306948993656,6.205,-0.785398163397448,         1899P   2171
0.785398163397448,0.,0.,0.;                                         1899P   2172
126,1,1,0,0,1,0,0.,0.,0.0707106781186548,0.0707106781186548,1.,     1901P   2173
1.,-5.81118205484755,7.59306948993656,5.705,-5.81118205484755,      1901P   2174
7.09306948993656,6.205,0.,0.0707106781186548,0.,0.,0.;              1901P   2175
126,1,1,0,0,1,0,-0.959177308227133,-0.959177308227133,              1903P   2176
0.203059102742378,0.203059102742378,1.,1.,-5.81118205484755,        1903P   2177
7.09306948993656,6.205,5.81118205484755,7.09306948993656,6.205,     1903P   2178
-0.959177308227133,0.203059102742378,0.,0.,0.;                      1903P   2179
126,1,1,0,0,1,0,-0.203059102742378,-0.203059102742378,              1905P   2180
0.959177308227133,0.959177308227133,1.,1.,5.81118205484755,         1905P   2181
7.59306948993656,5.705,-5.81118205484755,7.59306948993656,5.705,    1905P   2182
-0.203059102742378,0.959177308227133,0.,0.,0.;                      1905P   2183
126,2,2,0,0,0,0,-0.785398163397448,-0.785398163397448,              1907P   2184
-0.785398163397448,0.785398163397448,0.785398163397448,             1907P   2185
0.785398163397448,1.,0.707106781186546,1.,-5.81118205484755,        1907P   2186
7.59306948993656,5.705,-7.56118205484755,7.59306948993656,5.705,    1907P   2187
-7.56118205484755,5.84306948993656,5.705,-0.785398163397448,        1907P   2188
0.785398163397448,0.,0.,0.;                                         1907P   2189
126,1,1,0,0,1,0,0.,0.,0.0707106781186548,0.0707106781186548,1.,     1909P   2190
1.,-7.56118205484755,5.84306948993656,5.705,-7.06118205484755,      1909P   2191
5.84306948993656,6.205,0.,0.0707106781186548,0.,0.,0.;              1909P   2192
126,2,2,0,0,0,0,-0.785398163397448,-0.785398163397448,              1911P   2193
-0.785398163397448,0.785398163397448,0.785398163397448,             1911P   2194
0.785398163397448,1.,0.707106781186545,1.,-7.06118205484755,        1911P   2195
5.84306948993656,6.205,-7.06118205484755,7.09306948993656,6.205,    1911P   2196
-5.81118205484755,7.09306948993656,6.205,-0.785398163397448,        1911P   2197
0.785398163397448,0.,0.,0.;                                         1911P   2198
126,1,1,0,0,1,0,0.,0.,0.0707106781186548,0.0707106781186548,1.,     1913P   2199
1.,-7.56118205484755,-5.84306948993656,5.705,-7.06118205484755,     1913P   2200
-5.84306948993656,6.205,0.,0.0707106781186548,0.,0.,0.;             1913P   2201
126,1,1,0,0,1,0,-0.963960423490484,-0.963960423490484,              1915P   2202
0.204653474496828,0.204653474496828,1.,1.,-7.06118205484755,        1915P   2203
-5.84306948993656,6.205,-7.06118205484755,5.84306948993656,         1915P   2204
6.205,-0.963960423490484,0.204653474496828,0.,0.,0.;                1915P   2205
126,1,1,0,0,1,0,-0.204653474496828,-0.204653474496828,              1917P   2206
0.963960423490484,0.963960423490484,1.,1.,-7.56118205484755,        1917P   2207
5.84306948993656,5.705,-7.56118205484755,-5.84306948993656,         1917P   2208
5.705,-0.204653474496828,0.963960423490484,0.,0.,0.;                1917P   2209
126,2,2,0,0,0,0,-0.785398163397448,-0.785398163397448,              1919P   2210
-0.785398163397448,0.785398163397448,0.785398163397448,             1919P   2211
0.785398163397448,1.,0.707106781186546,1.,-7.56118205484755,        1919P   2212
-5.84306948993656,5.705,-7.56118205484755,-7.59306948993656,        1919P   2213
5.705,-5.81118205484755,-7.59306948993656,5.705,                    1919P   2214
-0.785398163397448,0.785398163397448,0.,0.,0.;                      1919P   2215
126,2,2,0,0,0,0,-0.785398163397448,-0.785398163397448,              1921P   2216
-0.785398163397448,0.785398163397448,0.785398163397448,             1921P   2217
0.785398163397448,1.,0.707106781186545,1.,-5.81118205484755,        1921P   2218
-7.09306948993656,6.205,-7.06118205484755,-7.09306948993656,        1921P   2219
6.205,-7.06118205484755,-5.84306948993656,6.205,                    1921P   2220
-0.785398163397448,0.785398163397448,0.,0.,0.;                      1921P   2221
126,2,2,0,0,0,0,-0.392699081698722,-0.392699081698722,              1923P   2222
-0.392699081698722,0.392699081698726,0.392699081698726,             1923P   2223
0.392699081698726,1.,0.923879532511328,1.,5.604075273661,           1923P   2224
-7.59306948993656,5.705,5.81118205484755,-7.59306948993656,         1923P   2225
5.705,5.95762866425428,-7.44662288052983,5.705,                     1923P   2226
-0.392699081698722,0.392699081698726,0.,0.,0.;                      1923P   2227
126,2,2,0,0,0,0,-0.392699081698726,-0.392699081698726,              1925P   2228
-0.392699081698726,0.392699081698722,0.392699081698722,             1925P   2229
0.392699081698722,1.,0.923879532511328,1.,7.41473544544083,         1925P   2230
-5.98951609934328,5.705,7.56118205484755,-5.84306948993656,         1925P   2231
5.705,7.56118205484755,-5.63596270875001,5.705,                     1925P   2232
-0.392699081698726,0.392699081698722,0.,0.,0.;                      1925P   2233
126,1,1,0,0,1,0,0.,0.,0.3586,0.3586,1.,1.,-7.56118205484755,        1927P   2234
5.84306948993656,2.119,-7.56118205484755,5.84306948993656,5.705,    1927P   2235
0.,0.3586,0.,0.,0.;                                                 1927P   2236
126,1,1,0,0,1,0,0.175,0.175,1.34361389798731,1.34361389798731,      1929P   2237
1.,1.,-7.56118205484755,5.84306948993656,2.119,                     1929P   2238
-7.56118205484755,-5.84306948993656,2.119,0.175,                    1929P   2239
1.34361389798731,0.,0.,0.;                                          1929P   2240
126,1,1,0,0,1,0,-0.3586,-0.3586,0.,0.,1.,1.,-7.56118205484755,      1931P   2241
-5.84306948993656,5.705,-7.56118205484755,-5.84306948993656,        1931P   2242
2.119,-0.3586,0.,0.,0.,0.;                                          1931P   2243
126,1,1,0,0,1,0,-0.3586,-0.3586,0.,0.,1.,1.,-5.81118205484755,      1933P   2244
7.59306948993656,5.705,-5.81118205484755,7.59306948993656,2.119,    1933P   2245
-0.3586,0.,0.,0.,0.;                                                1933P   2246
126,2,2,0,0,0,0,-0.785398163397448,-0.785398163397448,              1935P   2247
-0.785398163397448,0.785398163397448,0.785398163397448,             1935P   2248
0.785398163397448,1.,0.707106781186546,1.,-5.81118205484755,        1935P   2249
7.59306948993656,2.119,-7.56118205484755,7.59306948993656,2.119,    1935P   2250
-7.56118205484755,5.84306948993656,2.119,-0.785398163397448,        1935P   2251
0.785398163397448,0.,0.,0.;                                         1935P   2252
126,1,1,0,0,1,0,0.,0.,0.3586,0.3586,1.,1.,5.81118205484755,         1937P   2253
7.59306948993656,2.119,5.81118205484755,7.59306948993656,5.705,     1937P   2254
0.,0.3586,0.,0.,0.;                                                 1937P   2255
126,1,1,0,0,1,0,0.175,0.175,1.33723641096951,1.33723641096951,      1939P   2256
1.,1.,5.81118205484755,7.59306948993656,2.119,-5.81118205484755,    1939P   2257
7.59306948993656,2.119,0.175,1.33723641096951,0.,0.,0.;             1939P   2258
126,1,1,0,0,1,0,-0.3586,-0.3586,0.,0.,1.,1.,7.56118205484755,       1941P   2259
5.84306948993656,5.705,7.56118205484755,5.84306948993656,2.119,     1941P   2260
-0.3586,0.,0.,0.,0.;                                                1941P   2261
126,2,2,0,0,0,0,-0.785398163397448,-0.785398163397448,              1943P   2262
-0.785398163397448,0.785398163397448,0.785398163397448,             1943P   2263
0.785398163397448,1.,0.707106781186546,1.,7.56118205484755,         1943P   2264
5.84306948993656,2.119,7.56118205484755,7.59306948993656,2.119,     1943P   2265
5.81118205484755,7.59306948993656,2.119,-0.785398163397448,         1943P   2266
0.785398163397448,0.,0.,0.;                                         1943P   2267
126,1,1,0,0,1,0,-0.2043,-0.2043,0.1543,0.1543,1.,1.,                1945P   2268
7.56118205484755,-5.63596270875001,2.119,7.56118205484755,          1945P   2269
-5.63596270875001,5.705,-0.2043,0.1543,0.,0.,0.;                    1945P   2270
126,1,1,0,0,1,0,0.195710678118655,0.195710678118655,                1947P   2271
1.34361389798731,1.34361389798731,1.,1.,7.56118205484755,           1947P   2272
-5.63596270875001,2.119,7.56118205484755,5.84306948993656,2.119,    1947P   2273
0.195710678118655,1.34361389798731,0.,0.,0.;                        1947P   2274
126,1,1,0,0,1,0,-0.1543,-0.1543,0.2043,0.2043,1.,1.,                1949P   2275
7.41473544544083,-5.98951609934328,5.705,7.41473544544083,          1949P   2276
-5.98951609934328,2.119,-0.1543,0.2043,0.,0.,0.;                    1949P   2277
126,2,2,0,0,0,0,-0.392699081698726,-0.392699081698726,              1951P   2278
-0.392699081698726,0.392699081698723,0.392699081698723,             1951P   2279
0.392699081698723,1.,0.923879532511266,1.,7.41473544544083,         1951P   2280
-5.98951609934328,2.119,7.56118205484755,-5.84306948993656,         1951P   2281
2.119,7.56118205484755,-5.63596270875001,2.119,                     1951P   2282
-0.392699081698726,0.392699081698723,0.,0.,0.;                      1951P   2283
126,1,1,0,0,1,0,-0.2043,-0.2043,0.1543,0.1543,1.,1.,                1953P   2284
5.95762866425428,-7.44662288052983,2.119,5.95762866425428,          1953P   2285
-7.44662288052983,5.705,-0.2043,0.1543,0.,0.,0.;                    1953P   2286
126,1,1,0,0,1,0,-0.16377746086351,-0.16377746086351,                1955P   2287
0.0422885563144723,0.0422885563144723,1.,1.,7.41473544544083,       1955P   2288
-5.98951609934329,2.119,5.95762866425428,-7.44662288052983,         1955P   2289
2.119,-0.16377746086351,0.0422885563144723,0.,0.,0.;                1955P   2290
126,1,1,0,0,1,0,-0.1543,-0.1543,0.2043,0.2043,1.,1.,                1957P   2291
5.604075273661,-7.59306948993656,5.705,5.604075273661,              1957P   2292
-7.59306948993656,2.119,-0.1543,0.2043,0.,0.,0.;                    1957P   2293
126,2,2,0,0,0,0,-0.392699081698723,-0.392699081698723,              1959P   2294
-0.392699081698723,0.392699081698726,0.392699081698726,             1959P   2295
0.392699081698726,1.,0.923879532511266,1.,5.604075273661,           1959P   2296
-7.59306948993656,2.119,5.81118205484755,-7.59306948993656,         1959P   2297
2.119,5.95762866425428,-7.44662288052983,2.119,                     1959P   2298
-0.392699081698723,0.392699081698726,0.,0.,0.;                      1959P   2299
126,1,1,0,0,1,0,0.175,0.175,1.31652573285086,1.31652573285086,      1961P   2300
1.,1.,-5.81118205484755,-7.59306948993656,2.119,5.604075273661,     1961P   2301
-7.59306948993656,2.119,0.175,1.31652573285086,0.,0.,0.;            1961P   2302
126,2,2,0,0,0,0,-0.785398163397448,-0.785398163397448,              1963P   2303
-0.785398163397448,0.785398163397448,0.785398163397448,             1963P   2304
0.785398163397448,1.,0.707106781186546,1.,-7.56118205484755,        1963P   2305
-5.84306948993656,2.119,-7.56118205484755,-7.59306948993656,        1963P   2306
2.119,-5.81118205484755,-7.59306948993656,2.119,                    1963P   2307
-0.785398163397448,0.785398163397448,0.,0.,0.;                      1963P   2308
126,1,1,0,0,1,0,0.,0.,0.3586,0.3586,1.,1.,-5.81118205484755,        1965P   2309
-7.59306948993656,2.119,-5.81118205484755,-7.59306948993656,        1965P   2310
5.705,0.,0.3586,0.,0.,0.;                                           1965P   2311
126,1,1,0,0,1,0,-1.10918439348691,-1.10918439348691,0.,0.,1.,1.,    1967P   2312
10.,5.64737175952177,-6.19462071995785,10.,-5.44447217534733,       1967P   2313
-6.19462071995785,-1.10918439348691,0.,0.,0.,0.;                    1967P   2314
126,1,1,0,0,1,0,0.,0.,0.425,0.425,1.,1.,10.,-5.44447217534733,      1969P   2315
-6.19462071995785,5.75,-5.44447217534733,-6.19462071995785,0.,      1969P   2316
0.425,0.,0.,0.;                                                     1969P   2317
126,1,1,0,0,1,0,0.,0.,1.10918439348691,1.10918439348691,1.,1.,      1971P   2318
5.75,-5.44447217534733,-6.19462071995785,5.75,5.64737175952177,     1971P   2319
-6.19462071995785,0.,1.10918439348691,0.,0.,0.;                     1971P   2320
126,1,1,0,0,1,0,-0.425,-0.425,0.,0.,1.,1.,5.75,5.64737175952177,    1973P   2321
-6.19462071995785,10.,5.64737175952177,-6.19462071995785,-0.425,    1973P   2322
0.,0.,0.,0.;                                                        1973P   2323
126,1,1,0,0,1,0,0.016497859582857,0.016497859582857,                1975P   2324
0.0591170724858556,0.0591170724858556,1.,1.,10.,                    1975P   2325
-2.10601885060899,-4.28226755163607,10.,-2.10601885060899,          1975P   2326
-4.70845968066605,0.016497859582857,0.0591170724858556,0.,0.,0.;    1975P   2327
126,1,1,0,0,1,0,0.,0.,0.3268,0.3268,1.,1.,10.,-2.10601885060899,    1977P   2328
-4.70845968066605,6.732,-2.10601885060899,-4.70845968066605,0.,     1977P   2329
0.3268,0.,0.,0.;                                                    1977P   2330
126,1,1,0,0,1,0,-0.0426192129029985,-0.0426192129029985,0.,0.,      1979P   2331
1.,1.,6.732,-2.10601885060899,-4.28226755163607,6.732,              1979P   2332
-2.10601885060899,-4.70845968066605,-0.0426192129029985,0.,0.,      1979P   2333
0.,0.;                                                              1979P   2334
126,1,1,0,0,1,0,0.,0.,0.3268,0.3268,1.,1.,10.,-2.10601885060899,    1981P   2335
-4.28226755163607,6.732,-2.10601885060899,-4.28226755163607,0.,     1981P   2336
0.3268,0.,0.,0.;                                                    1981P   2337
126,1,1,0,0,1,0,-0.110373432134811,-0.110373432134811,              1983P   2338
0.331120296404432,0.331120296404432,1.,1.,10.,2.30891843478343,     1983P   2339
-4.28226755163607,10.,-2.10601885060899,-4.28226755163607,          1983P   2340
-0.110373432134811,0.331120296404432,0.,0.,0.;                      1983P   2341
126,1,1,0,0,1,0,-0.441493728539242,-0.441493728539242,0.,0.,1.,     1985P   2342
1.,6.732,2.30891843478343,-4.28226755163607,6.732,                  1985P   2343
-2.10601885060899,-4.28226755163607,-0.441493728539242,0.,0.,0.,    1985P   2344
0.;                                                                 1985P   2345
126,1,1,0,0,1,0,0.,0.,0.3268,0.3268,1.,1.,10.,2.30891843478343,     1987P   2346
-4.28226755163607,6.732,2.30891843478343,-4.28226755163607,0.,      1987P   2347
0.3268,0.,0.,0.;                                                    1987P   2348
126,1,1,0,0,1,0,-0.0378074660343563,-0.0378074660343563,            1989P   2349
0.00481174686864222,0.00481174686864222,1.,1.,10.,                  1989P   2350
2.30891843478343,-4.70845968066605,10.,2.30891843478343,            1989P   2351
-4.28226755163607,-0.0378074660343563,0.00481174686864222,0.,0.,    1989P   2352
0.;                                                                 1989P   2353
126,1,1,0,0,1,0,0.,0.,0.0426192129029985,0.0426192129029985,1.,     1991P   2354
1.,6.732,2.30891843478343,-4.70845968066605,6.732,                  1991P   2355
2.30891843478343,-4.28226755163607,0.,0.0426192129029985,0.,0.,     1991P   2356
0.;                                                                 1991P   2357
126,1,1,0,0,1,0,0.,0.,0.3268,0.3268,1.,1.,10.,2.30891843478343,     1993P   2358
-4.70845968066605,6.732,2.30891843478343,-4.70845968066605,0.,      1993P   2359
0.3268,0.,0.,0.;                                                    1993P   2360
126,1,1,0,0,1,0,-0.110373432134811,-0.110373432134811,              1995P   2361
0.331120296404432,0.331120296404432,1.,1.,10.,-2.10601885060899,    1995P   2362
-4.70845968066605,10.,2.30891843478343,-4.70845968066605,           1995P   2363
-0.110373432134811,0.331120296404432,0.,0.,0.;                      1995P   2364
126,1,1,0,0,1,0,-0.220746864269621,-0.220746864269621,              1997P   2365
0.220746864269621,0.220746864269621,1.,1.,6.732,                    1997P   2366
-2.10601885060899,-4.70845968066605,6.732,2.30891843478343,         1997P   2367
-4.70845968066605,-0.220746864269621,0.220746864269621,0.,0.,0.;    1997P   2368
126,1,1,0,0,1,0,0.200608550474698,0.200608550474698,                1999P   2369
0.2517199496099,0.2517199496099,1.,1.,10.,4.11362080158117,         1999P   2370
-4.44075006808188,10.,4.6247347929332,-4.44075006808188,            1999P   2371
0.200608550474698,0.2517199496099,0.,0.,0.;                         1999P   2372
126,1,1,0,0,1,0,0.,0.,0.3268,0.3268,1.,1.,10.,4.6247347929332,      2001P   2373
-4.44075006808188,6.732,4.6247347929332,-4.44075006808188,0.,       2001P   2374
0.3268,0.,0.,0.;                                                    2001P   2375
126,1,1,0,0,1,0,-0.0511113991352027,-0.0511113991352027,0.,0.,      2003P   2376
1.,1.,6.732,4.11362080158117,-4.44075006808188,6.732,               2003P   2377
4.6247347929332,-4.44075006808188,-0.0511113991352027,0.,0.,0.,     2003P   2378
0.;                                                                 2003P   2379
126,1,1,0,0,1,0,0.,0.,0.3268,0.3268,1.,1.,10.,4.11362080158117,     2005P   2380
-4.44075006808188,6.732,4.11362080158117,-4.44075006808188,0.,      2005P   2381
0.3268,0.,0.,0.;                                                    2005P   2382
126,1,1,0,0,1,0,0.,0.,0.0488439708102951,0.0488439708102951,1.,     2007P   2383
1.,10.,4.11362080158117,-3.95231035997893,10.,4.11362080158117,     2007P   2384
-4.44075006808188,0.,0.0488439708102951,0.,0.,0.;                   2007P   2385
126,1,1,0,0,1,0,-0.0488439708102951,-0.0488439708102951,0.,0.,      2009P   2386
1.,1.,6.732,4.11362080158117,-3.95231035997893,6.732,               2009P   2387
4.11362080158117,-4.44075006808188,-0.0488439708102951,0.,0.,0.,    2009P   2388
0.;                                                                 2009P   2389
126,1,1,0,0,1,0,0.,0.,0.3268,0.3268,1.,1.,10.,4.11362080158117,     2011P   2390
-3.95231035997893,6.732,4.11362080158117,-3.95231035997893,0.,      2011P   2391
0.3268,0.,0.,0.;                                                    2011P   2392
126,1,1,0,0,1,0,0.181636074088288,0.181636074088288,                2013P   2393
0.219581026861107,0.219581026861107,1.,1.,10.,3.73417127385297,     2013P   2394
-3.95231035997893,10.,4.11362080158117,-3.95231035997893,           2013P   2395
0.181636074088288,0.219581026861107,0.,0.,0.;                       2013P   2396
126,1,1,0,0,1,0,-0.0379449527728196,-0.0379449527728196,0.,0.,      2015P   2397
1.,1.,6.732,3.73417127385297,-3.95231035997893,6.732,               2015P   2398
4.11362080158117,-3.95231035997893,-0.0379449527728196,0.,0.,0.,    2015P   2399
0.;                                                                 2015P   2400
126,1,1,0,0,1,0,0.,0.,0.3268,0.3268,1.,1.,10.,3.73417127385297,     2017P   2401
-3.95231035997893,6.732,3.73417127385297,-3.95231035997893,0.,      2017P   2402
0.3268,0.,0.,0.;                                                    2017P   2403
126,1,1,0,0,1,0,-0.022014422642881,-0.022014422642881,              2019P   2404
0.0220144226428811,0.0220144226428811,1.,1.,10.,                    2019P   2405
3.73417127385297,-3.51202190712131,10.,3.73417127385297,            2019P   2406
-3.95231035997893,-0.022014422642881,0.0220144226428811,0.,0.,      2019P   2407
0.;                                                                 2019P   2408
126,1,1,0,0,1,0,-0.0440288452857621,-0.0440288452857621,0.,0.,      2021P   2409
1.,1.,6.732,3.73417127385297,-3.51202190712131,6.732,               2021P   2410
3.73417127385297,-3.95231035997893,-0.0440288452857621,0.,0.,0.,    2021P   2411
0.;                                                                 2021P   2412
126,1,1,0,0,1,0,0.,0.,0.3268,0.3268,1.,1.,10.,3.73417127385297,     2023P   2413
-3.51202190712131,6.732,3.73417127385297,-3.51202190712131,0.,      2023P   2414
0.3268,0.,0.,0.;                                                    2023P   2415
126,1,1,0,0,1,0,0.14270757436944,0.14270757436944,                  2025P   2416
0.220564573807136,0.220564573807136,1.,1.,10.,2.95560127947602,     2025P   2417
-3.5120219071213,10.,3.73417127385297,-3.51202190712131,            2025P   2418
0.14270757436944,0.220564573807136,0.,0.,0.;                        2025P   2419
126,1,1,0,0,1,0,-0.0778569994376957,-0.0778569994376957,0.,0.,      2027P   2420
1.,1.,6.732,2.95560127947602,-3.5120219071213,6.732,                2027P   2421
3.73417127385297,-3.51202190712131,-0.0778569994376957,0.,0.,0.,    2027P   2422
0.;                                                                 2027P   2423
126,1,1,0,0,1,0,0.,0.,0.3268,0.3268,1.,1.,10.,2.95560127947602,     2029P   2424
-3.5120219071213,6.732,2.95560127947602,-3.5120219071213,0.,        2029P   2425
0.3268,0.,0.,0.;                                                    2029P   2426
126,1,1,0,0,1,0,0.,0.,0.0440288452857623,0.0440288452857623,1.,     2031P   2427
1.,10.,2.95560127947602,-3.95231035997893,10.,2.95560127947602,     2031P   2428
-3.5120219071213,0.,0.0440288452857623,0.,0.,0.;                    2031P   2429
126,1,1,0,0,1,0,-0.0440288452857623,-0.0440288452857623,0.,0.,      2033P   2430
1.,1.,6.732,2.95560127947602,-3.95231035997893,6.732,               2033P   2431
2.95560127947602,-3.5120219071213,-0.0440288452857623,0.,0.,0.,     2033P   2432
0.;                                                                 2033P   2433
126,1,1,0,0,1,0,0.,0.,0.3268,0.3268,1.,1.,10.,2.95560127947602,     2035P   2434
-3.95231035997893,6.732,2.95560127947602,-3.95231035997893,0.,      2035P   2435
0.3268,0.,0.,0.;                                                    2035P   2436
126,1,1,0,0,1,0,0.116211074088288,0.116211074088288,                2037P   2437
0.169204074650592,0.169204074650592,1.,1.,10.,2.42567127385297,     2037P   2438
-3.95231035997893,10.,2.95560127947602,-3.95231035997893,           2037P   2439
0.116211074088288,0.169204074650592,0.,0.,0.;                       2037P   2440
126,1,1,0,0,1,0,-0.16879495277282,-0.16879495277282,                2039P   2441
-0.115801952210515,-0.115801952210515,1.,1.,6.732,                  2039P   2442
2.42567127385297,-3.95231035997893,6.732,2.95560127947602,          2039P   2443
-3.95231035997893,-0.16879495277282,-0.115801952210515,0.,0.,0.;    2039P   2444
126,1,1,0,0,1,0,0.,0.,0.3268,0.3268,1.,1.,10.,2.42567127385297,     2041P   2445
-3.95231035997893,6.732,2.42567127385297,-3.95231035997893,0.,      2041P   2446
0.3268,0.,0.,0.;                                                    2041P   2447
126,1,1,0,0,1,0,-0.0220144226428809,-0.0220144226428809,            2043P   2448
0.0220144226428811,0.0220144226428811,1.,1.,10.,                    2043P   2449
2.42567127385297,-3.51202190712131,10.,2.42567127385297,            2043P   2450
-3.95231035997893,-0.0220144226428809,0.0220144226428811,0.,0.,     2043P   2451
0.;                                                                 2043P   2452
126,1,1,0,0,1,0,-0.0440288452857621,-0.0440288452857621,0.,0.,      2045P   2453
1.,1.,6.732,2.42567127385297,-3.51202190712131,6.732,               2045P   2454
2.42567127385297,-3.95231035997893,-0.0440288452857621,0.,0.,0.,    2045P   2455
0.;                                                                 2045P   2456
126,1,1,0,0,1,0,0.,0.,0.3268,0.3268,1.,1.,10.,2.42567127385297,     2047P   2457
-3.51202190712131,6.732,2.42567127385297,-3.51202190712131,0.,      2047P   2458
0.3268,0.,0.,0.;                                                    2047P   2459
126,1,1,0,0,1,0,0.0772825743694398,0.0772825743694398,              2049P   2460
0.155139573807136,0.155139573807136,1.,1.,10.,1.64710127947602,     2049P   2461
-3.5120219071213,10.,2.42567127385297,-3.51202190712131,            2049P   2462
0.0772825743694398,0.155139573807136,0.,0.,0.;                      2049P   2463
126,1,1,0,0,1,0,-0.0778569994376957,-0.0778569994376957,0.,0.,      2051P   2464
1.,1.,6.732,1.64710127947602,-3.5120219071213,6.732,                2051P   2465
2.42567127385297,-3.51202190712131,-0.0778569994376957,0.,0.,0.,    2051P   2466
0.;                                                                 2051P   2467
126,1,1,0,0,1,0,0.,0.,0.3268,0.3268,1.,1.,10.,1.64710127947602,     2053P   2468
-3.5120219071213,6.732,1.64710127947602,-3.5120219071213,0.,        2053P   2469
0.3268,0.,0.,0.;                                                    2053P   2470
126,1,1,0,0,1,0,5.55111512312578D-17,5.55111512312578D-17,          2055P   2471
0.0440288452857623,0.0440288452857623,1.,1.,10.,                    2055P   2472
1.64710127947602,-3.95231035997893,10.,1.64710127947602,            2055P   2473
-3.5120219071213,5.55111512312578D-17,0.0440288452857623,0.,0.,     2055P   2474
0.;                                                                 2055P   2475
126,1,1,0,0,1,0,-0.0440288452857623,-0.0440288452857623,0.,0.,      2057P   2476
1.,1.,6.732,1.64710127947602,-3.95231035997893,6.732,               2057P   2477
1.64710127947602,-3.5120219071213,-0.0440288452857623,0.,0.,0.,     2057P   2478
0.;                                                                 2057P   2479
126,1,1,0,0,1,0,0.,0.,0.3268,0.3268,1.,1.,10.,1.64710127947602,     2059P   2480
-3.95231035997893,6.732,1.64710127947602,-3.95231035997893,0.,      2059P   2481
0.3268,0.,0.,0.;                                                    2059P   2482
126,1,1,0,0,1,0,0.0507860740882877,0.0507860740882877,              2061P   2483
0.103779074650592,0.103779074650592,1.,1.,10.,1.11717127385297,     2061P   2484
-3.95231035997893,10.,1.64710127947602,-3.95231035997893,           2061P   2485
0.0507860740882877,0.103779074650592,0.,0.,0.;                      2061P   2486
126,1,1,0,0,1,0,-0.29964495277282,-0.29964495277282,                2063P   2487
-0.246651952210515,-0.246651952210515,1.,1.,6.732,                  2063P   2488
1.11717127385297,-3.95231035997893,6.732,1.64710127947602,          2063P   2489
-3.95231035997893,-0.29964495277282,-0.246651952210515,0.,0.,0.;    2063P   2490
126,1,1,0,0,1,0,0.,0.,0.3268,0.3268,1.,1.,10.,1.11717127385297,     2065P   2491
-3.95231035997893,6.732,1.11717127385297,-3.95231035997893,0.,      2065P   2492
0.3268,0.,0.,0.;                                                    2065P   2493
126,1,1,0,0,1,0,-0.022014422642881,-0.022014422642881,              2067P   2494
0.0220144226428811,0.0220144226428811,1.,1.,10.,                    2067P   2495
1.11717127385297,-3.51202190712131,10.,1.11717127385297,            2067P   2496
-3.95231035997893,-0.022014422642881,0.0220144226428811,0.,0.,      2067P   2497
0.;                                                                 2067P   2498
126,1,1,0,0,1,0,-0.0440288452857621,-0.0440288452857621,0.,0.,      2069P   2499
1.,1.,6.732,1.11717127385297,-3.51202190712131,6.732,               2069P   2500
1.11717127385297,-3.95231035997893,-0.0440288452857621,0.,0.,0.,    2069P   2501
0.;                                                                 2069P   2502
126,1,1,0,0,1,0,0.,0.,0.3268,0.3268,1.,1.,10.,1.11717127385297,     2071P   2503
-3.51202190712131,6.732,1.11717127385297,-3.51202190712131,0.,      2071P   2504
0.3268,0.,0.,0.;                                                    2071P   2505
126,1,1,0,0,1,0,0.0118575743694398,0.0118575743694398,              2073P   2506
0.0897145738071355,0.0897145738071355,1.,1.,10.,                    2073P   2507
0.338601279476018,-3.5120219071213,10.,1.11717127385297,            2073P   2508
-3.51202190712131,0.0118575743694398,0.0897145738071355,0.,0.,      2073P   2509
0.;                                                                 2073P   2510
126,1,1,0,0,1,0,-0.0778569994376957,-0.0778569994376957,0.,0.,      2075P   2511
1.,1.,6.732,0.338601279476018,-3.5120219071213,6.732,               2075P   2512
1.11717127385297,-3.51202190712131,-0.0778569994376957,0.,0.,0.,    2075P   2513
0.;                                                                 2075P   2514
126,1,1,0,0,1,0,0.,0.,0.3268,0.3268,1.,1.,10.,0.338601279476018,    2077P   2515
-3.5120219071213,6.732,0.338601279476018,-3.5120219071213,0.,       2077P   2516
0.3268,0.,0.,0.;                                                    2077P   2517
126,1,1,0,0,1,0,0.,0.,0.0440288452857623,0.0440288452857623,1.,     2079P   2518
1.,10.,0.338601279476018,-3.95231035997893,10.,                     2079P   2519
0.338601279476018,-3.5120219071213,0.,0.0440288452857623,0.,0.,     2079P   2520
0.;                                                                 2079P   2521
126,1,1,0,0,1,0,-0.0440288452857623,-0.0440288452857623,0.,0.,      2081P   2522
1.,1.,6.732,0.338601279476018,-3.95231035997893,6.732,              2081P   2523
0.338601279476018,-3.5120219071213,-0.0440288452857623,0.,0.,0.,    2081P   2524
0.;                                                                 2081P   2525
126,1,1,0,0,1,0,0.,0.,0.3268,0.3268,1.,1.,10.,0.338601279476018,    2083P   2526
-3.95231035997893,6.732,0.338601279476018,-3.95231035997893,0.,     2083P   2527
0.3268,0.,0.,0.;                                                    2083P   2528
126,1,1,0,0,1,0,-0.0118575743694398,-0.0118575743694398,            2085P   2529
0.0355727231083196,0.0355727231083196,1.,1.,10.,                    2085P   2530
-0.135701695301577,-3.95231035997893,10.,0.338601279476018,         2085P   2531
-3.95231035997893,-0.0118575743694398,0.0355727231083196,0.,0.,     2085P   2532
0.;                                                                 2085P   2533
126,1,1,0,0,1,0,-0.424932249688275,-0.424932249688275,              2087P   2534
-0.377501952210515,-0.377501952210515,1.,1.,6.732,                  2087P   2535
-0.135701695301577,-3.95231035997893,6.732,0.338601279476018,       2087P   2536
-3.95231035997893,-0.424932249688275,-0.377501952210515,0.,0.,      2087P   2537
0.;                                                                 2087P   2538
126,1,1,0,0,1,0,0.,0.,0.3268,0.3268,1.,1.,10.,                      2089P   2539
-0.135701695301577,-3.95231035997893,6.732,-0.135701695301577,      2089P   2540
-3.95231035997893,0.,0.3268,0.,0.,0.;                               2089P   2541
126,1,1,0,0,1,0,-0.0220144226428811,-0.0220144226428811,            2091P   2542
0.0220144226428812,0.0220144226428812,1.,1.,10.,                    2091P   2543
-0.135701695301577,-3.5120219071213,10.,-0.135701695301577,         2091P   2544
-3.95231035997893,-0.0220144226428811,0.0220144226428812,0.,0.,     2091P   2545
0.;                                                                 2091P   2546
126,1,1,0,0,1,0,0.,0.,0.0440288452857623,0.0440288452857623,1.,     2093P   2547
1.,6.732,-0.135701695301577,-3.5120219071213,6.732,                 2093P   2548
-0.135701695301577,-3.95231035997893,0.,0.0440288452857623,0.,      2093P   2549
0.,0.;                                                              2093P   2550
126,1,1,0,0,1,0,0.,0.,0.3268,0.3268,1.,1.,10.,                      2095P   2551
-0.135701695301577,-3.5120219071213,6.732,-0.135701695301577,       2095P   2552
-3.5120219071213,0.,0.3268,0.,0.,0.;                                2095P   2553
126,1,1,0,0,1,0,-0.0507860740882877,-0.0507860740882877,            2097P   2554
0.027070925349408,0.027070925349408,1.,1.,10.,                      2097P   2555
-0.914271689678534,-3.51202190712131,10.,-0.135701695301577,        2097P   2556
-3.5120219071213,-0.0507860740882877,0.027070925349408,0.,0.,0.;    2097P   2557
126,1,1,0,0,1,0,0.,0.,0.0778569994376957,0.0778569994376957,1.,     2099P   2558
1.,6.732,-0.914271689678534,-3.51202190712131,6.732,                2099P   2559
-0.135701695301577,-3.5120219071213,0.,0.0778569994376957,0.,0.,    2099P   2560
0.;                                                                 2099P   2561
126,1,1,0,0,1,0,0.,0.,0.3268,0.3268,1.,1.,10.,                      2101P   2562
-0.914271689678534,-3.51202190712131,6.732,-0.914271689678534,      2101P   2563
-3.51202190712131,0.,0.3268,0.,0.,0.;                               2101P   2564
126,1,1,0,0,1,0,0.,0.,0.0440288452857621,0.0440288452857621,1.,     2103P   2565
1.,10.,-0.914271689678534,-3.95231035997893,10.,                    2103P   2566
-0.914271689678534,-3.51202190712131,0.,0.0440288452857621,0.,      2103P   2567
0.,0.;                                                              2103P   2568
126,1,1,0,0,1,0,0.,0.,0.0440288452857621,0.0440288452857621,1.,     2105P   2569
1.,6.732,-0.914271689678534,-3.95231035997893,6.732,                2105P   2570
-0.914271689678534,-3.51202190712131,0.,0.0440288452857621,0.,      2105P   2571
0.,0.;                                                              2105P   2572
126,1,1,0,0,1,0,0.,0.,0.3268,0.3268,1.,1.,10.,                      2107P   2573
-0.914271689678534,-3.95231035997893,6.732,-0.914271689678534,      2107P   2574
-3.95231035997893,0.,0.3268,0.,0.,0.;                               2107P   2575
126,1,1,0,0,1,0,-0.0772825743694398,-0.0772825743694398,            2109P   2576
-0.0242895738071356,-0.0242895738071356,1.,1.,10.,                  2109P   2577
-1.44420169530158,-3.95231035997893,10.,-0.914271689678534,         2109P   2578
-3.95231035997893,-0.0772825743694398,-0.0242895738071356,0.,0.,    2109P   2579
0.;                                                                 2109P   2580
126,1,1,0,0,1,0,0.246651952210515,0.246651952210515,                2111P   2581
0.29964495277282,0.29964495277282,1.,1.,6.732,-1.44420169530158,    2111P   2582
-3.95231035997893,6.732,-0.914271689678534,-3.95231035997893,       2111P   2583
0.246651952210515,0.29964495277282,0.,0.,0.;                        2111P   2584
126,1,1,0,0,1,0,0.,0.,0.3268,0.3268,1.,1.,10.,-1.44420169530158,    2113P   2585
-3.95231035997893,6.732,-1.44420169530158,-3.95231035997893,0.,     2113P   2586
0.3268,0.,0.,0.;                                                    2113P   2587
126,1,1,0,0,1,0,-0.0220144226428812,-0.0220144226428812,            2115P   2588
0.0220144226428811,0.0220144226428811,1.,1.,10.,                    2115P   2589
-1.44420169530158,-3.5120219071213,10.,-1.44420169530158,           2115P   2590
-3.95231035997893,-0.0220144226428812,0.0220144226428811,0.,0.,     2115P   2591
0.;                                                                 2115P   2592
126,1,1,0,0,1,0,0.,0.,0.0440288452857622,0.0440288452857622,1.,     2117P   2593
1.,6.732,-1.44420169530158,-3.5120219071213,6.732,                  2117P   2594
-1.44420169530158,-3.95231035997893,0.,0.0440288452857622,0.,0.,    2117P   2595
0.;                                                                 2117P   2596
126,1,1,0,0,1,0,0.,0.,0.3268,0.3268,1.,1.,10.,-1.44420169530158,    2119P   2597
-3.5120219071213,6.732,-1.44420169530158,-3.5120219071213,0.,       2119P   2598
0.3268,0.,0.,0.;                                                    2119P   2599
126,1,1,0,0,1,0,-0.116211074088288,-0.116211074088288,              2121P   2600
-0.038354074650592,-0.038354074650592,1.,1.,10.,                    2121P   2601
-2.22277168967853,-3.51202190712131,10.,-1.44420169530158,          2121P   2602
-3.5120219071213,-0.116211074088288,-0.038354074650592,0.,0.,0.;    2121P   2603
126,1,1,0,0,1,0,0.,0.,0.0778569994376957,0.0778569994376957,1.,     2123P   2604
1.,6.732,-2.22277168967853,-3.51202190712131,6.732,                 2123P   2605
-1.44420169530158,-3.5120219071213,0.,0.0778569994376957,0.,0.,     2123P   2606
0.;                                                                 2123P   2607
126,1,1,0,0,1,0,0.,0.,0.3268,0.3268,1.,1.,10.,-2.22277168967853,    2125P   2608
-3.51202190712131,6.732,-2.22277168967853,-3.51202190712131,0.,     2125P   2609
0.3268,0.,0.,0.;                                                    2125P   2610
126,1,1,0,0,1,0,-5.55111512312578D-17,-5.55111512312578D-17,        2127P   2611
0.044028845285762,0.044028845285762,1.,1.,10.,-2.22277168967853,    2127P   2612
-3.95231035997893,10.,-2.22277168967853,-3.51202190712131,          2127P   2613
-5.55111512312578D-17,0.044028845285762,0.,0.,0.;                   2127P   2614
126,1,1,0,0,1,0,0.,0.,0.0440288452857621,0.0440288452857621,1.,     2129P   2615
1.,6.732,-2.22277168967853,-3.95231035997893,6.732,                 2129P   2616
-2.22277168967853,-3.51202190712131,0.,0.0440288452857621,0.,0.,    2129P   2617
0.;                                                                 2129P   2618
126,1,1,0,0,1,0,0.,0.,0.3268,0.3268,1.,1.,10.,-2.22277168967853,    2131P   2619
-3.95231035997893,6.732,-2.22277168967853,-3.95231035997893,0.,     2131P   2620
0.3268,0.,0.,0.;                                                    2131P   2621
126,1,1,0,0,1,0,-0.14270757436944,-0.14270757436944,                2133P   2622
-0.0897145738071356,-0.0897145738071356,1.,1.,10.,                  2133P   2623
-2.75270169530158,-3.95231035997893,10.,-2.22277168967853,          2133P   2624
-3.95231035997893,-0.14270757436944,-0.0897145738071356,0.,0.,      2133P   2625
0.;                                                                 2133P   2626
126,1,1,0,0,1,0,0.115801952210515,0.115801952210515,                2135P   2627
0.16879495277282,0.16879495277282,1.,1.,6.732,-2.75270169530158,    2135P   2628
-3.95231035997893,6.732,-2.22277168967853,-3.95231035997893,        2135P   2629
0.115801952210515,0.16879495277282,0.,0.,0.;                        2135P   2630
126,1,1,0,0,1,0,0.,0.,0.3268,0.3268,1.,1.,10.,-2.75270169530158,    2137P   2631
-3.95231035997893,6.732,-2.75270169530158,-3.95231035997893,0.,     2137P   2632
0.3268,0.,0.,0.;                                                    2137P   2633
126,1,1,0,0,1,0,-0.0220144226428811,-0.0220144226428811,            2139P   2634
0.0220144226428811,0.0220144226428811,1.,1.,10.,                    2139P   2635
-2.75270169530158,-3.5120219071213,10.,-2.75270169530158,           2139P   2636
-3.95231035997893,-0.0220144226428811,0.0220144226428811,0.,0.,     2139P   2637
0.;                                                                 2139P   2638
126,1,1,0,0,1,0,0.,0.,0.0440288452857622,0.0440288452857622,1.,     2141P   2639
1.,6.732,-2.75270169530158,-3.5120219071213,6.732,                  2141P   2640
-2.75270169530158,-3.95231035997893,0.,0.0440288452857622,0.,0.,    2141P   2641
0.;                                                                 2141P   2642
126,1,1,0,0,1,0,0.,0.,0.3268,0.3268,1.,1.,10.,-2.75270169530158,    2143P   2643
-3.5120219071213,6.732,-2.75270169530158,-3.5120219071213,0.,       2143P   2644
0.3268,0.,0.,0.;                                                    2143P   2645
126,1,1,0,0,1,0,-0.181636074088288,-0.181636074088288,              2145P   2646
-0.103779074650592,-0.103779074650592,1.,1.,10.,                    2145P   2647
-3.53127168967853,-3.51202190712131,10.,-2.75270169530158,          2145P   2648
-3.5120219071213,-0.181636074088288,-0.103779074650592,0.,0.,0.;    2145P   2649
126,1,1,0,0,1,0,0.,0.,0.0778569994376957,0.0778569994376957,1.,     2147P   2650
1.,6.732,-3.53127168967853,-3.51202190712131,6.732,                 2147P   2651
-2.75270169530158,-3.5120219071213,0.,0.0778569994376957,0.,0.,     2147P   2652
0.;                                                                 2147P   2653
126,1,1,0,0,1,0,0.,0.,0.3268,0.3268,1.,1.,10.,-3.53127168967853,    2149P   2654
-3.51202190712131,6.732,-3.53127168967853,-3.51202190712131,0.,     2149P   2655
0.3268,0.,0.,0.;                                                    2149P   2656
126,1,1,0,0,1,0,0.,0.,0.0440288452857621,0.0440288452857621,1.,     2151P   2657
1.,10.,-3.53127168967853,-3.95231035997893,10.,                     2151P   2658
-3.53127168967853,-3.51202190712131,0.,0.0440288452857621,0.,0.,    2151P   2659
0.;                                                                 2151P   2660
126,1,1,0,0,1,0,0.,0.,0.0440288452857621,0.0440288452857621,1.,     2153P   2661
1.,6.732,-3.53127168967853,-3.95231035997893,6.732,                 2153P   2662
-3.53127168967853,-3.51202190712131,0.,0.0440288452857621,0.,0.,    2153P   2663
0.;                                                                 2153P   2664
126,1,1,0,0,1,0,0.,0.,0.3268,0.3268,1.,1.,10.,-3.53127168967853,    2155P   2665
-3.95231035997893,6.732,-3.53127168967853,-3.95231035997893,0.,     2155P   2666
0.3268,0.,0.,0.;                                                    2155P   2667
126,1,1,0,0,1,0,-0.200608550474698,-0.200608550474698,              2157P   2668
-0.162663597701878,-0.162663597701878,1.,1.,10.,                    2157P   2669
-3.91072121740673,-3.95231035997893,10.,-3.53127168967853,          2157P   2670
-3.95231035997893,-0.200608550474698,-0.162663597701878,0.,0.,      2157P   2671
0.;                                                                 2157P   2672
126,1,1,0,0,1,0,0.,0.,0.0379449527728196,0.0379449527728196,1.,     2159P   2673
1.,6.732,-3.91072121740673,-3.95231035997893,6.732,                 2159P   2674
-3.53127168967853,-3.95231035997893,0.,0.0379449527728196,0.,0.,    2159P   2675
0.;                                                                 2159P   2676
126,1,1,0,0,1,0,0.,0.,0.3268,0.3268,1.,1.,10.,-3.91072121740673,    2161P   2677
-3.95231035997893,6.732,-3.91072121740673,-3.95231035997893,0.,     2161P   2678
0.3268,0.,0.,0.;                                                    2161P   2679
126,1,1,0,0,1,0,-0.0244219854051476,-0.0244219854051476,            2163P   2680
0.0244219854051476,0.0244219854051476,1.,1.,10.,                    2163P   2681
-3.91072121740673,-4.44075006808188,10.,-3.91072121740673,          2163P   2682
-3.95231035997893,-0.0244219854051476,0.0244219854051476,0.,0.,     2163P   2683
0.;                                                                 2163P   2684
126,1,1,0,0,1,0,0.,0.,0.0488439708102951,0.0488439708102951,1.,     2165P   2685
1.,6.732,-3.91072121740673,-4.44075006808188,6.732,                 2165P   2686
-3.91072121740673,-3.95231035997893,0.,0.0488439708102951,0.,0.,    2165P   2687
0.;                                                                 2165P   2688
126,1,1,0,0,1,0,0.,0.,0.3268,0.3268,1.,1.,10.,-3.91072121740673,    2167P   2689
-4.44075006808188,6.732,-3.91072121740673,-4.44075006808188,0.,     2167P   2690
0.3268,0.,0.,0.;                                                    2167P   2691
126,1,1,0,0,1,0,-0.226164250042299,-0.226164250042299,              2169P   2692
-0.175052850907096,-0.175052850907096,1.,1.,10.,                    2169P   2693
-4.42183520875876,-4.44075006808188,10.,-3.91072121740673,          2169P   2694
-4.44075006808188,-0.226164250042299,-0.175052850907096,0.,0.,      2169P   2695
0.;                                                                 2169P   2696
126,1,1,0,0,1,0,0.,0.,0.0511113991352027,0.0511113991352027,1.,     2171P   2697
1.,6.732,-4.42183520875876,-4.44075006808188,6.732,                 2171P   2698
-3.91072121740673,-4.44075006808188,0.,0.0511113991352027,0.,0.,    2171P   2699
0.;                                                                 2171P   2700
126,1,1,0,0,1,0,0.,0.,0.3268,0.3268,1.,1.,10.,-4.42183520875876,    2173P   2701
-4.44075006808188,6.732,-4.42183520875876,-4.44075006808188,0.,     2173P   2702
0.3268,0.,0.,0.;                                                    2173P   2703
126,1,1,0,0,1,0,-0.0805881641562221,-0.0805881641562221,            2175P   2704
0.129432134966517,0.129432134966517,1.,1.,10.,-4.42183520875876,    2175P   2705
-2.34054707685448,10.,-4.42183520875876,-4.44075006808188,          2175P   2706
-0.0805881641562221,0.129432134966517,0.,0.,0.;                     2175P   2707
126,1,1,0,0,1,0,0.,0.,0.210020299122739,0.210020299122739,1.,1.,    2177P   2708
6.732,-4.42183520875876,-2.34054707685448,6.732,                    2177P   2709
-4.42183520875876,-4.44075006808188,0.,0.210020299122739,0.,0.,     2177P   2710
0.;                                                                 2177P   2711
126,1,1,0,0,1,0,0.,0.,0.3268,0.3268,1.,1.,10.,-4.42183520875876,    2179P   2712
-2.34054707685448,6.732,-4.42183520875876,-2.34054707685448,0.,     2179P   2713
0.3268,0.,0.,0.;                                                    2179P   2714
126,1,1,0,0,1,0,-0.226164250042299,-0.226164250042299,              2181P   2715
0.678492750126897,0.678492750126897,1.,1.,10.,4.6247347929332,      2181P   2716
-2.34054707685448,10.,-4.42183520875876,-2.34054707685448,          2181P   2717
-0.226164250042299,0.678492750126897,0.,0.,0.;                      2181P   2718
126,1,1,0,0,1,0,-0.452328500084598,-0.452328500084598,              2183P   2719
0.452328500084598,0.452328500084598,1.,1.,6.732,4.6247347929332,    2183P   2720
-2.34054707685448,6.732,-4.42183520875876,-2.34054707685448,        2183P   2721
-0.452328500084598,0.452328500084598,0.,0.,0.;                      2183P   2722
126,1,1,0,0,1,0,0.,0.,0.3268,0.3268,1.,1.,10.,4.6247347929332,      2185P   2723
-2.34054707685448,6.732,4.6247347929332,-2.34054707685448,0.,       2185P   2724
0.3268,0.,0.,0.;                                                    2185P   2725
126,1,1,0,0,1,0,-0.0244219854051476,-0.0244219854051476,            2187P   2726
0.185598313717592,0.185598313717592,1.,1.,10.,4.6247347929332,      2187P   2727
-4.44075006808188,10.,4.6247347929332,-2.34054707685448,            2187P   2728
-0.0244219854051476,0.185598313717592,0.,0.,0.;                     2187P   2729
126,1,1,0,0,1,0,-0.210020299122739,-0.210020299122739,0.,0.,1.,     2189P   2730
1.,6.732,4.6247347929332,-4.44075006808188,6.732,                   2189P   2731
4.6247347929332,-2.34054707685448,-0.210020299122739,0.,0.,0.,      2189P   2732
0.;                                                                 2189P   2733
126,1,1,0,0,1,0,0.0532306645897952,0.0532306645897952,              2191P   2734
0.12392515455935,0.12392515455935,1.,1.,10.,4.12962799370315,       2191P   2735
-5.01692365177483,10.,4.12962799370315,-5.72386855147038,           2191P   2736
0.0532306645897952,0.12392515455935,0.,0.,0.;                       2191P   2737
126,1,1,0,0,1,0,0.,0.,0.3268,0.3268,1.,1.,10.,4.12962799370315,     2193P   2738
-5.72386855147038,6.732,4.12962799370315,-5.72386855147038,0.,      2193P   2739
0.3268,0.,0.,0.;                                                    2193P   2740
126,1,1,0,0,1,0,0.,0.,0.0706944899695547,0.0706944899695547,1.,     2195P   2741
1.,6.732,4.12962799370315,-5.01692365177483,6.732,                  2195P   2742
4.12962799370315,-5.72386855147038,0.,0.0706944899695547,0.,0.,     2195P   2743
0.;                                                                 2195P   2744
126,1,1,0,0,1,0,0.,0.,0.3268,0.3268,1.,1.,10.,4.12962799370315,     2197P   2745
-5.01692365177483,6.732,4.12962799370315,-5.01692365177483,0.,      2197P   2746
0.3268,0.,0.,0.;                                                    2197P   2747
126,1,1,0,0,1,0,-0.240394842049301,-0.240394842049301,              2199P   2748
-0.162422978112292,-0.162422978112292,1.,1.,10.,                    2199P   2749
4.90934663307324,-5.01692365177483,10.,4.12962799370315,            2199P   2750
-5.01692365177483,-0.240394842049301,-0.162422978112292,0.,0.,      2199P   2751
0.;                                                                 2199P   2752
126,1,1,0,0,1,0,0.,0.,0.077971863937009,0.077971863937009,1.,1.,    2201P   2753
6.732,4.90934663307324,-5.01692365177483,6.732,4.12962799370315,    2201P   2754
-5.01692365177483,0.,0.077971863937009,0.,0.,0.;                    2201P   2755
126,1,1,0,0,1,0,0.,0.,0.3268,0.3268,1.,1.,10.,4.90934663307324,     2203P   2756
-5.01692365177483,6.732,4.90934663307324,-5.01692365177483,0.,      2203P   2757
0.3268,0.,0.,0.;                                                    2203P   2758
126,1,1,0,0,1,0,-0.0885779095745726,-0.0885779095745726,            2205P   2759
-0.0178834196050178,-0.0178834196050178,1.,1.,10.,                  2205P   2760
4.90934663307324,-5.72386855147038,10.,4.90934663307324,            2205P   2761
-5.01692365177483,-0.0885779095745726,-0.0178834196050178,0.,0.,    2205P   2762
0.;                                                                 2205P   2763
126,1,1,0,0,1,0,0.,0.,0.0706944899695547,0.0706944899695547,1.,     2207P   2764
1.,6.732,4.90934663307324,-5.72386855147038,6.732,                  2207P   2765
4.90934663307324,-5.01692365177483,0.,0.0706944899695547,0.,0.,     2207P   2766
0.;                                                                 2207P   2767
126,1,1,0,0,1,0,0.,0.,0.3268,0.3268,1.,1.,10.,4.90934663307324,     2209P   2768
-5.72386855147038,6.732,4.90934663307324,-5.72386855147038,0.,      2209P   2769
0.3268,0.,0.,0.;                                                    2209P   2770
126,1,1,0,0,1,0,0.201408910080797,0.201408910080797,                2211P   2771
0.279380774017806,0.279380774017806,1.,1.,10.,4.12962799370315,     2211P   2772
-5.72386855147038,10.,4.90934663307324,-5.72386855147038,           2211P   2773
0.201408910080797,0.279380774017806,0.,0.,0.;                       2211P   2774
126,1,1,0,0,1,0,0.,0.,0.077971863937009,0.077971863937009,1.,1.,    2213P   2775
6.732,4.12962799370315,-5.72386855147038,6.732,4.90934663307324,    2213P   2776
-5.72386855147038,0.,0.077971863937009,0.,0.,0.;                    2213P   2777
126,1,1,0,0,1,0,0.0532306645897952,0.0532306645897952,              2215P   2778
0.12392515455935,0.12392515455935,1.,1.,10.,-4.7064470488988,       2215P   2779
-5.01692365177483,10.,-4.7064470488988,-5.72386855147038,           2215P   2780
0.0532306645897952,0.12392515455935,0.,0.,0.;                       2215P   2781
126,1,1,0,0,1,0,0.,0.,0.3268,0.3268,1.,1.,10.,-4.7064470488988,     2217P   2782
-5.72386855147038,6.732,-4.7064470488988,-5.72386855147038,0.,      2217P   2783
0.3268,0.,0.,0.;                                                    2217P   2784
126,1,1,0,0,1,0,-0.0706944899695547,-0.0706944899695547,0.,0.,      2219P   2785
1.,1.,6.732,-4.7064470488988,-5.01692365177483,6.732,               2219P   2786
-4.7064470488988,-5.72386855147038,-0.0706944899695547,0.,0.,0.,    2219P   2787
0.;                                                                 2219P   2788
126,1,1,0,0,1,0,0.,0.,0.3268,0.3268,1.,1.,10.,-4.7064470488988,     2221P   2789
-5.01692365177483,6.732,-4.7064470488988,-5.01692365177483,0.,      2221P   2790
0.3268,0.,0.,0.;                                                    2221P   2791
126,1,1,0,0,1,0,0.201408910080797,0.201408910080797,                2223P   2792
0.279380774017806,0.279380774017806,1.,1.,10.,-3.92672840952871,    2223P   2793
-5.01692365177483,10.,-4.7064470488988,-5.01692365177483,           2223P   2794
0.201408910080797,0.279380774017806,0.,0.,0.;                       2223P   2795
126,1,1,0,0,1,0,-0.077971863937009,-0.077971863937009,0.,0.,1.,     2225P   2796
1.,6.732,-3.92672840952871,-5.01692365177483,6.732,                 2225P   2797
-4.7064470488988,-5.01692365177483,-0.077971863937009,0.,0.,0.,     2225P   2798
0.;                                                                 2225P   2799
126,1,1,0,0,1,0,0.,0.,0.3268,0.3268,1.,1.,10.,-3.92672840952871,    2227P   2800
-5.01692365177483,6.732,-3.92672840952871,-5.01692365177483,0.,     2227P   2801
0.3268,0.,0.,0.;                                                    2227P   2802
126,1,1,0,0,1,0,-0.0885779095745726,-0.0885779095745726,            2229P   2803
-0.0178834196050178,-0.0178834196050178,1.,1.,10.,                  2229P   2804
-3.92672840952871,-5.72386855147038,10.,-3.92672840952871,          2229P   2805
-5.01692365177483,-0.0885779095745726,-0.0178834196050178,0.,0.,    2229P   2806
0.;                                                                 2229P   2807
126,1,1,0,0,1,0,-0.0706944899695547,-0.0706944899695547,0.,0.,      2231P   2808
1.,1.,6.732,-3.92672840952871,-5.72386855147038,6.732,              2231P   2809
-3.92672840952871,-5.01692365177483,-0.0706944899695547,0.,0.,      2231P   2810
0.,0.;                                                              2231P   2811
126,1,1,0,0,1,0,0.,0.,0.3268,0.3268,1.,1.,10.,-3.92672840952871,    2233P   2812
-5.72386855147038,6.732,-3.92672840952871,-5.72386855147038,0.,     2233P   2813
0.3268,0.,0.,0.;                                                    2233P   2814
126,1,1,0,0,1,0,-0.240394842049301,-0.240394842049301,              2235P   2815
-0.162422978112292,-0.162422978112292,1.,1.,10.,                    2235P   2816
-4.7064470488988,-5.72386855147038,10.,-3.92672840952871,           2235P   2817
-5.72386855147038,-0.240394842049301,-0.162422978112292,0.,0.,      2235P   2818
0.;                                                                 2235P   2819
126,1,1,0,0,1,0,-0.077971863937009,-0.077971863937009,0.,0.,1.,     2237P   2820
1.,6.732,-4.7064470488988,-5.72386855147038,6.732,                  2237P   2821
-3.92672840952871,-5.72386855147038,-0.077971863937009,0.,0.,0.,    2237P   2822
0.;                                                                 2237P   2823
126,1,1,0,0,1,0,-0.440462071995785,-0.440462071995785,0.004,        2239P   2824
0.004,1.,1.,10.,-5.44447217534733,-1.75,10.,-5.44447217534733,      2239P   2825
-6.19462071995785,-0.440462071995785,0.004,0.,0.,0.;                2239P   2826
126,1,1,0,0,1,0,0.,0.,0.425,0.425,1.,1.,10.,-5.44447217534733,      2241P   2827
-1.75,5.75,-5.44447217534733,-1.75,0.,0.425,0.,0.,0.;               2241P   2828
126,1,1,0,0,1,0,0.,0.,0.444462071995785,0.444462071995785,1.,1.,    2243P   2829
5.75,-5.44447217534733,-1.75,5.75,-5.44447217534733,                2243P   2830
-6.19462071995785,0.,0.444462071995785,0.,0.,0.;                    2243P   2831
126,1,1,0,0,1,0,0.,0.,1.10918439348691,1.10918439348691,1.,1.,      2245P   2832
10.,5.64737175952177,-1.75,10.,-5.44447217534733,-1.75,0.,          2245P   2833
1.10918439348691,0.,0.,0.;                                          2245P   2834
126,1,1,0,0,1,0,0.,0.,0.425,0.425,1.,1.,10.,5.64737175952177,       2247P   2835
-1.75,5.75,5.64737175952177,-1.75,0.,0.425,0.,0.,0.;                2247P   2836
126,1,1,0,0,1,0,0.,0.,1.10918439348691,1.10918439348691,1.,1.,      2249P   2837
5.75,5.64737175952177,-1.75,5.75,-5.44447217534733,-1.75,0.,        2249P   2838
1.10918439348691,0.,0.,0.;                                          2249P   2839
126,1,1,0,0,1,0,-0.004,-0.004,0.440462071995785,                    2251P   2840
0.440462071995785,1.,1.,10.,5.64737175952177,-6.19462071995785,     2251P   2841
10.,5.64737175952177,-1.75,-0.004,0.440462071995785,0.,0.,0.;       2251P   2842
126,1,1,0,0,1,0,-0.440462071995785,-0.440462071995785,0.004,        2253P   2843
0.004,1.,1.,5.75,5.64737175952177,-1.75,5.75,5.64737175952177,      2253P   2844
-6.19462071995785,-0.440462071995785,0.004,0.,0.,0.;                2253P   2845
128,1,1,1,1,0,0,1,0,0,-0.426,-0.426,0.001,0.001,-0.001,-0.001,      2255P   2846
1.11018439348691,1.11018439348691,1.,1.,1.,1.,-5.74,                2255P   2847
-5.45447217534733,-6.19462071995785,-10.01,-5.45447217534733,       2255P   2848
-6.19462071995785,-5.74,5.65737175952177,-6.19462071995785,         2255P   2849
-10.01,5.65737175952177,-6.19462071995785,-0.426,0.001,-0.001,      2255P   2850
1.11018439348691;                                                   2255P   2851
128,1,1,1,1,0,0,1,0,0,-0.001,-0.001,0.0436192129029985,             2257P   2852
0.0436192129029985,-0.001,-0.001,0.3278,0.3278,1.,1.,1.,1.,         2257P   2853
-10.01,-2.10601885060899,-4.71845968066605,-10.01,                  2257P   2854
-2.10601885060899,-4.27226755163607,-6.722,-2.10601885060899,       2257P   2855
-4.71845968066605,-6.722,-2.10601885060899,-4.27226755163607,       2257P   2856
-0.001,0.0436192129029985,-0.001,0.3278;                            2257P   2857
128,1,1,1,1,0,0,1,0,0,-0.00100000000000008,-0.00100000000000008,    2259P   2858
0.442493728539242,0.442493728539242,-0.001,-0.001,0.3278,0.3278,    2259P   2859
1.,1.,1.,1.,-10.01,-2.11601885060899,-4.28226755163607,-10.01,      2259P   2860
2.31891843478343,-4.28226755163607,-6.722,-2.11601885060899,        2259P   2861
-4.28226755163607,-6.722,2.31891843478343,-4.28226755163607,        2259P   2862
-0.00100000000000008,0.442493728539242,-0.001,0.3278;               2259P   2863
128,1,1,1,1,0,0,1,0,0,-0.001,-0.001,0.0436192129029985,             2261P   2864
0.0436192129029985,-0.001,-0.001,0.3278,0.3278,1.,1.,1.,1.,         2261P   2865
-10.01,2.30891843478343,-4.27226755163607,-10.01,                   2261P   2866
2.30891843478343,-4.71845968066605,-6.722,2.30891843478343,         2261P   2867
-4.27226755163607,-6.722,2.30891843478343,-4.71845968066605,        2261P   2868
-0.001,0.0436192129029985,-0.001,0.3278;                            2261P   2869
128,1,1,1,1,0,0,1,0,0,-0.00100000000000008,-0.00100000000000008,    2263P   2870
0.442493728539242,0.442493728539242,-0.001,-0.001,0.3278,0.3278,    2263P   2871
1.,1.,1.,1.,-10.01,2.31891843478343,-4.70845968066605,-10.01,       2263P   2872
-2.11601885060899,-4.70845968066605,-6.722,2.31891843478343,        2263P   2873
-4.70845968066605,-6.722,-2.11601885060899,-4.70845968066605,       2263P   2874
-0.00100000000000008,0.442493728539242,-0.001,0.3278;               2263P   2875
128,1,1,1,1,0,0,1,0,0,-0.0223096064514993,-0.0223096064514993,      2265P   2876
0.0223096064514993,0.0223096064514993,-0.221746864269621,           2265P   2877
-0.221746864269621,0.221746864269621,0.221746864269621,1.,1.,1.,    2265P   2878
1.,-6.732,-2.11601885060899,-4.71845968066605,-6.732,               2265P   2879
-2.11601885060899,-4.27226755163607,-6.732,2.31891843478343,        2265P   2880
-4.71845968066605,-6.732,2.31891843478343,-4.27226755163607,        2265P   2881
-0.0223096064514993,0.0223096064514993,-0.221746864269621,          2265P   2882
0.221746864269621;                                                  2265P   2883
128,1,1,1,1,0,0,1,0,0,-0.001,-0.001,0.0521113991352027,             2267P   2884
0.0521113991352027,-0.001,-0.001,0.3278,0.3278,1.,1.,1.,1.,         2267P   2885
-10.01,4.6347347929332,-4.44075006808188,-10.01,                    2267P   2886
4.10362080158117,-4.44075006808188,-6.722,4.6347347929332,          2267P   2887
-4.44075006808188,-6.722,4.10362080158117,-4.44075006808188,        2267P   2888
-0.001,0.0521113991352027,-0.001,0.3278;                            2267P   2889
128,1,1,1,1,0,0,1,0,0,-0.001,-0.001,0.0498439708102951,             2269P   2890
0.0498439708102951,-0.001,-0.001,0.3278,0.3278,1.,1.,1.,1.,         2269P   2891
-10.01,4.11362080158117,-4.45075006808188,-10.01,                   2269P   2892
4.11362080158117,-3.94231035997893,-6.722,4.11362080158117,         2269P   2893
-4.45075006808188,-6.722,4.11362080158117,-3.94231035997893,        2269P   2894
-0.001,0.0498439708102951,-0.001,0.3278;                            2269P   2895
128,1,1,1,1,0,0,1,0,0,-0.001,-0.001,0.0389449527728196,             2271P   2896
0.0389449527728196,-0.001,-0.001,0.3278,0.3278,1.,1.,1.,1.,         2271P   2897
-10.01,4.12362080158117,-3.95231035997893,-10.01,                   2271P   2898
3.72417127385297,-3.95231035997893,-6.722,4.12362080158117,         2271P   2899
-3.95231035997893,-6.722,3.72417127385297,-3.95231035997893,        2271P   2900
-0.001,0.0389449527728196,-0.001,0.3278;                            2271P   2901
128,1,1,1,1,0,0,1,0,0,-0.001,-0.001,0.0450288452857621,             2273P   2902
0.0450288452857621,-0.001,-0.001,0.3278,0.3278,1.,1.,1.,1.,         2273P   2903
-10.01,3.73417127385297,-3.96231035997893,-10.01,                   2273P   2904
3.73417127385297,-3.50202190712131,-6.722,3.73417127385297,         2273P   2905
-3.96231035997893,-6.722,3.73417127385297,-3.50202190712131,        2273P   2906
-0.001,0.0450288452857621,-0.001,0.3278;                            2273P   2907
128,1,1,1,1,0,0,1,0,0,-0.001,-0.001,0.0788569994376957,             2275P   2908
0.0788569994376957,-0.001,-0.001,0.3278,0.3278,1.,1.,1.,1.,         2275P   2909
-10.01,3.74417127385297,-3.51202190712131,-10.01,                   2275P   2910
2.94560127947602,-3.5120219071213,-6.722,3.74417127385297,          2275P   2911
-3.51202190712131,-6.722,2.94560127947602,-3.5120219071213,         2275P   2912
-0.001,0.0788569994376957,-0.001,0.3278;                            2275P   2913
128,1,1,1,1,0,0,1,0,0,-0.001,-0.001,0.0450288452857623,             2277P   2914
0.0450288452857623,-0.001,-0.001,0.3278,0.3278,1.,1.,1.,1.,         2277P   2915
-10.01,2.95560127947602,-3.5020219071213,-10.01,                    2277P   2916
2.95560127947602,-3.96231035997893,-6.722,2.95560127947602,         2277P   2917
-3.5020219071213,-6.722,2.95560127947602,-3.96231035997893,         2277P   2918
-0.001,0.0450288452857623,-0.001,0.3278;                            2277P   2919
128,1,1,1,1,0,0,1,0,0,-0.001,-0.001,0.0539930005623043,             2279P   2920
0.0539930005623043,-0.001,-0.001,0.3278,0.3278,1.,1.,1.,1.,         2279P   2921
-10.01,2.96560127947602,-3.95231035997893,-10.01,                   2279P   2922
2.41567127385297,-3.95231035997893,-6.722,2.96560127947602,         2279P   2923
-3.95231035997893,-6.722,2.41567127385297,-3.95231035997893,        2279P   2924
-0.001,0.0539930005623043,-0.001,0.3278;                            2279P   2925
128,1,1,1,1,0,0,1,0,0,-0.001,-0.001,0.0450288452857621,             2281P   2926
0.0450288452857621,-0.001,-0.001,0.3278,0.3278,1.,1.,1.,1.,         2281P   2927
-10.01,2.42567127385297,-3.96231035997893,-10.01,                   2281P   2928
2.42567127385297,-3.50202190712131,-6.722,2.42567127385297,         2281P   2929
-3.96231035997893,-6.722,2.42567127385297,-3.50202190712131,        2281P   2930
-0.001,0.0450288452857621,-0.001,0.3278;                            2281P   2931
128,1,1,1,1,0,0,1,0,0,-0.001,-0.001,0.0788569994376957,             2283P   2932
0.0788569994376957,-0.001,-0.001,0.3278,0.3278,1.,1.,1.,1.,         2283P   2933
-10.01,2.43567127385297,-3.51202190712131,-10.01,                   2283P   2934
1.63710127947602,-3.5120219071213,-6.722,2.43567127385297,          2283P   2935
-3.51202190712131,-6.722,1.63710127947602,-3.5120219071213,         2283P   2936
-0.001,0.0788569994376957,-0.001,0.3278;                            2283P   2937
128,1,1,1,1,0,0,1,0,0,-0.001,-0.001,0.0450288452857623,             2285P   2938
0.0450288452857623,-0.001,-0.001,0.3278,0.3278,1.,1.,1.,1.,         2285P   2939
-10.01,1.64710127947602,-3.5020219071213,-10.01,                    2285P   2940
1.64710127947602,-3.96231035997893,-6.722,1.64710127947602,         2285P   2941
-3.5020219071213,-6.722,1.64710127947602,-3.96231035997893,         2285P   2942
-0.001,0.0450288452857623,-0.001,0.3278;                            2285P   2943
128,1,1,1,1,0,0,1,0,0,-0.00100000000000001,-0.00100000000000001,    2287P   2944
0.0539930005623042,0.0539930005623042,-0.001,-0.001,0.3278,         2287P   2945
0.3278,1.,1.,1.,1.,-10.01,1.65710127947602,-3.95231035997893,       2287P   2946
-10.01,1.10717127385297,-3.95231035997893,-6.722,                   2287P   2947
1.65710127947602,-3.95231035997893,-6.722,1.10717127385297,         2287P   2948
-3.95231035997893,-0.00100000000000001,0.0539930005623042,          2287P   2949
-0.001,0.3278;                                                      2287P   2950
128,1,1,1,1,0,0,1,0,0,-0.001,-0.001,0.0450288452857621,             2289P   2951
0.0450288452857621,-0.001,-0.001,0.3278,0.3278,1.,1.,1.,1.,         2289P   2952
-10.01,1.11717127385297,-3.96231035997893,-10.01,                   2289P   2953
1.11717127385297,-3.50202190712131,-6.722,1.11717127385297,         2289P   2954
-3.96231035997893,-6.722,1.11717127385297,-3.50202190712131,        2289P   2955
-0.001,0.0450288452857621,-0.001,0.3278;                            2289P   2956
128,1,1,1,1,0,0,1,0,0,-0.00100000000000001,-0.00100000000000001,    2291P   2957
0.0788569994376957,0.0788569994376957,-0.001,-0.001,0.3278,         2291P   2958
0.3278,1.,1.,1.,1.,-10.01,1.12717127385297,-3.51202190712131,       2291P   2959
-10.01,0.328601279476018,-3.5120219071213,-6.722,                   2291P   2960
1.12717127385297,-3.51202190712131,-6.722,0.328601279476018,        2291P   2961
-3.5120219071213,-0.00100000000000001,0.0788569994376957,-0.001,    2291P   2962
0.3278;                                                             2291P   2963
128,1,1,1,1,0,0,1,0,0,-0.001,-0.001,0.0450288452857623,             2293P   2964
0.0450288452857623,-0.001,-0.001,0.3278,0.3278,1.,1.,1.,1.,         2293P   2965
-10.01,0.338601279476018,-3.5020219071213,-10.01,                   2293P   2966
0.338601279476018,-3.96231035997893,-6.722,0.338601279476018,       2293P   2967
-3.5020219071213,-6.722,0.338601279476018,-3.96231035997893,        2293P   2968
-0.001,0.0450288452857623,-0.001,0.3278;                            2293P   2969
128,1,1,1,1,0,0,1,0,0,-0.001,-0.001,0.0484302974777595,             2295P   2970
0.0484302974777595,-0.001,-0.001,0.3278,0.3278,1.,1.,1.,1.,         2295P   2971
-10.01,0.348601279476018,-3.95231035997893,-10.01,                  2295P   2972
-0.145701695301577,-3.95231035997893,-6.722,0.348601279476018,      2295P   2973
-3.95231035997893,-6.722,-0.145701695301577,-3.95231035997893,      2295P   2974
-0.001,0.0484302974777595,-0.001,0.3278;                            2295P   2975
128,1,1,1,1,0,0,1,0,0,-0.001,-0.001,0.0450288452857623,             2297P   2976
0.0450288452857623,-0.001,-0.001,0.3278,0.3278,1.,1.,1.,1.,         2297P   2977
-10.01,-0.135701695301577,-3.96231035997893,-10.01,                 2297P   2978
-0.135701695301577,-3.5020219071213,-6.722,-0.135701695301577,      2297P   2979
-3.96231035997893,-6.722,-0.135701695301577,-3.5020219071213,       2297P   2980
-0.001,0.0450288452857623,-0.001,0.3278;                            2297P   2981
128,1,1,1,1,0,0,1,0,0,-0.001,-0.001,0.0788569994376957,             2299P   2982
0.0788569994376957,-0.001,-0.001,0.3278,0.3278,1.,1.,1.,1.,         2299P   2983
-10.01,-0.125701695301577,-3.5120219071213,-10.01,                  2299P   2984
-0.924271689678534,-3.51202190712131,-6.722,-0.125701695301577,     2299P   2985
-3.5120219071213,-6.722,-0.924271689678534,-3.51202190712131,       2299P   2986
-0.001,0.0788569994376957,-0.001,0.3278;                            2299P   2987
128,1,1,1,1,0,0,1,0,0,-0.001,-0.001,0.0450288452857621,             2301P   2988
0.0450288452857621,-0.001,-0.001,0.3278,0.3278,1.,1.,1.,1.,         2301P   2989
-10.01,-0.914271689678534,-3.50202190712131,-10.01,                 2301P   2990
-0.914271689678534,-3.96231035997893,-6.722,-0.914271689678534,     2301P   2991
-3.5020219071213,-6.722,-0.914271689678534,-3.96231035997893,       2301P   2992
-0.001,0.0450288452857621,-0.001,0.3278;                            2301P   2993
128,1,1,1,1,0,0,1,0,0,-0.001,-0.001,0.0539930005623043,             2303P   2994
0.0539930005623043,-0.001,-0.001,0.3278,0.3278,1.,1.,1.,1.,         2303P   2995
-10.01,-0.904271689678534,-3.95231035997893,-10.01,                 2303P   2996
-1.45420169530158,-3.95231035997893,-6.722,-0.904271689678534,      2303P   2997
-3.95231035997893,-6.722,-1.45420169530158,-3.95231035997893,       2303P   2998
-0.001,0.0539930005623043,-0.001,0.3278;                            2303P   2999
128,1,1,1,1,0,0,1,0,0,-0.001,-0.001,0.0450288452857622,             2305P   3000
0.0450288452857622,-0.001,-0.001,0.3278,0.3278,1.,1.,1.,1.,         2305P   3001
-10.01,-1.44420169530158,-3.96231035997893,-10.01,                  2305P   3002
-1.44420169530158,-3.5020219071213,-6.722,-1.44420169530158,        2305P   3003
-3.96231035997893,-6.722,-1.44420169530158,-3.5020219071213,        2305P   3004
-0.001,0.0450288452857622,-0.001,0.3278;                            2305P   3005
128,1,1,1,1,0,0,1,0,0,-0.001,-0.001,0.0788569994376957,             2307P   3006
0.0788569994376957,-0.001,-0.001,0.3278,0.3278,1.,1.,1.,1.,         2307P   3007
-10.01,-1.43420169530158,-3.5120219071213,-10.01,                   2307P   3008
-2.23277168967853,-3.51202190712131,-6.722,-1.43420169530158,       2307P   3009
-3.5120219071213,-6.722,-2.23277168967853,-3.51202190712131,        2307P   3010
-0.001,0.0788569994376957,-0.001,0.3278;                            2307P   3011
128,1,1,1,1,0,0,1,0,0,-0.001,-0.001,0.0450288452857621,             2309P   3012
0.0450288452857621,-0.001,-0.001,0.3278,0.3278,1.,1.,1.,1.,         2309P   3013
-10.01,-2.22277168967853,-3.50202190712131,-10.01,                  2309P   3014
-2.22277168967853,-3.96231035997893,-6.722,-2.22277168967853,       2309P   3015
-3.5020219071213,-6.722,-2.22277168967853,-3.96231035997893,        2309P   3016
-0.001,0.0450288452857621,-0.001,0.3278;                            2309P   3017
128,1,1,1,1,0,0,1,0,0,-0.001,-0.001,0.0539930005623043,             2311P   3018
0.0539930005623043,-0.001,-0.001,0.3278,0.3278,1.,1.,1.,1.,         2311P   3019
-10.01,-2.21277168967853,-3.95231035997893,-10.01,                  2311P   3020
-2.76270169530158,-3.95231035997893,-6.722,-2.21277168967853,       2311P   3021
-3.95231035997893,-6.722,-2.76270169530158,-3.95231035997893,       2311P   3022
-0.001,0.0539930005623043,-0.001,0.3278;                            2311P   3023
128,1,1,1,1,0,0,1,0,0,-0.001,-0.001,0.0450288452857622,             2313P   3024
0.0450288452857622,-0.001,-0.001,0.3278,0.3278,1.,1.,1.,1.,         2313P   3025
-10.01,-2.75270169530158,-3.96231035997893,-10.01,                  2313P   3026
-2.75270169530158,-3.5020219071213,-6.722,-2.75270169530158,        2313P   3027
-3.96231035997893,-6.722,-2.75270169530158,-3.5020219071213,        2313P   3028
-0.001,0.0450288452857622,-0.001,0.3278;                            2313P   3029
128,1,1,1,1,0,0,1,0,0,-0.001,-0.001,0.0788569994376957,             2315P   3030
0.0788569994376957,-0.001,-0.001,0.3278,0.3278,1.,1.,1.,1.,         2315P   3031
-10.01,-2.74270169530158,-3.5120219071213,-10.01,                   2315P   3032
-3.54127168967853,-3.51202190712131,-6.722,-2.74270169530158,       2315P   3033
-3.5120219071213,-6.722,-3.54127168967853,-3.51202190712131,        2315P   3034
-0.001,0.0788569994376957,-0.001,0.3278;                            2315P   3035
128,1,1,1,1,0,0,1,0,0,-0.001,-0.001,0.0450288452857621,             2317P   3036
0.0450288452857621,-0.001,-0.001,0.3278,0.3278,1.,1.,1.,1.,         2317P   3037
-10.01,-3.53127168967853,-3.50202190712131,-10.01,                  2317P   3038
-3.53127168967853,-3.96231035997893,-6.722,-3.53127168967853,       2317P   3039
-3.5020219071213,-6.722,-3.53127168967853,-3.96231035997893,        2317P   3040
-0.001,0.0450288452857621,-0.001,0.3278;                            2317P   3041
128,1,1,1,1,0,0,1,0,0,-0.001,-0.001,0.0389449527728196,             2319P   3042
0.0389449527728196,-0.001,-0.001,0.3278,0.3278,1.,1.,1.,1.,         2319P   3043
-10.01,-3.52127168967853,-3.95231035997893,-10.01,                  2319P   3044
-3.92072121740673,-3.95231035997893,-6.722,-3.52127168967853,       2319P   3045
-3.95231035997893,-6.722,-3.92072121740673,-3.95231035997893,       2319P   3046
-0.001,0.0389449527728196,-0.001,0.3278;                            2319P   3047
128,1,1,1,1,0,0,1,0,0,-0.001,-0.001,0.0498439708102951,             2321P   3048
0.0498439708102951,-0.001,-0.001,0.3278,0.3278,1.,1.,1.,1.,         2321P   3049
-10.01,-3.91072121740673,-3.94231035997893,-10.01,                  2321P   3050
-3.91072121740673,-4.45075006808188,-6.722,-3.91072121740673,       2321P   3051
-3.94231035997893,-6.722,-3.91072121740673,-4.45075006808188,       2321P   3052
-0.001,0.0498439708102951,-0.001,0.3278;                            2321P   3053
128,1,1,1,1,0,0,1,0,0,-0.001,-0.001,0.0521113991352027,             2323P   3054
0.0521113991352027,-0.001,-0.001,0.3278,0.3278,1.,1.,1.,1.,         2323P   3055
-10.01,-3.90072121740673,-4.44075006808188,-10.01,                  2323P   3056
-4.43183520875876,-4.44075006808188,-6.722,-3.90072121740673,       2323P   3057
-4.44075006808188,-6.722,-4.43183520875876,-4.44075006808188,       2323P   3058
-0.001,0.0521113991352027,-0.001,0.3278;                            2323P   3059
128,1,1,1,1,0,0,1,0,0,-0.001,-0.001,0.211020299122739,              2325P   3060
0.211020299122739,-0.001,-0.001,0.3278,0.3278,1.,1.,1.,1.,          2325P   3061
-10.01,-4.42183520875876,-4.45075006808188,-10.01,                  2325P   3062
-4.42183520875876,-2.33054707685448,-6.722,-4.42183520875876,       2325P   3063
-4.45075006808188,-6.722,-4.42183520875876,-2.33054707685448,       2325P   3064
-0.001,0.211020299122739,-0.001,0.3278;                             2325P   3065
128,1,1,1,1,0,0,1,0,0,-0.001,-0.001,0.905657000169196,              2327P   3066
0.905657000169196,-0.001,-0.001,0.3278,0.3278,1.,1.,1.,1.,          2327P   3067
-10.01,-4.43183520875876,-2.34054707685448,-10.01,                  2327P   3068
4.6347347929332,-2.34054707685448,-6.722,-4.43183520875876,         2327P   3069
-2.34054707685448,-6.722,4.6347347929332,-2.34054707685448,         2327P   3070
-0.001,0.905657000169196,-0.001,0.3278;                             2327P   3071
128,1,1,1,1,0,0,1,0,0,-0.001,-0.001,0.211020299122739,              2329P   3072
0.211020299122739,-0.001,-0.001,0.3278,0.3278,1.,1.,1.,1.,          2329P   3073
-10.01,4.6247347929332,-2.33054707685448,-10.01,4.6247347929332,    2329P   3074
-4.45075006808188,-6.722,4.6247347929332,-2.33054707685448,         2329P   3075
-6.722,4.6247347929332,-4.45075006808188,-0.001,                    2329P   3076
0.211020299122739,-0.001,0.3278;                                    2329P   3077
128,1,1,1,1,0,0,1,0,0,-0.10601014956137,-0.10601014956137,          2331P   3078
0.10601014956137,0.10601014956137,-0.453328500084598,               2331P   3079
-0.453328500084598,0.453328500084598,0.453328500084598,1.,1.,1.,    2331P   3080
1.,-6.732,-4.43183520875876,-4.45075006808188,-6.732,               2331P   3081
-4.43183520875876,-2.33054707685448,-6.732,4.6347347929332,         2331P   3082
-4.45075006808188,-6.732,4.6347347929332,-2.33054707685448,         2331P   3083
-0.10601014956137,0.10601014956137,-0.453328500084598,              2331P   3084
0.453328500084598;                                                  2331P   3085
128,1,1,1,1,0,0,1,0,0,-0.001,-0.001,0.0716944899695547,             2333P   3086
0.0716944899695547,-0.001,-0.001,0.3278,0.3278,1.,1.,1.,1.,         2333P   3087
-10.01,4.12962799370315,-5.73386855147038,-10.01,                   2333P   3088
4.12962799370315,-5.00692365177483,-6.722,4.12962799370315,         2333P   3089
-5.73386855147038,-6.722,4.12962799370315,-5.00692365177483,        2333P   3090
-0.001,0.0716944899695547,-0.001,0.3278;                            2333P   3091
128,1,1,1,1,0,0,1,0,0,-0.001,-0.001,0.078971863937009,              2335P   3092
0.078971863937009,-0.001,-0.001,0.3278,0.3278,1.,1.,1.,1.,          2335P   3093
-10.01,4.11962799370315,-5.01692365177483,-10.01,                   2335P   3094
4.91934663307324,-5.01692365177483,-6.722,4.11962799370315,         2335P   3095
-5.01692365177483,-6.722,4.91934663307324,-5.01692365177483,        2335P   3096
-0.001,0.078971863937009,-0.001,0.3278;                             2335P   3097
128,1,1,1,1,0,0,1,0,0,-0.001,-0.001,0.0716944899695547,             2337P   3098
0.0716944899695547,-0.001,-0.001,0.3278,0.3278,1.,1.,1.,1.,         2337P   3099
-10.01,4.90934663307324,-5.00692365177483,-10.01,                   2337P   3100
4.90934663307324,-5.73386855147038,-6.722,4.90934663307324,         2337P   3101
-5.00692365177483,-6.722,4.90934663307324,-5.73386855147038,        2337P   3102
-0.001,0.0716944899695547,-0.001,0.3278;                            2337P   3103
128,1,1,1,1,0,0,1,0,0,-0.001,-0.001,0.078971863937009,              2339P   3104
0.078971863937009,-0.001,-0.001,0.3278,0.3278,1.,1.,1.,1.,          2339P   3105
-10.01,4.91934663307324,-5.72386855147038,-10.01,                   2339P   3106
4.11962799370315,-5.72386855147038,-6.722,4.91934663307324,         2339P   3107
-5.72386855147038,-6.722,4.11962799370315,-5.72386855147038,        2339P   3108
-0.001,0.078971863937009,-0.001,0.3278;                             2339P   3109
128,1,1,1,1,0,0,1,0,0,-0.0363472449847774,-0.0363472449847774,      2341P   3110
0.0363472449847774,0.0363472449847774,-0.0399859319685045,          2341P   3111
-0.0399859319685045,0.0399859319685045,0.0399859319685045,1.,1.,    2341P   3112
1.,1.,-6.732,4.11962799370315,-5.73386855147038,-6.732,             2341P   3113
4.11962799370315,-5.00692365177483,-6.732,4.91934663307324,         2341P   3114
-5.73386855147038,-6.732,4.91934663307324,-5.00692365177483,        2341P   3115
-0.0363472449847774,0.0363472449847774,-0.0399859319685045,         2341P   3116
0.0399859319685045;                                                 2341P   3117
128,1,1,1,1,0,0,1,0,0,-0.001,-0.001,0.0716944899695547,             2343P   3118
0.0716944899695547,-0.001,-0.001,0.3278,0.3278,1.,1.,1.,1.,         2343P   3119
-10.01,-4.7064470488988,-5.73386855147038,-10.01,                   2343P   3120
-4.7064470488988,-5.00692365177483,-6.722,-4.7064470488988,         2343P   3121
-5.73386855147038,-6.722,-4.7064470488988,-5.00692365177483,        2343P   3122
-0.001,0.0716944899695547,-0.001,0.3278;                            2343P   3123
128,1,1,1,1,0,0,1,0,0,-0.001,-0.001,0.078971863937009,              2345P   3124
0.078971863937009,-0.001,-0.001,0.3278,0.3278,1.,1.,1.,1.,          2345P   3125
-10.01,-4.7164470488988,-5.01692365177483,-10.01,                   2345P   3126
-3.91672840952871,-5.01692365177483,-6.722,-4.7164470488988,        2345P   3127
-5.01692365177483,-6.722,-3.91672840952871,-5.01692365177483,       2345P   3128
-0.001,0.078971863937009,-0.001,0.3278;                             2345P   3129
128,1,1,1,1,0,0,1,0,0,-0.001,-0.001,0.0716944899695547,             2347P   3130
0.0716944899695547,-0.001,-0.001,0.3278,0.3278,1.,1.,1.,1.,         2347P   3131
-10.01,-3.92672840952871,-5.00692365177483,-10.01,                  2347P   3132
-3.92672840952871,-5.73386855147038,-6.722,-3.92672840952871,       2347P   3133
-5.00692365177483,-6.722,-3.92672840952871,-5.73386855147038,       2347P   3134
-0.001,0.0716944899695547,-0.001,0.3278;                            2347P   3135
128,1,1,1,1,0,0,1,0,0,-0.001,-0.001,0.078971863937009,              2349P   3136
0.078971863937009,-0.001,-0.001,0.3278,0.3278,1.,1.,1.,1.,          2349P   3137
-10.01,-3.91672840952871,-5.72386855147038,-10.01,                  2349P   3138
-4.7164470488988,-5.72386855147038,-6.722,-3.91672840952871,        2349P   3139
-5.72386855147038,-6.722,-4.7164470488988,-5.72386855147038,        2349P   3140
-0.001,0.078971863937009,-0.001,0.3278;                             2349P   3141
128,1,1,1,1,0,0,1,0,0,-0.0363472449847774,-0.0363472449847774,      2351P   3142
0.0363472449847774,0.0363472449847774,-0.0399859319685045,          2351P   3143
-0.0399859319685045,0.0399859319685045,0.0399859319685045,1.,1.,    2351P   3144
1.,1.,-6.732,-4.7164470488988,-5.73386855147038,-6.732,             2351P   3145
-4.7164470488988,-5.00692365177483,-6.732,-3.91672840952871,        2351P   3146
-5.73386855147038,-6.732,-3.91672840952871,-5.00692365177483,       2351P   3147
-0.0363472449847774,0.0363472449847774,-0.0399859319685045,         2351P   3148
0.0399859319685045;                                                 2351P   3149
128,1,1,1,1,0,0,1,0,0,-0.001,-0.001,0.445462071995785,              2353P   3150
0.445462071995785,-0.001,-0.001,0.426,0.426,1.,1.,1.,1.,-10.01,     2353P   3151
-5.44447217534733,-1.74,-10.01,-5.44447217534733,                   2353P   3152
-6.20462071995785,-5.74,-5.44447217534733,-1.74,-5.74,              2353P   3153
-5.44447217534733,-6.20462071995785,-0.001,0.445462071995785,       2353P   3154
-0.001,0.426;                                                       2353P   3155
128,1,1,1,1,0,0,1,0,0,-0.001,-0.001,1.11018439348691,               2355P   3156
1.11018439348691,-0.001,-0.001,0.426,0.426,1.,1.,1.,1.,-10.01,      2355P   3157
5.65737175952177,-1.75,-10.01,-5.45447217534733,-1.75,-5.74,        2355P   3158
5.65737175952177,-1.75,-5.74,-5.45447217534733,-1.75,-0.001,        2355P   3159
1.11018439348691,-0.001,0.426;                                      2355P   3160
128,1,1,1,1,0,0,1,0,0,-0.005,-0.005,0.441462071995785,              2357P   3161
0.441462071995785,-0.001,-0.001,0.426,0.426,1.,1.,1.,1.,-10.01,     2357P   3162
5.64737175952177,-6.20462071995785,-10.01,5.64737175952177,         2357P   3163
-1.74,-5.74,5.64737175952177,-6.20462071995785,-5.74,               2357P   3164
5.64737175952177,-1.74,-0.005,0.441462071995785,-0.001,0.426;       2357P   3165
128,1,1,1,1,0,0,1,0,0,-0.555592196743455,-0.555592196743455,        2359P   3166
0.555592196743455,0.555592196743455,-0.225231035997893,             2359P   3167
-0.225231035997893,0.221231035997893,0.221231035997893,1.,1.,1.,    2359P   3168
1.,-10.,5.65737175952177,-6.20462071995785,-10.,                    2359P   3169
-5.45447217534733,-6.20462071995785,-10.,5.65737175952177,-1.74,    2359P   3170
-10.,-5.45447217534733,-1.74,-0.555592196743455,                    2359P   3171
0.555592196743455,-0.225231035997893,0.221231035997893;             2359P   3172
128,1,1,1,1,0,0,1,0,0,-0.221231035997893,-0.221231035997893,        2361P   3173
0.225231035997893,0.225231035997893,-0.555592196743455,             2361P   3174
-0.555592196743455,0.555592196743455,0.555592196743455,1.,1.,1.,    2361P   3175
1.,-5.75,-5.45447217534733,-1.74,-5.75,-5.45447217534733,           2361P   3176
-6.20462071995785,-5.75,5.65737175952177,-1.74,-5.75,               2361P   3177
5.65737175952177,-6.20462071995785,-0.221231035997893,              2361P   3178
0.225231035997893,-0.555592196743455,0.555592196743455;             2361P   3179
128,1,2,1,2,0,0,0,0,0,0.,0.,0.583333333333333,0.583333333333333,    2363P   3180
-0.785398163397448,-0.785398163397448,-0.785398163397448,           2363P   3181
0.785398163397448,0.785398163397448,0.785398163397448,1.,1.,        2363P   3182
0.707106781186548,0.707106781186548,1.,1.,-10.,7.,-1.75,-10.,7.,    2363P   3183
0.,-10.,10.,-1.75,-10.,10.,0.,-7.,10.,-1.75,-7.,10.,0.,0.,          2363P   3184
0.583333333333333,-0.785398163397448,0.785398163397448;             2363P   3185
128,1,1,1,1,0,0,1,0,0,-1.001,-1.001,1.001,1.001,-1.001,-1.001,      2365P   3186
1.001,1.001,1.,1.,1.,1.,-10.01,-10.01,0.,10.01,-10.01,0.,-10.01,    2365P   3187
10.01,0.,10.01,10.01,0.,-1.001,1.001,-1.001,1.001;                  2365P   3188
128,1,1,1,1,0,0,1,0,0,0.299,0.299,1.701,1.701,-0.001,-0.001,        2367P   3189
0.176,0.176,1.,1.,1.,1.,-10.,-7.01,0.01,-10.,7.01,0.01,-10.,        2367P   3190
-7.01,-1.76,-10.,7.01,-1.76,0.299,1.701,-0.001,0.176;               2367P   3191
128,1,2,1,2,0,0,0,0,0,0.,0.,0.583333333333333,0.583333333333333,    2369P   3192
-0.785398163397448,-0.785398163397448,-0.785398163397448,           2369P   3193
0.785398163397448,0.785398163397448,0.785398163397448,1.,1.,        2369P   3194
0.707106781186548,0.707106781186548,1.,1.,-7.,-10.,-1.75,-7.,       2369P   3195
-10.,0.,-10.,-10.,-1.75,-10.,-10.,0.,-10.,-7.,-1.75,-10.,-7.,0.,    2369P   3196
0.,0.583333333333333,-0.785398163397448,0.785398163397448;          2369P   3197
128,1,2,1,2,0,0,0,0,0,0.,0.,0.583333333333333,0.583333333333333,    2371P   3198
-0.785398163397448,-0.785398163397448,-0.785398163397448,           2371P   3199
0.785398163397448,0.785398163397448,0.785398163397448,1.,1.,        2371P   3200
0.707106781186548,0.707106781186548,1.,1.,7.,10.,-1.75,7.,10.,      2371P   3201
0.,10.,10.,-1.75,10.,10.,0.,10.,7.,-1.75,10.,7.,0.,0.,              2371P   3202
0.583333333333333,-0.785398163397448,0.785398163397448;             2371P   3203
128,1,1,1,1,0,0,1,0,0,0.299,0.299,1.701,1.701,-0.001,-0.001,        2373P   3204
0.176,0.176,1.,1.,1.,1.,10.,7.01,0.01,10.,-7.01,0.01,10.,7.01,      2373P   3205
-1.76,10.,-7.01,-1.76,0.299,1.701,-0.001,0.176;                     2373P   3206
128,1,2,1,2,0,0,0,0,0,0.,0.,0.583333333333333,0.583333333333333,    2375P   3207
-0.785398163397448,-0.785398163397448,-0.785398163397448,           2375P   3208
0.785398163397448,0.785398163397448,0.785398163397448,1.,1.,        2375P   3209
0.707106781186548,0.707106781186548,1.,1.,10.,-7.,-1.75,10.,-7.,    2375P   3210
0.,10.,-10.,-1.75,10.,-10.,0.,7.,-10.,-1.75,7.,-10.,0.,0.,          2375P   3211
0.583333333333333,-0.785398163397448,0.785398163397448;             2375P   3212
128,1,1,1,1,0,0,1,0,0,-0.001,-0.001,0.302624088491903,              2377P   3213
0.302624088491903,-0.001,-0.001,0.0565,0.0565,1.,1.,1.,1.,          2377P   3214
-1.55531433061425,3.45356810166611,-1.74,-1.55531433061425,         2377P   3215
6.48980898658514,-1.74,-1.55531433061425,3.45356810166611,          2377P   3216
-2.315,-1.55531433061425,6.48980898658514,-2.315,-0.001,            2377P   3217
0.302624088491903,-0.001,0.0565;                                    2377P   3218
128,1,1,1,1,0,0,1,0,0,-0.001,-0.001,0.305202072154228,              2379P   3219
0.305202072154228,-0.001,-0.001,0.0565,0.0565,1.,1.,1.,1.,          2379P   3220
1.49670639092803,3.46356810166611,-1.74,-1.56531433061425,          2379P   3221
3.46356810166611,-1.74,1.49670639092803,3.46356810166611,-2.315,    2379P   3222
-1.56531433061425,3.46356810166611,-2.315,-0.001,                   2379P   3223
0.305202072154228,-0.001,0.0565;                                    2379P   3224
128,1,1,1,1,0,0,1,0,0,-0.001,-0.001,0.302624088491903,              2381P   3225
0.302624088491903,-0.001,-0.001,0.0565,0.0565,1.,1.,1.,1.,          2381P   3226
1.48670639092803,6.48980898658514,-1.74,1.48670639092803,           2381P   3227
3.45356810166611,-1.74,1.48670639092803,6.48980898658514,-2.315,    2381P   3228
1.48670639092803,3.45356810166611,-2.315,-0.001,                    2381P   3229
0.302624088491903,-0.001,0.0565;                                    2381P   3230
128,1,1,1,1,0,0,1,0,0,-0.001,-0.001,0.305202072154228,              2383P   3231
0.305202072154228,-0.001,-0.001,0.0565,0.0565,1.,1.,1.,1.,          2383P   3232
-1.56531433061425,6.47980898658514,-1.74,1.49670639092803,          2383P   3233
6.47980898658514,-1.74,-1.56531433061425,6.47980898658514,          2383P   3234
-2.315,1.49670639092803,6.47980898658514,-2.315,-0.001,             2383P   3235
0.305202072154228,-0.001,0.0565;                                    2383P   3236
128,1,1,1,1,0,0,1,0,0,-0.153101036077114,-0.153101036077114,        2385P   3237
0.153101036077114,0.153101036077114,-0.151812044245952,             2385P   3238
-0.151812044245952,0.151812044245952,0.151812044245952,1.,1.,1.,    2385P   3239
1.,1.49670639092803,3.45356810166611,-2.305,-1.56531433061425,      2385P   3240
3.45356810166611,-2.305,1.49670639092803,6.48980898658514,          2385P   3241
-2.305,-1.56531433061425,6.48980898658514,-2.305,                   2385P   3242
-0.153101036077114,0.153101036077114,-0.151812044245952,            2385P   3243
0.151812044245952;                                                  2385P   3244
128,1,1,1,1,0,0,1,0,0,-0.001,-0.001,0.161186111562632,              2387P   3245
0.161186111562632,-0.001,-0.001,0.0565,0.0565,1.,1.,1.,1.,          2387P   3246
-2.14695865166293,-2.78655598636872,-1.74,-2.14695865166293,        2387P   3247
-1.1646948707424,-1.74,-2.14695865166293,-2.78655598636872,         2387P   3248
-2.315,-2.14695865166293,-1.1646948707424,-2.315,-0.001,            2387P   3249
0.161186111562632,-0.001,0.0565;                                    2387P   3250
128,1,1,1,1,0,0,1,0,0,-0.001,-0.001,0.296728205961781,              2389P   3251
0.296728205961781,-0.001,-0.001,0.0565,0.0565,1.,1.,1.,1.,          2389P   3252
0.820323407954883,-2.77655598636872,-1.74,-2.15695865166293,        2389P   3253
-2.77655598636872,-1.74,0.820323407954883,-2.77655598636872,        2389P   3254
-2.315,-2.15695865166293,-2.77655598636872,-2.315,-0.001,           2389P   3255
0.296728205961781,-0.001,0.0565;                                    2389P   3256
128,1,1,1,1,0,0,1,0,0,-0.001,-0.001,0.161186111562632,              2391P   3257
0.161186111562632,-0.001,-0.001,0.0565,0.0565,1.,1.,1.,1.,          2391P   3258
0.810323407954883,-1.1646948707424,-1.74,0.810323407954883,         2391P   3259
-2.78655598636872,-1.74,0.810323407954883,-1.1646948707424,         2391P   3260
-2.315,0.810323407954883,-2.78655598636872,-2.315,-0.001,           2391P   3261
0.161186111562632,-0.001,0.0565;                                    2391P   3262
128,1,1,1,1,0,0,1,0,0,-0.001,-0.001,0.296728205961781,              2393P   3263
0.296728205961781,-0.001,-0.001,0.0565,0.0565,1.,1.,1.,1.,          2393P   3264
-2.15695865166293,-1.1746948707424,-1.74,0.820323407954883,         2393P   3265
-1.1746948707424,-1.74,-2.15695865166293,-1.1746948707424,          2393P   3266
-2.315,0.820323407954883,-1.1746948707424,-2.315,-0.001,            2393P   3267
0.296728205961781,-0.001,0.0565;                                    2393P   3268
128,1,1,1,1,0,0,1,0,0,-0.148864102980891,-0.148864102980891,        2395P   3269
0.148864102980891,0.148864102980891,-0.0810930557813158,            2395P   3270
-0.0810930557813158,0.0810930557813158,0.0810930557813158,1.,1.,    2395P   3271
1.,1.,0.820323407954883,-2.78655598636872,-2.305,                   2395P   3272
-2.15695865166293,-2.78655598636872,-2.305,0.820323407954883,       2395P   3273
-1.1646948707424,-2.305,-2.15695865166293,-1.1646948707424,         2395P   3274
-2.305,-0.148864102980891,0.148864102980891,-0.0810930557813158,    2395P   3275
0.0810930557813158;                                                 2395P   3276
128,1,1,1,1,0,0,1,0,0,-0.001,-0.001,0.0804965087999853,             2397P   3277
0.0804965087999853,-0.001,-0.001,0.0314,0.0314,1.,1.,1.,1.,         2397P   3278
-4.55981507793507,4.67042021600528,-1.74,-4.55981507793507,         2397P   3279
5.48538530400513,-1.74,-4.55981507793507,4.67042021600528,          2397P   3280
-2.064,-4.55981507793507,5.48538530400513,-2.064,-0.001,            2397P   3281
0.0804965087999853,-0.001,0.0314;                                   2397P   3282
128,1,1,1,1,0,0,1,0,0,-0.001,-0.001,0.178598583489329,              2399P   3283
0.178598583489329,-0.001,-0.001,0.0314,0.0314,1.,1.,1.,1.,          2399P   3284
-2.77382924304178,4.68042021600528,-1.74,-4.56981507793507,         2399P   3285
4.68042021600528,-1.74,-2.77382924304178,4.68042021600528,          2399P   3286
-2.064,-4.56981507793507,4.68042021600528,-2.064,-0.001,            2399P   3287
0.178598583489329,-0.001,0.0314;                                    2399P   3288
128,1,1,1,1,0,0,1,0,0,-0.001,-0.001,0.0804965087999853,             2401P   3289
0.0804965087999853,-0.001,-0.001,0.0314,0.0314,1.,1.,1.,1.,         2401P   3290
-2.78382924304178,5.48538530400513,-1.74,-2.78382924304178,         2401P   3291
4.67042021600528,-1.74,-2.78382924304178,5.48538530400513,          2401P   3292
-2.064,-2.78382924304178,4.67042021600528,-2.064,-0.001,            2401P   3293
0.0804965087999853,-0.001,0.0314;                                   2401P   3294
128,1,1,1,1,0,0,1,0,0,-0.001,-0.001,0.178598583489329,              2403P   3295
0.178598583489329,-0.001,-0.001,0.0314,0.0314,1.,1.,1.,1.,          2403P   3296
-4.56981507793507,5.47538530400513,-1.74,-2.77382924304178,         2403P   3297
5.47538530400513,-1.74,-4.56981507793507,5.47538530400513,          2403P   3298
-2.064,-2.77382924304178,5.47538530400513,-2.064,-0.001,            2403P   3299
0.178598583489329,-0.001,0.0314;                                    2403P   3300
128,1,1,1,1,0,0,1,0,0,-0.0897992917446645,-0.0897992917446645,      2405P   3301
0.0897992917446645,0.0897992917446645,-0.0407482543999926,          2405P   3302
-0.0407482543999926,0.0407482543999926,0.0407482543999926,1.,1.,    2405P   3303
1.,1.,-2.77382924304178,4.67042021600528,-2.054,                    2405P   3304
-4.56981507793507,4.67042021600528,-2.054,-2.77382924304178,        2405P   3305
5.48538530400513,-2.054,-4.56981507793507,5.48538530400513,         2405P   3306
-2.054,-0.0897992917446645,0.0897992917446645,                      2405P   3307
-0.0407482543999926,0.0407482543999926;                             2405P   3308
128,1,1,1,1,0,0,1,0,0,-0.001,-0.001,0.0886514445190147,             2407P   3309
0.0886514445190147,-0.001,-0.001,0.0314,0.0314,1.,1.,1.,1.,         2407P   3310
1.95074345014634,8.84155395592319,-1.74,1.95074345014634,           2407P   3311
9.73806840111333,-1.74,1.95074345014634,8.84155395592319,-2.064,    2407P   3312
1.95074345014634,9.73806840111333,-2.064,-0.001,                    2407P   3313
0.0886514445190147,-0.001,0.0314;                                   2407P   3314
128,1,1,1,1,0,0,1,0,0,-0.001,-0.001,0.171146921713382,              2409P   3315
0.171146921713382,-0.001,-0.001,0.0314,0.0314,1.,1.,1.,1.,          2409P   3316
3.66221266728015,8.85155395592319,-1.74,1.94074345014634,           2409P   3317
8.85155395592319,-1.74,3.66221266728015,8.85155395592319,-2.064,    2409P   3318
1.94074345014634,8.85155395592319,-2.064,-0.001,                    2409P   3319
0.171146921713382,-0.001,0.0314;                                    2409P   3320
128,1,1,1,1,0,0,1,0,0,-0.001,-0.001,0.0886514445190147,             2411P   3321
0.0886514445190147,-0.001,-0.001,0.0314,0.0314,1.,1.,1.,1.,         2411P   3322
3.65221266728015,9.73806840111333,-1.74,3.65221266728015,           2411P   3323
8.84155395592319,-1.74,3.65221266728015,9.73806840111333,-2.064,    2411P   3324
3.65221266728015,8.84155395592319,-2.064,-0.001,                    2411P   3325
0.0886514445190147,-0.001,0.0314;                                   2411P   3326
128,1,1,1,1,0,0,1,0,0,-0.001,-0.001,0.171146921713382,              2413P   3327
0.171146921713382,-0.001,-0.001,0.0314,0.0314,1.,1.,1.,1.,          2413P   3328
1.94074345014634,9.72806840111333,-1.74,3.66221266728015,           2413P   3329
9.72806840111333,-1.74,1.94074345014634,9.72806840111333,-2.064,    2413P   3330
3.66221266728015,9.72806840111333,-2.064,-0.001,                    2413P   3331
0.171146921713382,-0.001,0.0314;                                    2413P   3332
128,1,1,1,1,0,0,1,0,0,-0.0860734608566908,-0.0860734608566908,      2415P   3333
0.0860734608566908,0.0860734608566908,-0.0448257222595073,          2415P   3334
-0.0448257222595073,0.0448257222595074,0.0448257222595074,1.,1.,    2415P   3335
1.,1.,3.66221266728015,8.84155395592319,-2.054,1.94074345014634,    2415P   3336
8.84155395592319,-2.054,3.66221266728015,9.73806840111333,          2415P   3337
-2.054,1.94074345014634,9.73806840111333,-2.054,                    2415P   3338
-0.0860734608566908,0.0860734608566908,-0.0448257222595073,         2415P   3339
0.0448257222595074;                                                 2415P   3340
128,1,1,1,1,0,0,1,0,0,-0.001,-0.001,0.225260556187684,              2417P   3341
0.225260556187684,-0.001,-0.001,0.0314,0.0314,1.,1.,1.,1.,          2417P   3342
2.85577683252387,-3.10692820949398,-1.74,2.85577683252387,          2417P   3343
-0.84432264761714,-1.74,2.85577683252387,-3.10692820949398,         2417P   3344
-2.064,2.85577683252387,-0.84432264761714,-2.064,-0.001,            2417P   3345
0.225260556187684,-0.001,0.0314;                                    2417P   3346
128,1,1,1,1,0,0,1,0,0,-0.001,-0.001,0.0921828635048826,             2419P   3347
0.0921828635048826,-0.001,-0.001,0.0314,0.0314,1.,1.,1.,1.,         2419P   3348
3.7776054675727,-3.09692820949398,-1.74,2.84577683252387,           2419P   3349
-3.09692820949398,-1.74,3.7776054675727,-3.09692820949398,          2419P   3350
-2.064,2.84577683252387,-3.09692820949398,-2.064,-0.001,            2419P   3351
0.0921828635048826,-0.001,0.0314;                                   2419P   3352
128,1,1,1,1,0,0,1,0,0,-0.001,-0.001,0.225260556187684,              2421P   3353
0.225260556187684,-0.001,-0.001,0.0314,0.0314,1.,1.,1.,1.,          2421P   3354
3.7676054675727,-0.84432264761714,-1.74,3.7676054675727,            2421P   3355
-3.10692820949398,-1.74,3.7676054675727,-0.84432264761714,          2421P   3356
-2.064,3.7676054675727,-3.10692820949398,-2.064,-0.001,             2421P   3357
0.225260556187684,-0.001,0.0314;                                    2421P   3358
128,1,1,1,1,0,0,1,0,0,-0.001,-0.001,0.0921828635048826,             2423P   3359
0.0921828635048826,-0.001,-0.001,0.0314,0.0314,1.,1.,1.,1.,         2423P   3360
2.84577683252387,-0.85432264761714,-1.74,3.7776054675727,           2423P   3361
-0.85432264761714,-1.74,2.84577683252387,-0.85432264761714,         2423P   3362
-2.064,3.7776054675727,-0.85432264761714,-2.064,-0.001,             2423P   3363
0.0921828635048826,-0.001,0.0314;                                   2423P   3364
128,1,1,1,1,0,0,1,0,0,-0.0465914317524413,-0.0465914317524413,      2425P   3365
0.0465914317524413,0.0465914317524413,-0.113130278093842,           2425P   3366
-0.113130278093842,0.113130278093842,0.113130278093842,1.,1.,1.,    2425P   3367
1.,3.7776054675727,-3.10692820949398,-2.054,2.84577683252387,       2425P   3368
-3.10692820949398,-2.054,3.7776054675727,-0.84432264761714,         2425P   3369
-2.054,2.84577683252387,-0.84432264761714,-2.054,                   2425P   3370
-0.0465914317524413,0.0465914317524413,-0.113130278093842,          2425P   3371
0.113130278093842;                                                  2425P   3372
128,1,1,1,1,0,0,1,0,0,-0.001,-0.001,0.078850450219439,              2427P   3373
0.078850450219439,-0.001,-0.001,0.0314,0.0314,1.,1.,1.,1.,          2427P   3374
2.58469264372557,-9.43575825724774,-1.74,2.58469264372557,          2427P   3375
-8.63725375505335,-1.74,2.58469264372557,-9.43575825724774,         2427P   3376
-2.064,2.58469264372557,-8.63725375505335,-2.064,-0.001,            2427P   3377
0.078850450219439,-0.001,0.0314;                                    2427P   3378
128,1,1,1,1,0,0,1,0,0,-0.001,-0.001,0.211410618541807,              2429P   3379
0.211410618541807,-0.001,-0.001,0.0314,0.0314,1.,1.,1.,1.,          2429P   3380
4.69879882914365,-9.42575825724774,-1.74,2.57469264372557,          2429P   3381
-9.42575825724774,-1.74,4.69879882914365,-9.42575825724774,         2429P   3382
-2.064,2.57469264372557,-9.42575825724774,-2.064,-0.001,            2429P   3383
0.211410618541807,-0.001,0.0314;                                    2429P   3384
128,1,1,1,1,0,0,1,0,0,-0.001,-0.001,0.078850450219439,              2431P   3385
0.078850450219439,-0.001,-0.001,0.0314,0.0314,1.,1.,1.,1.,          2431P   3386
4.68879882914365,-8.63725375505335,-1.74,4.68879882914365,          2431P   3387
-9.43575825724774,-1.74,4.68879882914365,-8.63725375505335,         2431P   3388
-2.064,4.68879882914365,-9.43575825724774,-2.064,-0.001,            2431P   3389
0.078850450219439,-0.001,0.0314;                                    2431P   3390
128,1,1,1,1,0,0,1,0,0,-0.001,-0.001,0.211410618541807,              2433P   3391
0.211410618541807,-0.001,-0.001,0.0314,0.0314,1.,1.,1.,1.,          2433P   3392
2.57469264372557,-8.64725375505335,-1.74,4.69879882914365,          2433P   3393
-8.64725375505335,-1.74,2.57469264372557,-8.64725375505335,         2433P   3394
-2.064,4.69879882914365,-8.64725375505335,-2.064,-0.001,            2433P   3395
0.211410618541807,-0.001,0.0314;                                    2433P   3396
128,1,1,1,1,0,0,1,0,0,-0.106205309270904,-0.106205309270904,        2435P   3397
0.106205309270904,0.106205309270904,-0.0399252251097195,            2435P   3398
-0.0399252251097195,0.0399252251097195,0.0399252251097195,1.,1.,    2435P   3399
1.,1.,4.69879882914365,-9.43575825724774,-2.054,                    2435P   3400
2.57469264372557,-9.43575825724774,-2.054,4.69879882914365,         2435P   3401
-8.63725375505335,-2.054,2.57469264372557,-8.63725375505335,        2435P   3402
-2.054,-0.106205309270904,0.106205309270904,-0.0399252251097195,    2435P   3403
0.0399252251097195;                                                 2435P   3404
128,1,1,1,1,0,0,1,0,0,-0.001,-0.001,0.254833376783862,              2437P   3405
0.254833376783862,-0.001,-0.001,0.0314,0.0314,1.,1.,1.,1.,          2437P   3406
2.58469264372557,-7.00068292132411,-1.74,2.58469264372557,          2437P   3407
-4.44234915348548,-1.74,2.58469264372557,-7.00068292132411,         2437P   3408
-2.064,2.58469264372557,-4.44234915348548,-2.064,-0.001,            2437P   3409
0.254833376783862,-0.001,0.0314;                                    2437P   3410
128,1,1,1,1,0,0,1,0,0,-0.001,-0.001,0.143935299548194,              2439P   3411
0.143935299548194,-0.001,-0.001,0.0314,0.0314,1.,1.,1.,1.,          2439P   3412
4.02404563920752,-6.9906829213241,-1.74,2.57469264372557,           2439P   3413
-6.9906829213241,-1.74,4.02404563920752,-6.9906829213241,-2.064,    2439P   3414
2.57469264372557,-6.9906829213241,-2.064,-0.001,                    2439P   3415
0.143935299548194,-0.001,0.0314;                                    2439P   3416
128,1,1,1,1,0,0,1,0,0,-0.001,-0.001,0.254833376783862,              2441P   3417
0.254833376783862,-0.001,-0.001,0.0314,0.0314,1.,1.,1.,1.,          2441P   3418
4.01404563920751,-4.44234915348548,-1.74,4.01404563920751,          2441P   3419
-7.00068292132411,-1.74,4.01404563920751,-4.44234915348548,         2441P   3420
-2.064,4.01404563920751,-7.00068292132411,-2.064,-0.001,            2441P   3421
0.254833376783862,-0.001,0.0314;                                    2441P   3422
128,1,1,1,1,0,0,1,0,0,-0.001,-0.001,0.143935299548194,              2443P   3423
0.143935299548194,-0.001,-0.001,0.0314,0.0314,1.,1.,1.,1.,          2443P   3424
2.57469264372557,-4.45234915348548,-1.74,4.02404563920752,          2443P   3425
-4.45234915348548,-1.74,2.57469264372557,-4.45234915348548,         2443P   3426
-2.064,4.02404563920752,-4.45234915348548,-2.064,-0.001,            2443P   3427
0.143935299548194,-0.001,0.0314;                                    2443P   3428
128,1,1,1,1,0,0,1,0,0,-0.0724676497740971,-0.0724676497740971,      2445P   3429
0.0724676497740971,0.0724676497740971,-0.127916688391931,           2445P   3430
-0.127916688391931,0.127916688391931,0.127916688391931,1.,1.,1.,    2445P   3431
1.,4.02404563920752,-7.00068292132411,-2.054,2.57469264372557,      2445P   3432
-7.00068292132411,-2.054,4.02404563920752,-4.44234915348548,        2445P   3433
-2.054,2.57469264372557,-4.44234915348548,-2.054,                   2445P   3434
-0.0724676497740971,0.0724676497740971,-0.127916688391931,          2445P   3435
0.127916688391931;                                                  2445P   3436
128,1,1,1,1,0,0,1,0,0,-0.001,-0.001,0.225260556187684,              2447P   3437
0.225260556187684,-0.001,-0.001,0.0314,0.0314,1.,1.,1.,1.,          2447P   3438
1.327847768388,-3.10692820949398,-1.74,1.327847768388,              2447P   3439
-0.84432264761714,-1.74,1.327847768388,-3.10692820949398,-2.064,    2447P   3440
1.327847768388,-0.84432264761714,-2.064,-0.001,                     2447P   3441
0.225260556187684,-0.001,0.0314;                                    2447P   3442
128,1,1,1,1,0,0,1,0,0,-0.001,-0.001,0.111898077235668,              2449P   3443
0.111898077235668,-0.001,-0.001,0.0314,0.0314,1.,1.,1.,1.,          2449P   3444
2.44682854074468,-3.09692820949398,-1.74,1.317847768388,            2449P   3445
-3.09692820949398,-1.74,2.44682854074468,-3.09692820949398,         2449P   3446
-2.064,1.317847768388,-3.09692820949398,-2.064,-0.001,              2449P   3447
0.111898077235668,-0.001,0.0314;                                    2449P   3448
128,1,1,1,1,0,0,1,0,0,-0.001,-0.001,0.225260556187684,              2451P   3449
0.225260556187684,-0.001,-0.001,0.0314,0.0314,1.,1.,1.,1.,          2451P   3450
2.43682854074468,-0.84432264761714,-1.74,2.43682854074468,          2451P   3451
-3.10692820949398,-1.74,2.43682854074468,-0.84432264761714,         2451P   3452
-2.064,2.43682854074468,-3.10692820949398,-2.064,-0.001,            2451P   3453
0.225260556187684,-0.001,0.0314;                                    2451P   3454
128,1,1,1,1,0,0,1,0,0,-0.001,-0.001,0.111898077235668,              2453P   3455
0.111898077235668,-0.001,-0.001,0.0314,0.0314,1.,1.,1.,1.,          2453P   3456
1.317847768388,-0.85432264761714,-1.74,2.44682854074468,            2453P   3457
-0.85432264761714,-1.74,1.317847768388,-0.85432264761714,-2.064,    2453P   3458
2.44682854074468,-0.85432264761714,-2.064,-0.001,                   2453P   3459
0.111898077235668,-0.001,0.0314;                                    2453P   3460
128,1,1,1,1,0,0,1,0,0,-0.0564490386178339,-0.0564490386178339,      2455P   3461
0.0564490386178339,0.0564490386178339,-0.113130278093842,           2455P   3462
-0.113130278093842,0.113130278093842,0.113130278093842,1.,1.,1.,    2455P   3463
1.,2.44682854074468,-3.10692820949398,-2.054,1.317847768388,        2455P   3464
-3.10692820949398,-2.054,2.44682854074468,-0.84432264761714,        2455P   3465
-2.054,1.317847768388,-0.84432264761714,-2.054,                     2455P   3466
-0.0564490386178339,0.0564490386178339,-0.113130278093842,          2455P   3467
0.113130278093842;                                                  2455P   3468
128,1,1,1,1,0,0,1,0,0,-0.001,-0.001,0.0809174935320428,             2457P   3469
0.0809174935320428,-0.001,-0.001,0.0314,0.0314,1.,1.,1.,1.,         2457P   3470
1.95074345014634,7.24320408528233,-1.74,1.95074345014634,           2457P   3471
8.06237902060276,-1.74,1.95074345014634,7.24320408528233,-2.064,    2457P   3472
1.95074345014634,8.06237902060276,-2.064,-0.001,                    2457P   3473
0.0809174935320428,-0.001,0.0314;                                   2457P   3474
128,1,1,1,1,0,0,1,0,0,-0.001,-0.001,0.171146921713382,              2459P   3475
0.171146921713382,-0.001,-0.001,0.0314,0.0314,1.,1.,1.,1.,          2459P   3476
3.66221266728015,7.25320408528233,-1.74,1.94074345014634,           2459P   3477
7.25320408528233,-1.74,3.66221266728015,7.25320408528233,-2.064,    2459P   3478
1.94074345014634,7.25320408528233,-2.064,-0.001,                    2459P   3479
0.171146921713382,-0.001,0.0314;                                    2459P   3480
128,1,1,1,1,0,0,1,0,0,-0.001,-0.001,0.0809174935320428,             2461P   3481
0.0809174935320428,-0.001,-0.001,0.0314,0.0314,1.,1.,1.,1.,         2461P   3482
3.65221266728015,8.06237902060276,-1.74,3.65221266728015,           2461P   3483
7.24320408528233,-1.74,3.65221266728015,8.06237902060276,-2.064,    2461P   3484
3.65221266728015,7.24320408528233,-2.064,-0.001,                    2461P   3485
0.0809174935320428,-0.001,0.0314;                                   2461P   3486
128,1,1,1,1,0,0,1,0,0,-0.001,-0.001,0.171146921713382,              2463P   3487
0.171146921713382,-0.001,-0.001,0.0314,0.0314,1.,1.,1.,1.,          2463P   3488
1.94074345014634,8.05237902060276,-1.74,3.66221266728015,           2463P   3489
8.05237902060276,-1.74,1.94074345014634,8.05237902060276,-2.064,    2463P   3490
3.66221266728015,8.05237902060276,-2.064,-0.001,                    2463P   3491
0.171146921713382,-0.001,0.0314;                                    2463P   3492
128,1,1,1,1,0,0,1,0,0,-0.0860734608566908,-0.0860734608566908,      2465P   3493
0.0860734608566908,0.0860734608566908,-0.0409587467660214,          2465P   3494
-0.0409587467660214,0.0409587467660214,0.0409587467660214,1.,1.,    2465P   3495
1.,1.,3.66221266728015,7.24320408528233,-2.054,1.94074345014634,    2465P   3496
7.24320408528233,-2.054,3.66221266728015,8.06237902060276,          2465P   3497
-2.054,1.94074345014634,8.06237902060276,-2.054,                    2465P   3498
-0.0860734608566908,0.0860734608566908,-0.0409587467660214,         2465P   3499
0.0409587467660214;                                                 2465P   3500
128,1,1,1,1,0,0,1,0,0,-0.001,-0.001,0.0754222635574331,             2467P   3501
0.0754222635574331,-0.001,-0.001,0.0314,0.0314,1.,1.,1.,1.,         2467P   3502
-4.55981507793507,6.15886548715394,-1.74,-4.55981507793507,         2467P   3503
6.92308812272827,-1.74,-4.55981507793507,6.15886548715394,          2467P   3504
-2.064,-4.55981507793507,6.92308812272827,-2.064,-0.001,            2467P   3505
0.0754222635574331,-0.001,0.0314;                                   2467P   3506
128,1,1,1,1,0,0,1,0,0,-0.001,-0.001,0.178598583489329,              2469P   3507
0.178598583489329,-0.001,-0.001,0.0314,0.0314,1.,1.,1.,1.,          2469P   3508
-2.77382924304178,6.16886548715394,-1.74,-4.56981507793507,         2469P   3509
6.16886548715394,-1.74,-2.77382924304178,6.16886548715394,          2469P   3510
-2.064,-4.56981507793507,6.16886548715394,-2.064,-0.001,            2469P   3511
0.178598583489329,-0.001,0.0314;                                    2469P   3512
128,1,1,1,1,0,0,1,0,0,-0.001,-0.001,0.0754222635574331,             2471P   3513
0.0754222635574331,-0.001,-0.001,0.0314,0.0314,1.,1.,1.,1.,         2471P   3514
-2.78382924304178,6.92308812272827,-1.74,-2.78382924304178,         2471P   3515
6.15886548715394,-1.74,-2.78382924304178,6.92308812272827,          2471P   3516
-2.064,-2.78382924304178,6.15886548715394,-2.064,-0.001,            2471P   3517
0.0754222635574331,-0.001,0.0314;                                   2471P   3518
128,1,1,1,1,0,0,1,0,0,-0.001,-0.001,0.178598583489329,              2473P   3519
0.178598583489329,-0.001,-0.001,0.0314,0.0314,1.,1.,1.,1.,          2473P   3520
-4.56981507793507,6.91308812272827,-1.74,-2.77382924304178,         2473P   3521
6.91308812272827,-1.74,-4.56981507793507,6.91308812272827,          2473P   3522
-2.064,-2.77382924304178,6.91308812272827,-2.064,-0.001,            2473P   3523
0.178598583489329,-0.001,0.0314;                                    2473P   3524
128,1,1,1,1,0,0,1,0,0,-0.0897992917446645,-0.0897992917446645,      2475P   3525
0.0897992917446645,0.0897992917446645,-0.0382111317787166,          2475P   3526
-0.0382111317787166,0.0382111317787165,0.0382111317787165,1.,1.,    2475P   3527
1.,1.,-2.77382924304178,6.15886548715394,-2.054,                    2475P   3528
-4.56981507793507,6.15886548715394,-2.054,-2.77382924304178,        2475P   3529
6.92308812272827,-2.054,-4.56981507793507,6.92308812272827,         2475P   3530
-2.054,-0.0897992917446645,0.0897992917446645,                      2475P   3531
-0.0382111317787166,0.0382111317787165;                             2475P   3532
128,1,1,1,1,0,0,1,0,0,-0.001,-0.001,0.0886514445190147,             2477P   3533
0.0886514445190147,-0.001,-0.001,0.0314,0.0314,1.,1.,1.,1.,         2477P   3534
-1.63265384048397,8.84155395592319,-1.74,-1.63265384048397,         2477P   3535
9.73806840111333,-1.74,-1.63265384048397,8.84155395592319,          2477P   3536
-2.064,-1.63265384048397,9.73806840111333,-2.064,-0.001,            2477P   3537
0.0886514445190147,-0.001,0.0314;                                   2477P   3538
128,1,1,1,1,0,0,1,0,0,-0.001,-0.001,0.176805853650548,              2479P   3539
0.176805853650548,-0.001,-0.001,0.0314,0.0314,1.,1.,1.,1.,          2479P   3540
0.135404696021516,8.85155395592319,-1.74,-1.64265384048397,         2479P   3541
8.85155395592319,-1.74,0.135404696021516,8.85155395592319,          2479P   3542
-2.064,-1.64265384048397,8.85155395592319,-2.064,-0.001,            2479P   3543
0.176805853650548,-0.001,0.0314;                                    2479P   3544
128,1,1,1,1,0,0,1,0,0,-0.001,-0.001,0.0886514445190147,             2481P   3545
0.0886514445190147,-0.001,-0.001,0.0314,0.0314,1.,1.,1.,1.,         2481P   3546
0.125404696021516,9.73806840111333,-1.74,0.125404696021516,         2481P   3547
8.84155395592319,-1.74,0.125404696021516,9.73806840111333,          2481P   3548
-2.064,0.125404696021516,8.84155395592319,-2.064,-0.001,            2481P   3549
0.0886514445190147,-0.001,0.0314;                                   2481P   3550
128,1,1,1,1,0,0,1,0,0,-0.001,-0.001,0.176805853650548,              2483P   3551
0.176805853650548,-0.001,-0.001,0.0314,0.0314,1.,1.,1.,1.,          2483P   3552
-1.64265384048397,9.72806840111333,-1.74,0.135404696021516,         2483P   3553
9.72806840111333,-1.74,-1.64265384048397,9.72806840111333,          2483P   3554
-2.064,0.135404696021516,9.72806840111333,-2.064,-0.001,            2483P   3555
0.176805853650548,-0.001,0.0314;                                    2483P   3556
128,1,1,1,1,0,0,1,0,0,-0.0889029268252742,-0.0889029268252742,      2485P   3557
0.0889029268252742,0.0889029268252742,-0.0448257222595073,          2485P   3558
-0.0448257222595073,0.0448257222595074,0.0448257222595074,1.,1.,    2485P   3559
1.,1.,0.135404696021516,8.84155395592319,-2.054,                    2485P   3560
-1.64265384048397,8.84155395592319,-2.054,0.135404696021516,        2485P   3561
9.73806840111333,-2.054,-1.64265384048397,9.73806840111333,         2485P   3562
-2.054,-0.0889029268252742,0.0889029268252742,                      2485P   3563
-0.0448257222595073,0.0448257222595074;                             2485P   3564
128,1,1,1,1,0,0,1,0,0,-0.001,-0.001,0.181608393629067,              2487P   3565
0.181608393629067,-0.001,-0.001,0.0314,0.0314,1.,1.,1.,1.,          2487P   3566
2.73729631183636,4.35278155086326,-1.74,2.73729631183636,           2487P   3567
6.17886548715394,-1.74,2.73729631183636,4.35278155086326,-2.064,    2487P   3568
2.73729631183636,6.17886548715394,-2.064,-0.001,                    2487P   3569
0.181608393629067,-0.001,0.0314;                                    2487P   3570
128,1,1,1,1,0,0,1,0,0,-0.001,-0.001,0.0882234273801475,             2489P   3571
0.0882234273801475,-0.001,-0.001,0.0314,0.0314,1.,1.,1.,1.,         2489P   3572
3.61953058563784,4.36278155086327,-1.74,2.72729631183636,           2489P   3573
4.36278155086327,-1.74,3.61953058563784,4.36278155086327,-2.064,    2489P   3574
2.72729631183636,4.36278155086327,-2.064,-0.001,                    2489P   3575
0.0882234273801475,-0.001,0.0314;                                   2489P   3576
128,1,1,1,1,0,0,1,0,0,-0.001,-0.001,0.181608393629067,              2491P   3577
0.181608393629067,-0.001,-0.001,0.0314,0.0314,1.,1.,1.,1.,          2491P   3578
3.60953058563784,6.17886548715394,-1.74,3.60953058563784,           2491P   3579
4.35278155086326,-1.74,3.60953058563784,6.17886548715394,-2.064,    2491P   3580
3.60953058563784,4.35278155086326,-2.064,-0.001,                    2491P   3581
0.181608393629067,-0.001,0.0314;                                    2491P   3582
128,1,1,1,1,0,0,1,0,0,-0.001,-0.001,0.0882234273801475,             2493P   3583
0.0882234273801475,-0.001,-0.001,0.0314,0.0314,1.,1.,1.,1.,         2493P   3584
2.72729631183636,6.16886548715394,-1.74,3.61953058563784,           2493P   3585
6.16886548715394,-1.74,2.72729631183636,6.16886548715394,-2.064,    2493P   3586
3.61953058563784,6.16886548715394,-2.064,-0.001,                    2493P   3587
0.0882234273801475,-0.001,0.0314;                                   2493P   3588
128,1,1,1,1,0,0,1,0,0,-0.0446117136900738,-0.0446117136900738,      2495P   3589
0.0446117136900738,0.0446117136900738,-0.0913041968145336,          2495P   3590
-0.0913041968145336,0.0913041968145336,0.0913041968145336,1.,1.,    2495P   3591
1.,1.,3.61953058563784,4.35278155086326,-2.054,2.72729631183636,    2495P   3592
4.35278155086326,-2.054,3.61953058563784,6.17886548715394,          2495P   3593
-2.054,2.72729631183636,6.17886548715394,-2.054,                    2495P   3594
-0.0446117136900738,0.0446117136900738,-0.0913041968145336,         2495P   3595
0.0913041968145336;                                                 2495P   3596
128,1,1,1,1,0,0,1,0,0,-0.001,-0.001,0.262670282140443,              2497P   3597
0.262670282140443,-0.001,-0.001,0.0314,0.0314,1.,1.,1.,1.,          2497P   3598
-3.67182216048842,0.443879805308505,-1.74,-3.67182216048842,        2497P   3599
3.08058262671293,-1.74,-3.67182216048842,0.443879805308505,         2497P   3600
-2.064,-3.67182216048842,3.08058262671293,-2.064,-0.001,            2497P   3601
0.262670282140443,-0.001,0.0314;                                    2497P   3602
128,1,1,1,1,0,0,1,0,0,-0.001,-0.001,0.1444152614346,                2499P   3603
0.1444152614346,-0.001,-0.001,0.0314,0.0314,1.,1.,1.,1.,            2499P   3604
-2.22766954614242,0.453879805308505,-1.74,-3.68182216048842,        2499P   3605
0.453879805308505,-1.74,-2.22766954614242,0.453879805308505,        2499P   3606
-2.064,-3.68182216048842,0.453879805308505,-2.064,-0.001,           2499P   3607
0.1444152614346,-0.001,0.0314;                                      2499P   3608
128,1,1,1,1,0,0,1,0,0,-0.001,-0.001,0.262670282140443,              2501P   3609
0.262670282140443,-0.001,-0.001,0.0314,0.0314,1.,1.,1.,1.,          2501P   3610
-2.23766954614242,3.08058262671293,-1.74,-2.23766954614242,         2501P   3611
0.443879805308505,-1.74,-2.23766954614242,3.08058262671293,         2501P   3612
-2.064,-2.23766954614242,0.443879805308505,-2.064,-0.001,           2501P   3613
0.262670282140443,-0.001,0.0314;                                    2501P   3614
128,1,1,1,1,0,0,1,0,0,-0.001,-0.001,0.1444152614346,                2503P   3615
0.1444152614346,-0.001,-0.001,0.0314,0.0314,1.,1.,1.,1.,            2503P   3616
-3.68182216048842,3.07058262671293,-1.74,-2.22766954614242,         2503P   3617
3.07058262671293,-1.74,-3.68182216048842,3.07058262671293,          2503P   3618
-2.064,-2.22766954614242,3.07058262671293,-2.064,-0.001,            2503P   3619
0.1444152614346,-0.001,0.0314;                                      2503P   3620
128,1,1,1,1,0,0,1,0,0,-0.0727076307172998,-0.0727076307172998,      2505P   3621
0.0727076307172998,0.0727076307172998,-0.131835141070221,           2505P   3622
-0.131835141070221,0.131835141070221,0.131835141070221,1.,1.,1.,    2505P   3623
1.,-2.22766954614242,0.443879805308505,-2.054,-3.68182216048842,    2505P   3624
0.443879805308505,-2.054,-2.22766954614242,3.08058262671293,        2505P   3625
-2.054,-3.68182216048842,3.08058262671293,-2.054,                   2505P   3626
-0.0727076307172998,0.0727076307172998,-0.131835141070221,          2505P   3627
0.131835141070221;                                                  2505P   3628
128,1,1,1,1,0,0,1,0,0,-0.001,-0.001,0.226888061152876,              2507P   3629
0.226888061152876,-0.001,-0.001,0.0314,0.0314,1.,1.,1.,1.,          2507P   3630
-5.36127170020896,-8.73285552665484,-1.74,-5.36127170020896,        2507P   3631
-6.45397491512608,-1.74,-5.36127170020896,-8.73285552665484,        2507P   3632
-2.064,-5.36127170020896,-6.45397491512608,-2.064,-0.001,           2507P   3633
0.226888061152876,-0.001,0.0314;                                    2507P   3634
128,1,1,1,1,0,0,1,0,0,-0.001,-0.001,0.10283478166728,               2509P   3635
0.10283478166728,-0.001,-0.001,0.0314,0.0314,1.,1.,1.,1.,           2509P   3636
-4.33292388353616,-8.72285552665484,-1.74,-5.37127170020896,        2509P   3637
-8.72285552665484,-1.74,-4.33292388353616,-8.72285552665484,        2509P   3638
-2.064,-5.37127170020896,-8.72285552665484,-2.064,-0.001,           2509P   3639
0.10283478166728,-0.001,0.0314;                                     2509P   3640
128,1,1,1,1,0,0,1,0,0,-0.001,-0.001,0.226888061152876,              2511P   3641
0.226888061152876,-0.001,-0.001,0.0314,0.0314,1.,1.,1.,1.,          2511P   3642
-4.34292388353616,-6.45397491512608,-1.74,-4.34292388353616,        2511P   3643
-8.73285552665484,-1.74,-4.34292388353616,-6.45397491512608,        2511P   3644
-2.064,-4.34292388353616,-8.73285552665484,-2.064,-0.001,           2511P   3645
0.226888061152876,-0.001,0.0314;                                    2511P   3646
128,1,1,1,1,0,0,1,0,0,-0.001,-0.001,0.10283478166728,               2513P   3647
0.10283478166728,-0.001,-0.001,0.0314,0.0314,1.,1.,1.,1.,           2513P   3648
-5.37127170020896,-6.46397491512608,-1.74,-4.33292388353616,        2513P   3649
-6.46397491512608,-1.74,-5.37127170020896,-6.46397491512608,        2513P   3650
-2.064,-4.33292388353616,-6.46397491512608,-2.064,-0.001,           2513P   3651
0.10283478166728,-0.001,0.0314;                                     2513P   3652
128,1,1,1,1,0,0,1,0,0,-0.0519173908336401,-0.0519173908336401,      2515P   3653
0.0519173908336401,0.0519173908336401,-0.113944030576438,           2515P   3654
-0.113944030576438,0.113944030576438,0.113944030576438,1.,1.,1.,    2515P   3655
1.,-4.33292388353616,-8.73285552665484,-2.054,-5.37127170020896,    2515P   3656
-8.73285552665484,-2.054,-4.33292388353616,-6.45397491512608,       2515P   3657
-2.054,-5.37127170020896,-6.45397491512608,-2.054,                  2515P   3658
-0.0519173908336401,0.0519173908336401,-0.113944030576438,          2515P   3659
0.113944030576438;                                                  2515P   3660
128,1,1,1,1,0,0,1,0,0,-0.001,-0.001,0.086225766610317,              2517P   3661
0.086225766610317,-0.001,-0.001,0.0314,0.0314,1.,1.,1.,1.,          2517P   3662
-1.65532712897725,0.45277503276271,-1.74,-1.65532712897725,         2517P   3663
1.32503269886588,-1.74,-1.65532712897725,0.45277503276271,          2517P   3664
-2.064,-1.65532712897725,1.32503269886588,-2.064,-0.001,            2517P   3665
0.086225766610317,-0.001,0.0314;                                    2517P   3666
128,1,1,1,1,0,0,1,0,0,-0.001,-0.001,0.189084450450355,              2519P   3667
0.189084450450355,-0.001,-0.001,0.0314,0.0314,1.,1.,1.,1.,          2519P   3668
0.235517375526302,0.46277503276271,-1.74,-1.66532712897725,         2519P   3669
0.46277503276271,-1.74,0.235517375526302,0.46277503276271,          2519P   3670
-2.064,-1.66532712897725,0.46277503276271,-2.064,-0.001,            2519P   3671
0.189084450450355,-0.001,0.0314;                                    2519P   3672
128,1,1,1,1,0,0,1,0,0,-0.001,-0.001,0.086225766610317,              2521P   3673
0.086225766610317,-0.001,-0.001,0.0314,0.0314,1.,1.,1.,1.,          2521P   3674
0.225517375526302,1.32503269886588,-1.74,0.225517375526302,         2521P   3675
0.45277503276271,-1.74,0.225517375526302,1.32503269886588,          2521P   3676
-2.064,0.225517375526302,0.45277503276271,-2.064,-0.001,            2521P   3677
0.086225766610317,-0.001,0.0314;                                    2521P   3678
128,1,1,1,1,0,0,1,0,0,-0.001,-0.001,0.189084450450355,              2523P   3679
0.189084450450355,-0.001,-0.001,0.0314,0.0314,1.,1.,1.,1.,          2523P   3680
-1.66532712897725,1.31503269886588,-1.74,0.235517375526302,         2523P   3681
1.31503269886588,-1.74,-1.66532712897725,1.31503269886588,          2523P   3682
-2.064,0.235517375526302,1.31503269886588,-2.064,-0.001,            2523P   3683
0.189084450450355,-0.001,0.0314;                                    2523P   3684
128,1,1,1,1,0,0,1,0,0,-0.0950422252251774,-0.0950422252251774,      2525P   3685
0.0950422252251774,0.0950422252251774,-0.0436128833051585,          2525P   3686
-0.0436128833051585,0.0436128833051585,0.0436128833051585,1.,1.,    2525P   3687
1.,1.,0.235517375526302,0.45277503276271,-2.054,                    2525P   3688
-1.66532712897725,0.45277503276271,-2.054,0.235517375526302,        2525P   3689
1.32503269886588,-2.054,-1.66532712897725,1.32503269886588,         2525P   3690
-2.054,-0.0950422252251774,0.0950422252251774,                      2525P   3691
-0.0436128833051585,0.0436128833051585;                             2525P   3692
128,1,1,1,1,0,0,1,0,0,-0.001,-0.001,0.160914257644162,              2527P   3693
0.160914257644162,-0.001,-0.001,0.0314,0.0314,1.,1.,1.,1.,          2527P   3694
4.20453979962071,4.55972291071232,-1.74,4.20453979962071,           2527P   3695
6.17886548715394,-1.74,4.20453979962071,4.55972291071232,-2.064,    2527P   3696
4.20453979962071,6.17886548715394,-2.064,-0.001,                    2527P   3697
0.160914257644162,-0.001,0.0314;                                    2527P   3698
128,1,1,1,1,0,0,1,0,0,-0.001,-0.001,0.0830467666824896,             2529P   3699
0.0830467666824896,-0.001,-0.001,0.0314,0.0314,1.,1.,1.,1.,         2529P   3700
5.0350074664456,4.56972291071232,-1.74,4.19453979962071,            2529P   3701
4.56972291071232,-1.74,5.0350074664456,4.56972291071232,-2.064,     2529P   3702
4.19453979962071,4.56972291071232,-2.064,-0.001,                    2529P   3703
0.0830467666824896,-0.001,0.0314;                                   2529P   3704
128,1,1,1,1,0,0,1,0,0,-0.001,-0.001,0.160914257644162,              2531P   3705
0.160914257644162,-0.001,-0.001,0.0314,0.0314,1.,1.,1.,1.,          2531P   3706
5.0250074664456,6.17886548715394,-1.74,5.0250074664456,             2531P   3707
4.55972291071232,-1.74,5.0250074664456,6.17886548715394,-2.064,     2531P   3708
5.0250074664456,4.55972291071232,-2.064,-0.001,                     2531P   3709
0.160914257644162,-0.001,0.0314;                                    2531P   3710
128,1,1,1,1,0,0,1,0,0,-0.001,-0.001,0.0830467666824896,             2533P   3711
0.0830467666824896,-0.001,-0.001,0.0314,0.0314,1.,1.,1.,1.,         2533P   3712
4.19453979962071,6.16886548715394,-1.74,5.0350074664456,            2533P   3713
6.16886548715394,-1.74,4.19453979962071,6.16886548715394,-2.064,    2533P   3714
5.0350074664456,6.16886548715394,-2.064,-0.001,                     2533P   3715
0.0830467666824896,-0.001,0.0314;                                   2533P   3716
128,1,1,1,1,0,0,1,0,0,-0.0420233833412448,-0.0420233833412448,      2535P   3717
0.0420233833412448,0.0420233833412448,-0.0809571288220808,          2535P   3718
-0.0809571288220808,0.0809571288220809,0.0809571288220809,1.,1.,    2535P   3719
1.,1.,5.0350074664456,4.55972291071232,-2.054,4.19453979962071,     2535P   3720
4.55972291071232,-2.054,5.0350074664456,6.17886548715394,-2.054,    2535P   3721
4.19453979962071,6.17886548715394,-2.054,-0.0420233833412448,       2535P   3722
0.0420233833412448,-0.0809571288220808,0.0809571288220809;          2535P   3723
128,1,1,1,1,0,0,1,0,0,-0.001,-0.001,0.0804965087999854,             2537P   3724
0.0804965087999854,-0.001,-0.001,0.0314,0.0314,1.,1.,1.,1.,         2537P   3725
-4.55981507793507,7.57965415506857,-1.74,-4.55981507793507,         2537P   3726
8.39461924306842,-1.74,-4.55981507793507,7.57965415506857,          2537P   3727
-2.064,-4.55981507793507,8.39461924306842,-2.064,-0.001,            2537P   3728
0.0804965087999854,-0.001,0.0314;                                   2537P   3729
128,1,1,1,1,0,0,1,0,0,-0.001,-0.001,0.178598583489329,              2539P   3730
0.178598583489329,-0.001,-0.001,0.0314,0.0314,1.,1.,1.,1.,          2539P   3731
-2.77382924304178,7.58965415506857,-1.74,-4.56981507793507,         2539P   3732
7.58965415506857,-1.74,-2.77382924304178,7.58965415506857,          2539P   3733
-2.064,-4.56981507793507,7.58965415506857,-2.064,-0.001,            2539P   3734
0.178598583489329,-0.001,0.0314;                                    2539P   3735
128,1,1,1,1,0,0,1,0,0,-0.001,-0.001,0.0804965087999854,             2541P   3736
0.0804965087999854,-0.001,-0.001,0.0314,0.0314,1.,1.,1.,1.,         2541P   3737
-2.78382924304178,8.39461924306842,-1.74,-2.78382924304178,         2541P   3738
7.57965415506857,-1.74,-2.78382924304178,8.39461924306842,          2541P   3739
-2.064,-2.78382924304178,7.57965415506857,-2.064,-0.001,            2541P   3740
0.0804965087999854,-0.001,0.0314;                                   2541P   3741
128,1,1,1,1,0,0,1,0,0,-0.001,-0.001,0.178598583489329,              2543P   3742
0.178598583489329,-0.001,-0.001,0.0314,0.0314,1.,1.,1.,1.,          2543P   3743
-4.56981507793507,8.38461924306842,-1.74,-2.77382924304178,         2543P   3744
8.38461924306842,-1.74,-4.56981507793507,8.38461924306842,          2543P   3745
-2.064,-2.77382924304178,8.38461924306842,-2.064,-0.001,            2543P   3746
0.178598583489329,-0.001,0.0314;                                    2543P   3747
128,1,1,1,1,0,0,1,0,0,-0.0897992917446645,-0.0897992917446645,      2545P   3748
0.0897992917446645,0.0897992917446645,-0.0407482543999927,          2545P   3749
-0.0407482543999927,0.0407482543999926,0.0407482543999926,1.,1.,    2545P   3750
1.,1.,-2.77382924304178,7.57965415506857,-2.054,                    2545P   3751
-4.56981507793507,7.57965415506857,-2.054,-2.77382924304178,        2545P   3752
8.39461924306842,-2.054,-4.56981507793507,8.39461924306842,         2545P   3753
-2.054,-0.0897992917446645,0.0897992917446645,                      2545P   3754
-0.0407482543999927,0.0407482543999926;                             2545P   3755
128,1,8,1,2,0,1,0,0,1,0.,0.,0.728977096657251,0.728977096657251,    2547P   3756
-3.14159265358979,-3.14159265358979,-3.14159265358979,              2547P   3757
-1.5707963267949,-1.5707963267949,0.,0.,1.5707963267949,            2547P   3758
1.5707963267949,3.14159265358979,3.14159265358979,                  2547P   3759
3.14159265358979,1.,1.,0.707106781186548,0.707106781186548,1.,      2547P   3760
1.,0.707106781186548,0.707106781186548,1.,1.,0.707106781186548,     2547P   3761
0.707106781186548,1.,1.,0.707106781186548,0.707106781186548,1.,     2547P   3762
1.,-3.1517908365969,-7.26108775013462,-3.495,-3.1517908365969,      2547P   3763
-7.26108775013462,-1.75,-3.15179083659689,-4.86732255778255,        2547P   3764
-3.495,-3.15179083659689,-4.86732255778255,-1.75,                   2547P   3765
-0.758025644244822,-4.86732255778255,-3.495,-0.758025644244822,     2547P   3766
-4.86732255778255,-1.75,1.63573954810725,-4.86732255778255,         2547P   3767
-3.495,1.63573954810725,-4.86732255778255,-1.75,                    2547P   3768
1.63573954810725,-7.26108775013462,-3.495,1.63573954810725,         2547P   3769
-7.26108775013462,-1.75,1.63573954810725,-9.6548529424867,          2547P   3770
-3.495,1.63573954810725,-9.6548529424867,-1.75,                     2547P   3771
-0.758025644244822,-9.6548529424867,-3.495,-0.758025644244822,      2547P   3772
-9.6548529424867,-1.75,-3.15179083659689,-9.6548529424867,          2547P   3773
-3.495,-3.15179083659689,-9.6548529424867,-1.75,                    2547P   3774
-3.1517908365969,-7.26108775013462,-3.495,-3.1517908365969,         2547P   3775
-7.26108775013462,-1.75,0.,0.728977096657251,-3.14159265358979,     2547P   3776
3.14159265358979;                                                   2547P   3777
128,1,1,1,1,0,0,1,0,0,-0.240376519235207,-0.240376519235207,        2549P   3778
0.240376519235207,0.240376519235207,-0.240376519235207,             2549P   3779
-0.240376519235207,0.240376519235207,0.240376519235207,1.,1.,1.,    2549P   3780
1.,-3.1617908365969,-4.85732255778255,-3.495,1.64573954810725,      2549P   3781
-4.85732255778255,-3.495,-3.1617908365969,-9.6648529424867,         2549P   3782
-3.495,1.64573954810725,-9.6648529424867,-3.495,                    2549P   3783
-0.240376519235207,0.240376519235207,-0.240376519235207,            2549P   3784
0.240376519235207;                                                  2549P   3785
128,1,1,1,1,0,0,1,0,0,0.299,0.299,1.701,1.701,-0.001,-0.001,        2551P   3786
0.176,0.176,1.,1.,1.,1.,7.01,-10.,0.01,-7.01,-10.,0.01,7.01,        2551P   3787
-10.,-1.76,-7.01,-10.,-1.76,0.299,1.701,-0.001,0.176;               2551P   3788
128,1,1,1,1,0,0,1,0,0,0.299,0.299,1.701,1.701,-0.001,-0.001,        2553P   3789
0.176,0.176,1.,1.,1.,1.,-7.01,10.,0.01,7.01,10.,0.01,-7.01,10.,     2553P   3790
-1.76,7.01,10.,-1.76,0.299,1.701,-0.001,0.176;                      2553P   3791
128,1,1,1,1,0,0,1,0,0,-1.001,-1.001,1.001,1.001,-1.001,-1.001,      2555P   3792
1.001,1.001,1.,1.,1.,1.,10.01,-10.01,-1.75,-10.01,-10.01,-1.75,     2555P   3793
10.01,10.01,-1.75,-10.01,10.01,-1.75,-1.001,1.001,-1.001,1.001;     2555P   3794
128,1,2,1,2,0,0,0,0,0,0.,0.,4.58,4.58,-0.785398163397453,           2557P   3795
-0.785398163397453,-0.785398163397453,0.785398163397444,            2557P   3796
0.785398163397444,0.785398163397444,1.,1.,0.707106781186547,        2557P   3797
0.707106781186547,1.,1.,-7.5,-7.25,1.145,-7.5,-7.25,0.,             2557P   3798
-7.49999999999999,-7.5,1.145,-7.49999999999999,-7.5,0.,-7.25,       2557P   3799
-7.5,1.145,-7.25,-7.5,0.,0.,4.58,-0.785398163397453,                2557P   3800
0.785398163397444;                                                  2557P   3801
128,1,1,1,1,0,0,1,0,0,0.0239999999999999,0.0239999999999999,        2559P   3802
1.476,1.476,-0.001,-0.001,0.1155,0.1155,1.,1.,1.,1.,-7.26,-7.5,     2559P   3803
-0.01,7.26,-7.5,-0.01,-7.26,-7.5,1.155,7.26,-7.5,1.155,             2559P   3804
0.0239999999999999,1.476,-0.001,0.1155;                             2559P   3805
128,1,1,1,1,0,0,1,0,0,-0.751,-0.751,0.751,0.751,-0.751,-0.751,      2561P   3806
0.751,0.751,1.,1.,1.,1.,7.51,-7.51,0.,-7.51,-7.51,0.,7.51,7.51,     2561P   3807
0.,-7.51,7.51,0.,-0.751,0.751,-0.751,0.751;                         2561P   3808
128,1,2,1,2,0,0,0,0,0,0.,0.,4.58,4.58,-0.785398163397448,           2563P   3809
-0.785398163397448,-0.785398163397448,0.785398163397448,            2563P   3810
0.785398163397448,0.785398163397448,1.,1.,0.707106781186548,        2563P   3811
0.707106781186548,1.,1.,7.25,-7.5,1.145,7.25,-7.5,0.,7.5,-7.5,      2563P   3812
1.145,7.5,-7.5,0.,7.5,-7.25,1.145,7.5,-7.25,0.,0.,4.58,             2563P   3813
-0.785398163397448,0.785398163397448;                               2563P   3814
128,1,1,1,1,0,0,1,0,0,0.0239999999999999,0.0239999999999999,        2565P   3815
1.476,1.476,-0.001,-0.001,0.1155,0.1155,1.,1.,1.,1.,7.5,-7.26,      2565P   3816
-0.01,7.5,7.26,-0.01,7.5,-7.26,1.155,7.5,7.26,1.155,                2565P   3817
0.0239999999999999,1.476,-0.001,0.1155;                             2565P   3818
128,1,2,1,2,0,0,0,0,0,0.,0.,4.58,4.58,-0.785398163397448,           2567P   3819
-0.785398163397448,-0.785398163397448,0.785398163397448,            2567P   3820
0.785398163397448,0.785398163397448,1.,1.,0.707106781186548,        2567P   3821
0.707106781186548,1.,1.,7.5,7.25,1.145,7.5,7.25,0.,7.5,7.5,         2567P   3822
1.145,7.5,7.5,0.,7.25,7.5,1.145,7.25,7.5,0.,0.,4.58,                2567P   3823
-0.785398163397448,0.785398163397448;                               2567P   3824
128,1,1,1,1,0,0,1,0,0,0.0240000000000001,0.0240000000000001,        2569P   3825
1.476,1.476,-0.001,-0.001,0.1155,0.1155,1.,1.,1.,1.,7.26,7.5,       2569P   3826
-0.01,-7.26,7.5,-0.01,7.26,7.5,1.155,-7.26,7.5,1.155,               2569P   3827
0.0240000000000001,1.476,-0.001,0.1155;                             2569P   3828
128,1,2,1,2,0,0,0,0,0,0.,0.,4.58,4.58,-0.785398163397453,           2571P   3829
-0.785398163397453,-0.785398163397453,0.785398163397444,            2571P   3830
0.785398163397444,0.785398163397444,1.,1.,0.707106781186547,        2571P   3831
0.707106781186547,1.,1.,-7.25,7.5,1.145,-7.25,7.5,0.,-7.5,7.5,      2571P   3832
1.145,-7.5,7.5,0.,-7.5,7.25,1.145,-7.5,7.25,0.,0.,4.58,             2571P   3833
-0.785398163397453,0.785398163397444;                               2571P   3834
128,1,1,1,1,0,0,1,0,0,0.0239999999999999,0.0239999999999999,        2573P   3835
1.476,1.476,-0.001,-0.001,0.1155,0.1155,1.,1.,1.,1.,-7.5,7.26,      2573P   3836
-0.01,-7.49999999999999,-7.26,-0.01,-7.5,7.26,1.155,                2573P   3837
-7.49999999999999,-7.26,1.155,0.0239999999999999,1.476,-0.001,      2573P   3838
0.1155;                                                             2573P   3839
128,1,1,1,1,0,0,1,0,0,-0.751,-0.751,0.751,0.751,-0.751,-0.751,      2575P   3840
0.751,0.751,1.,1.,1.,1.,-7.51,-7.51,1.145,7.51,-7.51,1.145,         2575P   3841
-7.51,7.51,1.145,7.51,7.51,1.145,-0.751,0.751,-0.751,0.751;         2575P   3842
128,1,1,1,1,0,0,1,0,0,-0.001,-0.001,1.58784475867413,               2577P   3843
1.58784475867413,-0.001,-0.001,0.0984,0.0984,1.,1.,1.,1.,           2577P   3844
7.96382042638268,-7.94422379337064,1.135,7.96382042638268,          2577P   3845
7.94422379337064,1.135,7.96382042638268,-7.94422379337064,2.129,    2577P   3846
7.96382042638268,7.94422379337064,2.129,-0.001,1.58784475867413,    2577P   3847
-0.001,0.0984;                                                      2577P   3848
128,1,1,1,1,0,0,1,0,0,-0.001,-0.001,1.59376408527654,               2579P   3849
1.59376408527654,-0.001,-0.001,0.0984,0.0984,1.,1.,1.,1.,           2579P   3850
-7.97382042638268,-7.93422379337064,1.135,7.97382042638268,         2579P   3851
-7.93422379337064,1.135,-7.97382042638268,-7.93422379337064,        2579P   3852
2.129,7.97382042638268,-7.93422379337064,2.129,-0.001,              2579P   3853
1.59376408527654,-0.001,0.0984;                                     2579P   3854
128,1,1,1,1,0,0,1,0,0,-0.001,-0.001,1.58784475867413,               2581P   3855
1.58784475867413,-0.001,-0.001,0.0984,0.0984,1.,1.,1.,1.,           2581P   3856
-7.96382042638269,7.94422379337064,1.135,-7.96382042638268,         2581P   3857
-7.94422379337064,1.135,-7.96382042638269,7.94422379337064,         2581P   3858
2.129,-7.96382042638268,-7.94422379337064,2.129,-0.001,             2581P   3859
1.58784475867413,-0.001,0.0984;                                     2581P   3860
128,1,1,1,1,0,0,1,0,0,-0.001,-0.001,1.59376408527654,               2583P   3861
1.59376408527654,-0.001,-0.001,0.0984,0.0984,1.,1.,1.,1.,           2583P   3862
7.97382042638268,7.93422379337064,1.135,-7.97382042638269,          2583P   3863
7.93422379337064,1.135,7.97382042638268,7.93422379337064,2.129,     2583P   3864
-7.97382042638269,7.93422379337064,2.129,-0.001,                    2583P   3865
1.59376408527654,-0.001,0.0984;                                     2583P   3866
128,1,1,1,1,0,0,1,0,0,-0.797382042638268,-0.797382042638268,        2585P   3867
0.797382042638268,0.797382042638268,-0.794422379337064,             2585P   3868
-0.794422379337064,0.794422379337064,0.794422379337064,1.,1.,1.,    2585P   3869
1.,-7.97382042638269,-7.94422379337064,2.119,7.97382042638268,      2585P   3870
-7.94422379337064,2.119,-7.97382042638269,7.94422379337064,         2585P   3871
2.119,7.97382042638268,7.94422379337064,2.119,                      2585P   3872
-0.797382042638268,0.797382042638268,-0.794422379337064,            2585P   3873
0.794422379337064;                                                  2585P   3874
128,1,1,1,1,0,0,1,0,0,-0.797382042638268,-0.797382042638268,        2587P   3875
0.797382042638268,0.797382042638268,-0.794422379337064,             2587P   3876
-0.794422379337064,0.794422379337064,0.794422379337064,1.,1.,1.,    2587P   3877
1.,-7.97382042638269,7.94422379337064,1.145,7.97382042638268,       2587P   3878
7.94422379337064,1.145,-7.97382042638269,-7.94422379337064,         2587P   3879
1.145,7.97382042638268,-7.94422379337064,1.145,                     2587P   3880
-0.797382042638268,0.797382042638268,-0.794422379337064,            2587P   3881
0.794422379337064;                                                  2587P   3882
128,1,1,1,1,0,0,1,0,0,-0.0542828228312825,-0.0542828228312825,      2589P   3883
0.124424474576222,0.124424474576222,-0.0559408761663293,            2589P   3884
-0.0559408761663293,0.155136151351273,0.155136151351273,1.,1.,      2589P   3885
1.,1.,5.47517242630802,-7.45528313456768,6.04002435312059,          2589P   3886
6.93431139950864,-7.45528313456768,5.00825729047686,                2589P   3887
6.08449931959319,-5.62730245471217,6.90174270952314,                2589P   3888
7.54363829279381,-5.62730245471217,5.86997564687941,                2589P   3889
-0.0542828228312825,0.124424474576222,-0.0559408761663293,          2589P   3890
0.155136151351273;                                                  2589P   3891
128,1,1,1,1,0,0,1,0,0,-0.204059102742378,-0.204059102742378,        2591P   3892
0.939466630108478,0.939466630108478,-0.0363553390593274,            2591P   3893
-0.0363553390593274,0.0363553390593275,0.0363553390593275,1.,1.,    2591P   3894
1.,1.,-5.82118205484755,-7.60014055774842,5.69792893218813,         2591P   3895
5.61407527366101,-7.60014055774842,5.69792893218813,                2591P   3896
-5.82118205484755,-7.08599842212469,6.21207106781187,               2591P   3897
5.61407527366101,-7.08599842212469,6.21207106781187,                2591P   3898
-0.204059102742378,0.939466630108478,-0.0363553390593274,           2591P   3899
0.0363553390593275;                                                 2591P   3900
128,1,1,1,1,0,0,1,0,0,-0.0363553390593275,-0.0363553390593275,      2593P   3901
0.0363553390593274,0.0363553390593274,-0.184942796378173,           2593P   3902
-0.184942796378173,0.964960423490484,0.964960423490484,1.,1.,1.,    2593P   3903
1.,7.05411098703569,-5.64596270875001,6.21207106781187,             2593P   3904
7.56825312265942,-5.64596270875001,5.69792893218813,                2593P   3905
7.05411098703569,5.85306948993656,6.21207106781187,                 2593P   3906
7.56825312265942,5.85306948993656,5.69792893218813,                 2593P   3907
-0.0363553390593275,0.0363553390593274,-0.184942796378173,          2593P   3908
0.964960423490484;                                                  2593P   3909
128,1,2,1,2,0,0,0,0,0,-0.235702260395517,-0.235702260395517,        2595P   3910
0.235702260395517,0.235702260395517,-0.785398163397448,             2595P   3911
-0.785398163397448,-0.785398163397448,0.785398163397448,            2595P   3912
0.785398163397448,0.785398163397448,1.,1.,0.707106781186548,        2595P   3913
0.707106781186548,1.,1.,5.81118205484755,7.59306948993656,5.705,    2595P   3914
5.81118205484755,7.09306948993656,6.205,7.56118205484755,           2595P   3915
7.59306948993656,5.705,7.06118205484755,7.09306948993656,6.205,     2595P   3916
7.56118205484755,5.84306948993656,5.705,7.06118205484755,           2595P   3917
5.84306948993656,6.205,-0.235702260395517,0.235702260395517,        2595P   3918
-0.785398163397448,0.785398163397448;                               2595P   3919
128,1,1,1,1,0,0,1,0,0,-0.960177308227133,-0.960177308227133,        2597P   3920
0.204059102742378,0.204059102742378,-0.0363553390593275,            2597P   3921
-0.0363553390593275,0.0363553390593274,0.0363553390593274,1.,1.,    2597P   3922
1.,1.,-5.82118205484755,7.08599842212469,6.21207106781187,          2597P   3923
5.82118205484755,7.08599842212469,6.21207106781187,                 2597P   3924
-5.82118205484755,7.60014055774842,5.69792893218813,                2597P   3925
5.82118205484755,7.60014055774842,5.69792893218813,                 2597P   3926
-0.960177308227133,0.204059102742378,-0.0363553390593275,           2597P   3927
0.0363553390593274;                                                 2597P   3928
128,1,2,1,2,0,0,0,0,0,-0.235702260395517,-0.235702260395517,        2599P   3929
0.235702260395517,0.235702260395517,-0.785398163397448,             2599P   3930
-0.785398163397448,-0.785398163397448,0.785398163397448,            2599P   3931
0.785398163397448,0.785398163397448,1.,1.,0.707106781186548,        2599P   3932
0.707106781186548,1.,1.,-7.56118205484755,5.84306948993656,         2599P   3933
5.705,-7.06118205484755,5.84306948993656,6.205,                     2599P   3934
-7.56118205484755,7.59306948993656,5.705,-7.06118205484755,         2599P   3935
7.09306948993656,6.205,-5.81118205484755,7.59306948993656,5.705,    2599P   3936
-5.81118205484755,7.09306948993656,6.205,-0.235702260395517,        2599P   3937
0.235702260395517,-0.785398163397448,0.785398163397448;             2599P   3938
128,1,1,1,1,0,0,1,0,0,-0.0363553390593274,-0.0363553390593274,      2601P   3939
0.0363553390593275,0.0363553390593275,-0.964960423490484,           2601P   3940
-0.964960423490484,0.205653474496828,0.205653474496828,1.,1.,1.,    2601P   3941
1.,-7.56825312265942,-5.85306948993656,5.69792893218813,            2601P   3942
-7.05411098703569,-5.85306948993656,6.21207106781187,               2601P   3943
-7.56825312265942,5.85306948993656,5.69792893218813,                2601P   3944
-7.05411098703569,5.85306948993656,6.21207106781187,                2601P   3945
-0.0363553390593274,0.0363553390593275,-0.964960423490484,          2601P   3946
0.205653474496828;                                                  2601P   3947
128,1,2,1,2,0,0,0,0,0,-0.235702260395517,-0.235702260395517,        2603P   3948
0.235702260395517,0.235702260395517,-0.785398163397448,             2603P   3949
-0.785398163397448,-0.785398163397448,0.785398163397448,            2603P   3950
0.785398163397448,0.785398163397448,1.,1.,0.707106781186548,        2603P   3951
0.707106781186548,1.,1.,-5.81118205484755,-7.59306948993656,        2603P   3952
5.705,-5.81118205484755,-7.09306948993656,6.205,                    2603P   3953
-7.56118205484755,-7.59306948993656,5.705,-7.06118205484755,        2603P   3954
-7.09306948993656,6.205,-7.56118205484755,-5.84306948993656,        2603P   3955
5.705,-7.06118205484755,-5.84306948993656,6.205,                    2603P   3956
-0.235702260395517,0.235702260395517,-0.785398163397448,            2603P   3957
0.785398163397448;                                                  2603P   3958
128,1,2,1,2,0,0,0,0,0,-1.4142135623731,-1.4142135623731,            2605P   3959
1.11022302462516D-15,1.11022302462516D-15,-0.392699081698726,       2605P   3960
-0.392699081698726,-0.392699081698726,0.392699081698722,            2605P   3961
0.392699081698722,0.392699081698722,1.,1.,0.923879532511287,        2605P   3962
0.923879532511287,1.,1.,5.95762866425428,-7.44662288052983,         2605P   3963
5.705,5.604075273661,-7.09306948993656,6.205,5.81118205484755,      2605P   3964
-7.59306948993656,5.705,5.604075273661,-7.09306948993656,6.205,     2605P   3965
5.604075273661,-7.59306948993656,5.705,5.604075273661,              2605P   3966
-7.09306948993656,6.205,-1.4142135623731,1.11022302462516D-15,      2605P   3967
-0.392699081698726,0.392699081698722;                               2605P   3968
128,1,2,1,2,0,0,0,0,0,-1.4142135623731,-1.4142135623731,            2607P   3969
1.11022302462516D-15,1.11022302462516D-15,-0.392699081698722,       2607P   3970
-0.392699081698722,-0.392699081698722,0.392699081698726,            2607P   3971
0.392699081698726,0.392699081698726,1.,1.,0.923879532511287,        2607P   3972
0.923879532511287,1.,1.,7.56118205484755,-5.63596270875001,         2607P   3973
5.705,7.06118205484755,-5.63596270875001,6.205,7.56118205484755,    2607P   3974
-5.84306948993656,5.705,7.06118205484755,-5.63596270875001,         2607P   3975
6.205,7.41473544544083,-5.98951609934328,5.705,7.06118205484755,    2607P   3976
-5.63596270875001,6.205,-1.4142135623731,1.11022302462516D-15,      2607P   3977
-0.392699081698722,0.392699081698726;                               2607P   3978
128,1,1,1,1,0,0,1,0,0,0.174,0.174,1.34461389798731,                 2609P   3979
1.34461389798731,-0.001,-0.001,0.3596,0.3596,1.,1.,1.,1.,           2609P   3980
-7.56118205484755,5.85306948993656,2.109,-7.56118205484755,         2609P   3981
-5.85306948993656,2.109,-7.56118205484755,5.85306948993656,         2609P   3982
5.715,-7.56118205484755,-5.85306948993656,5.715,0.174,              2609P   3983
1.34461389798731,-0.001,0.3596;                                     2609P   3984
128,1,2,1,2,0,0,0,0,0,0.,0.,2.04914285714286,2.04914285714286,      2611P   3985
-0.785398163397448,-0.785398163397448,-0.785398163397448,           2611P   3986
0.785398163397448,0.785398163397448,0.785398163397448,1.,1.,        2611P   3987
0.707106781186548,0.707106781186548,1.,1.,-5.81118205484755,        2611P   3988
7.59306948993656,5.705,-5.81118205484755,7.59306948993656,2.119,    2611P   3989
-7.56118205484755,7.59306948993656,5.705,-7.56118205484755,         2611P   3990
7.59306948993656,2.119,-7.56118205484755,5.84306948993656,5.705,    2611P   3991
-7.56118205484755,5.84306948993656,2.119,0.,2.04914285714286,       2611P   3992
-0.785398163397448,0.785398163397448;                               2611P   3993
128,1,1,1,1,0,0,1,0,0,0.174,0.174,1.33823641096951,                 2613P   3994
1.33823641096951,-0.001,-0.001,0.3596,0.3596,1.,1.,1.,1.,           2613P   3995
5.82118205484755,7.59306948993656,2.109,-5.82118205484755,          2613P   3996
7.59306948993656,2.109,5.82118205484755,7.59306948993656,5.715,     2613P   3997
-5.82118205484755,7.59306948993656,5.715,0.174,1.33823641096951,    2613P   3998
-0.001,0.3596;                                                      2613P   3999
128,1,2,1,2,0,0,0,0,0,0.,0.,2.04914285714286,2.04914285714286,      2615P   4000
-0.785398163397448,-0.785398163397448,-0.785398163397448,           2615P   4001
0.785398163397448,0.785398163397448,0.785398163397448,1.,1.,        2615P   4002
0.707106781186548,0.707106781186548,1.,1.,7.56118205484755,         2615P   4003
5.84306948993656,5.705,7.56118205484755,5.84306948993656,2.119,     2615P   4004
7.56118205484755,7.59306948993656,5.705,7.56118205484755,           2615P   4005
7.59306948993656,2.119,5.81118205484755,7.59306948993656,5.705,     2615P   4006
5.81118205484755,7.59306948993656,2.119,0.,2.04914285714286,        2615P   4007
-0.785398163397448,0.785398163397448;                               2615P   4008
128,1,1,1,1,0,0,1,0,0,0.194710678118655,0.194710678118655,          2617P   4009
1.34461389798731,1.34461389798731,-0.00100000000000003,             2617P   4010
-0.00100000000000003,0.3596,0.3596,1.,1.,1.,1.,7.56118205484755,    2617P   4011
-5.64596270875001,2.109,7.56118205484755,5.85306948993656,2.109,    2617P   4012
7.56118205484755,-5.64596270875001,5.715,7.56118205484755,          2617P   4013
5.85306948993656,5.715,0.194710678118655,1.34461389798731,          2617P   4014
-0.00100000000000003,0.3596;                                        2617P   4015
128,1,1,1,1,0,0,1,0,0,-0.707118205484755,-0.707118205484755,        2619P   4016
0.707118205484755,0.707118205484755,-0.710306948993656,             2619P   4017
-0.710306948993656,0.710306948993656,0.710306948993656,1.,1.,1.,    2619P   4018
1.,-7.07118205484755,-7.10306948993656,6.205,7.07118205484755,      2619P   4019
-7.10306948993656,6.205,-7.07118205484755,7.10306948993656,         2619P   4020
6.205,7.07118205484755,7.10306948993656,6.205,                      2619P   4021
-0.707118205484755,0.707118205484755,-0.710306948993656,            2619P   4022
0.710306948993656;                                                  2619P   4023
128,1,2,1,2,0,0,0,0,0,-4.086,-4.086,3.086,3.086,                    2621P   4024
-0.392699081698726,-0.392699081698726,-0.392699081698726,           2621P   4025
0.392699081698723,0.392699081698723,0.392699081698723,1.,1.,        2621P   4026
0.923879532511287,0.923879532511287,1.,1.,7.41473544544083,         2621P   4027
-5.98951609934328,5.705,7.41473544544083,-5.98951609934328,         2621P   4028
2.119,7.56118205484755,-5.84306948993656,5.705,7.56118205484755,    2621P   4029
-5.84306948993656,2.119,7.56118205484755,-5.63596270875001,         2621P   4030
5.705,7.56118205484755,-5.63596270875001,2.119,-4.086,3.086,        2621P   4031
-0.392699081698726,0.392699081698723;                               2621P   4032
128,1,1,1,1,0,0,1,0,0,0.0197106781186547,0.0197106781186547,        2623P   4033
0.227776695296637,0.227776695296637,0.049,0.049,0.4096,0.4096,      2623P   4034
1.,1.,1.,1.,7.42180651325269,-5.98244503153142,5.715,               2623P   4035
5.95055759644241,-7.4536939483417,5.715,7.42180651325269,           2623P   4036
-5.98244503153142,2.109,5.95055759644241,-7.4536939483417,2.109,    2623P   4037
0.0197106781186547,0.227776695296637,0.049,0.4096;                  2623P   4038
128,1,2,1,2,0,0,0,0,0,-3.086,-3.086,4.086,4.086,                    2625P   4039
-0.392699081698726,-0.392699081698726,-0.392699081698726,           2625P   4040
0.392699081698723,0.392699081698723,0.392699081698723,1.,1.,        2625P   4041
0.923879532511287,0.923879532511287,1.,1.,5.95762866425428,         2625P   4042
-7.44662288052983,2.119,5.95762866425428,-7.44662288052983,         2625P   4043
5.705,5.81118205484755,-7.59306948993656,2.119,5.81118205484755,    2625P   4044
-7.59306948993656,5.705,5.604075273661,-7.59306948993656,2.119,     2625P   4045
5.604075273661,-7.59306948993656,5.705,-3.086,4.086,                2625P   4046
-0.392699081698726,0.392699081698723;                               2625P   4047
128,1,1,1,1,0,0,1,0,0,-0.757118205484755,-0.757118205484755,        2627P   4048
0.757118205484755,0.757118205484755,-0.760306948993656,             2627P   4049
-0.760306948993656,0.760306948993656,0.760306948993656,1.,1.,1.,    2627P   4050
1.,-7.57118205484755,7.60306948993656,2.119,7.57118205484755,       2627P   4051
7.60306948993656,2.119,-7.57118205484755,-7.60306948993656,         2627P   4052
2.119,7.57118205484755,-7.60306948993656,2.119,                     2627P   4053
-0.757118205484755,0.757118205484755,-0.760306948993656,            2627P   4054
0.760306948993656;                                                  2627P   4055
128,1,2,1,2,0,0,0,0,0,0.,0.,2.04914285714286,2.04914285714286,      2629P   4056
-0.785398163397448,-0.785398163397448,-0.785398163397448,           2629P   4057
0.785398163397448,0.785398163397448,0.785398163397448,1.,1.,        2629P   4058
0.707106781186548,0.707106781186548,1.,1.,-7.56118205484755,        2629P   4059
-5.84306948993656,5.705,-7.56118205484755,-5.84306948993656,        2629P   4060
2.119,-7.56118205484755,-7.59306948993656,5.705,                    2629P   4061
-7.56118205484755,-7.59306948993656,2.119,-5.81118205484755,        2629P   4062
-7.59306948993656,5.705,-5.81118205484755,-7.59306948993656,        2629P   4063
2.119,0.,2.04914285714286,-0.785398163397448,0.785398163397448;     2629P   4064
128,1,1,1,1,0,0,1,0,0,0.174,0.174,1.31752573285086,                 2631P   4065
1.31752573285086,-0.001,-0.001,0.3596,0.3596,1.,1.,1.,1.,           2631P   4066
-5.82118205484755,-7.59306948993656,2.109,5.614075273661,           2631P   4067
-7.59306948993656,2.109,-5.82118205484755,-7.59306948993656,        2631P   4068
5.715,5.614075273661,-7.59306948993656,5.715,0.174,                 2631P   4069
1.31752573285086,-0.001,0.3596;                                     2631P   4070
128,1,1,1,1,0,0,1,0,0,-0.001,-0.001,0.426,0.426,-0.001,-0.001,      2633P   4071
1.11018439348691,1.11018439348691,1.,1.,1.,1.,10.01,                2633P   4072
-5.45447217534733,-6.19462071995785,5.74,-5.45447217534733,         2633P   4073
-6.19462071995785,10.01,5.65737175952177,-6.19462071995785,5.74,    2633P   4074
5.65737175952177,-6.19462071995785,-0.001,0.426,-0.001,             2633P   4075
1.11018439348691;                                                   2633P   4076
128,1,1,1,1,0,0,1,0,0,-0.001,-0.001,0.0436192129029985,             2635P   4077
0.0436192129029985,-0.001,-0.001,0.3278,0.3278,1.,1.,1.,1.,         2635P   4078
10.01,-2.10601885060899,-4.27226755163607,10.01,                    2635P   4079
-2.10601885060899,-4.71845968066605,6.722,-2.10601885060899,        2635P   4080
-4.27226755163607,6.722,-2.10601885060899,-4.71845968066605,        2635P   4081
-0.001,0.0436192129029985,-0.001,0.3278;                            2635P   4082
128,1,1,1,1,0,0,1,0,0,-0.001,-0.001,0.442493728539242,              2637P   4083
0.442493728539242,-0.001,-0.001,0.3278,0.3278,1.,1.,1.,1.,10.01,    2637P   4084
2.31891843478343,-4.28226755163607,10.01,-2.11601885060899,         2637P   4085
-4.28226755163607,6.722,2.31891843478343,-4.28226755163607,         2637P   4086
6.722,-2.11601885060899,-4.28226755163607,-0.001,                   2637P   4087
0.442493728539242,-0.001,0.3278;                                    2637P   4088
128,1,1,1,1,0,0,1,0,0,-0.001,-0.001,0.0436192129029985,             2639P   4089
0.0436192129029985,-0.001,-0.001,0.3278,0.3278,1.,1.,1.,1.,         2639P   4090
10.01,2.30891843478343,-4.71845968066605,10.01,2.30891843478343,    2639P   4091
-4.27226755163607,6.722,2.30891843478343,-4.71845968066605,         2639P   4092
6.722,2.30891843478343,-4.27226755163607,-0.001,                    2639P   4093
0.0436192129029985,-0.001,0.3278;                                   2639P   4094
128,1,1,1,1,0,0,1,0,0,-0.001,-0.001,0.442493728539242,              2641P   4095
0.442493728539242,-0.001,-0.001,0.3278,0.3278,1.,1.,1.,1.,10.01,    2641P   4096
-2.11601885060899,-4.70845968066605,10.01,2.31891843478343,         2641P   4097
-4.70845968066605,6.722,-2.11601885060899,-4.70845968066605,        2641P   4098
6.722,2.31891843478343,-4.70845968066605,-0.001,                    2641P   4099
0.442493728539242,-0.001,0.3278;                                    2641P   4100
128,1,1,1,1,0,0,1,0,0,-0.0223096064514993,-0.0223096064514993,      2643P   4101
0.0223096064514993,0.0223096064514993,-0.221746864269621,           2643P   4102
-0.221746864269621,0.221746864269621,0.221746864269621,1.,1.,1.,    2643P   4103
1.,6.732,-2.11601885060899,-4.27226755163607,6.732,                 2643P   4104
-2.11601885060899,-4.71845968066605,6.732,2.31891843478343,         2643P   4105
-4.27226755163607,6.732,2.31891843478343,-4.71845968066605,         2643P   4106
-0.0223096064514993,0.0223096064514993,-0.221746864269621,          2643P   4107
0.221746864269621;                                                  2643P   4108
128,1,1,1,1,0,0,1,0,0,-0.001,-0.001,0.0521113991352027,             2645P   4109
0.0521113991352027,-0.001,-0.001,0.3278,0.3278,1.,1.,1.,1.,         2645P   4110
10.01,4.10362080158117,-4.44075006808188,10.01,4.6347347929332,     2645P   4111
-4.44075006808188,6.722,4.10362080158117,-4.44075006808188,         2645P   4112
6.722,4.6347347929332,-4.44075006808188,-0.001,                     2645P   4113
0.0521113991352027,-0.001,0.3278;                                   2645P   4114
128,1,1,1,1,0,0,1,0,0,-0.001,-0.001,0.0498439708102951,             2647P   4115
0.0498439708102951,-0.001,-0.001,0.3278,0.3278,1.,1.,1.,1.,         2647P   4116
10.01,4.11362080158117,-3.94231035997893,10.01,4.11362080158117,    2647P   4117
-4.45075006808188,6.722,4.11362080158117,-3.94231035997893,         2647P   4118
6.722,4.11362080158117,-4.45075006808188,-0.001,                    2647P   4119
0.0498439708102951,-0.001,0.3278;                                   2647P   4120
128,1,1,1,1,0,0,1,0,0,-0.001,-0.001,0.0389449527728196,             2649P   4121
0.0389449527728196,-0.001,-0.001,0.3278,0.3278,1.,1.,1.,1.,         2649P   4122
10.01,3.72417127385297,-3.95231035997893,10.01,4.12362080158117,    2649P   4123
-3.95231035997893,6.722,3.72417127385297,-3.95231035997893,         2649P   4124
6.722,4.12362080158117,-3.95231035997893,-0.001,                    2649P   4125
0.0389449527728196,-0.001,0.3278;                                   2649P   4126
128,1,1,1,1,0,0,1,0,0,-0.001,-0.001,0.0450288452857621,             2651P   4127
0.0450288452857621,-0.001,-0.001,0.3278,0.3278,1.,1.,1.,1.,         2651P   4128
10.01,3.73417127385297,-3.50202190712131,10.01,3.73417127385297,    2651P   4129
-3.96231035997893,6.722,3.73417127385297,-3.50202190712131,         2651P   4130
6.722,3.73417127385297,-3.96231035997893,-0.001,                    2651P   4131
0.0450288452857621,-0.001,0.3278;                                   2651P   4132
128,1,1,1,1,0,0,1,0,0,-0.001,-0.001,0.0788569994376957,             2653P   4133
0.0788569994376957,-0.001,-0.001,0.3278,0.3278,1.,1.,1.,1.,         2653P   4134
10.01,2.94560127947602,-3.5120219071213,10.01,3.74417127385297,     2653P   4135
-3.51202190712131,6.722,2.94560127947602,-3.5120219071213,6.722,    2653P   4136
3.74417127385297,-3.51202190712131,-0.001,0.0788569994376957,       2653P   4137
-0.001,0.3278;                                                      2653P   4138
128,1,1,1,1,0,0,1,0,0,-0.001,-0.001,0.0450288452857623,             2655P   4139
0.0450288452857623,-0.001,-0.001,0.3278,0.3278,1.,1.,1.,1.,         2655P   4140
10.01,2.95560127947602,-3.96231035997893,10.01,2.95560127947602,    2655P   4141
-3.5020219071213,6.722,2.95560127947602,-3.96231035997893,6.722,    2655P   4142
2.95560127947602,-3.5020219071213,-0.001,0.0450288452857623,        2655P   4143
-0.001,0.3278;                                                      2655P   4144
128,1,1,1,1,0,0,1,0,0,-0.001,-0.001,0.0539930005623043,             2657P   4145
0.0539930005623043,-0.001,-0.001,0.3278,0.3278,1.,1.,1.,1.,         2657P   4146
10.01,2.41567127385297,-3.95231035997893,10.01,2.96560127947602,    2657P   4147
-3.95231035997893,6.722,2.41567127385297,-3.95231035997893,         2657P   4148
6.722,2.96560127947602,-3.95231035997893,-0.001,                    2657P   4149
0.0539930005623043,-0.001,0.3278;                                   2657P   4150
128,1,1,1,1,0,0,1,0,0,-0.001,-0.001,0.0450288452857621,             2659P   4151
0.0450288452857621,-0.001,-0.001,0.3278,0.3278,1.,1.,1.,1.,         2659P   4152
10.01,2.42567127385297,-3.50202190712131,10.01,2.42567127385297,    2659P   4153
-3.96231035997893,6.722,2.42567127385297,-3.50202190712131,         2659P   4154
6.722,2.42567127385297,-3.96231035997893,-0.001,                    2659P   4155
0.0450288452857621,-0.001,0.3278;                                   2659P   4156
128,1,1,1,1,0,0,1,0,0,-0.001,-0.001,0.0788569994376957,             2661P   4157
0.0788569994376957,-0.001,-0.001,0.3278,0.3278,1.,1.,1.,1.,         2661P   4158
10.01,1.63710127947602,-3.5120219071213,10.01,2.43567127385297,     2661P   4159
-3.51202190712131,6.722,1.63710127947602,-3.5120219071213,6.722,    2661P   4160
2.43567127385297,-3.51202190712131,-0.001,0.0788569994376957,       2661P   4161
-0.001,0.3278;                                                      2661P   4162
128,1,1,1,1,0,0,1,0,0,-0.001,-0.001,0.0450288452857623,             2663P   4163
0.0450288452857623,-0.001,-0.001,0.3278,0.3278,1.,1.,1.,1.,         2663P   4164
10.01,1.64710127947602,-3.96231035997893,10.01,1.64710127947602,    2663P   4165
-3.5020219071213,6.722,1.64710127947602,-3.96231035997893,6.722,    2663P   4166
1.64710127947602,-3.5020219071213,-0.001,0.0450288452857623,        2663P   4167
-0.001,0.3278;                                                      2663P   4168
128,1,1,1,1,0,0,1,0,0,-0.00100000000000001,-0.00100000000000001,    2665P   4169
0.0539930005623042,0.0539930005623042,-0.001,-0.001,0.3278,         2665P   4170
0.3278,1.,1.,1.,1.,10.01,1.10717127385297,-3.95231035997893,        2665P   4171
10.01,1.65710127947602,-3.95231035997893,6.722,1.10717127385297,    2665P   4172
-3.95231035997893,6.722,1.65710127947602,-3.95231035997893,         2665P   4173
-0.00100000000000001,0.0539930005623042,-0.001,0.3278;              2665P   4174
128,1,1,1,1,0,0,1,0,0,-0.001,-0.001,0.0450288452857621,             2667P   4175
0.0450288452857621,-0.001,-0.001,0.3278,0.3278,1.,1.,1.,1.,         2667P   4176
10.01,1.11717127385297,-3.50202190712131,10.01,1.11717127385297,    2667P   4177
-3.96231035997893,6.722,1.11717127385297,-3.50202190712131,         2667P   4178
6.722,1.11717127385297,-3.96231035997893,-0.001,                    2667P   4179
0.0450288452857621,-0.001,0.3278;                                   2667P   4180
128,1,1,1,1,0,0,1,0,0,-0.00100000000000001,-0.00100000000000001,    2669P   4181
0.0788569994376957,0.0788569994376957,-0.001,-0.001,0.3278,         2669P   4182
0.3278,1.,1.,1.,1.,10.01,0.328601279476018,-3.5120219071213,        2669P   4183
10.01,1.12717127385297,-3.51202190712131,6.722,                     2669P   4184
0.328601279476018,-3.5120219071213,6.722,1.12717127385297,          2669P   4185
-3.51202190712131,-0.00100000000000001,0.0788569994376957,          2669P   4186
-0.001,0.3278;                                                      2669P   4187
128,1,1,1,1,0,0,1,0,0,-0.001,-0.001,0.0450288452857623,             2671P   4188
0.0450288452857623,-0.001,-0.001,0.3278,0.3278,1.,1.,1.,1.,         2671P   4189
10.01,0.338601279476018,-3.96231035997893,10.01,                    2671P   4190
0.338601279476018,-3.5020219071213,6.722,0.338601279476018,         2671P   4191
-3.96231035997893,6.722,0.338601279476018,-3.5020219071213,         2671P   4192
-0.001,0.0450288452857623,-0.001,0.3278;                            2671P   4193
128,1,1,1,1,0,0,1,0,0,-0.001,-0.001,0.0484302974777595,             2673P   4194
0.0484302974777595,-0.001,-0.001,0.3278,0.3278,1.,1.,1.,1.,         2673P   4195
10.01,-0.145701695301577,-3.95231035997893,10.01,                   2673P   4196
0.348601279476018,-3.95231035997893,6.722,-0.145701695301577,       2673P   4197
-3.95231035997893,6.722,0.348601279476018,-3.95231035997893,        2673P   4198
-0.001,0.0484302974777595,-0.001,0.3278;                            2673P   4199
128,1,1,1,1,0,0,1,0,0,-0.001,-0.001,0.0450288452857623,             2675P   4200
0.0450288452857623,-0.001,-0.001,0.3278,0.3278,1.,1.,1.,1.,         2675P   4201
10.01,-0.135701695301577,-3.5020219071213,10.01,                    2675P   4202
-0.135701695301577,-3.96231035997893,6.722,-0.135701695301577,      2675P   4203
-3.5020219071213,6.722,-0.135701695301577,-3.96231035997893,        2675P   4204
-0.001,0.0450288452857623,-0.001,0.3278;                            2675P   4205
128,1,1,1,1,0,0,1,0,0,-0.001,-0.001,0.0788569994376957,             2677P   4206
0.0788569994376957,-0.001,-0.001,0.3278,0.3278,1.,1.,1.,1.,         2677P   4207
10.01,-0.924271689678534,-3.51202190712131,10.01,                   2677P   4208
-0.125701695301577,-3.5120219071213,6.722,-0.924271689678534,       2677P   4209
-3.51202190712131,6.722,-0.125701695301577,-3.5120219071213,        2677P   4210
-0.001,0.0788569994376957,-0.001,0.3278;                            2677P   4211
128,1,1,1,1,0,0,1,0,0,-0.001,-0.001,0.0450288452857621,             2679P   4212
0.0450288452857621,-0.001,-0.001,0.3278,0.3278,1.,1.,1.,1.,         2679P   4213
10.01,-0.914271689678534,-3.96231035997893,10.01,                   2679P   4214
-0.914271689678534,-3.50202190712131,6.722,-0.914271689678534,      2679P   4215
-3.96231035997893,6.722,-0.914271689678534,-3.5020219071213,        2679P   4216
-0.001,0.0450288452857621,-0.001,0.3278;                            2679P   4217
128,1,1,1,1,0,0,1,0,0,-0.001,-0.001,0.0539930005623043,             2681P   4218
0.0539930005623043,-0.001,-0.001,0.3278,0.3278,1.,1.,1.,1.,         2681P   4219
10.01,-1.45420169530158,-3.95231035997893,10.01,                    2681P   4220
-0.904271689678534,-3.95231035997893,6.722,-1.45420169530158,       2681P   4221
-3.95231035997893,6.722,-0.904271689678534,-3.95231035997893,       2681P   4222
-0.001,0.0539930005623043,-0.001,0.3278;                            2681P   4223
128,1,1,1,1,0,0,1,0,0,-0.001,-0.001,0.0450288452857622,             2683P   4224
0.0450288452857622,-0.001,-0.001,0.3278,0.3278,1.,1.,1.,1.,         2683P   4225
10.01,-1.44420169530158,-3.5020219071213,10.01,                     2683P   4226
-1.44420169530158,-3.96231035997893,6.722,-1.44420169530158,        2683P   4227
-3.5020219071213,6.722,-1.44420169530158,-3.96231035997893,         2683P   4228
-0.001,0.0450288452857622,-0.001,0.3278;                            2683P   4229
128,1,1,1,1,0,0,1,0,0,-0.001,-0.001,0.0788569994376957,             2685P   4230
0.0788569994376957,-0.001,-0.001,0.3278,0.3278,1.,1.,1.,1.,         2685P   4231
10.01,-2.23277168967853,-3.51202190712131,10.01,                    2685P   4232
-1.43420169530158,-3.5120219071213,6.722,-2.23277168967853,         2685P   4233
-3.51202190712131,6.722,-1.43420169530158,-3.5120219071213,         2685P   4234
-0.001,0.0788569994376957,-0.001,0.3278;                            2685P   4235
128,1,1,1,1,0,0,1,0,0,-0.001,-0.001,0.0450288452857621,             2687P   4236
0.0450288452857621,-0.001,-0.001,0.3278,0.3278,1.,1.,1.,1.,         2687P   4237
10.01,-2.22277168967853,-3.96231035997893,10.01,                    2687P   4238
-2.22277168967853,-3.50202190712131,6.722,-2.22277168967853,        2687P   4239
-3.96231035997893,6.722,-2.22277168967853,-3.5020219071213,         2687P   4240
-0.001,0.0450288452857621,-0.001,0.3278;                            2687P   4241
128,1,1,1,1,0,0,1,0,0,-0.001,-0.001,0.0539930005623043,             2689P   4242
0.0539930005623043,-0.001,-0.001,0.3278,0.3278,1.,1.,1.,1.,         2689P   4243
10.01,-2.76270169530158,-3.95231035997893,10.01,                    2689P   4244
-2.21277168967853,-3.95231035997893,6.722,-2.76270169530158,        2689P   4245
-3.95231035997893,6.722,-2.21277168967853,-3.95231035997893,        2689P   4246
-0.001,0.0539930005623043,-0.001,0.3278;                            2689P   4247
128,1,1,1,1,0,0,1,0,0,-0.001,-0.001,0.0450288452857622,             2691P   4248
0.0450288452857622,-0.001,-0.001,0.3278,0.3278,1.,1.,1.,1.,         2691P   4249
10.01,-2.75270169530158,-3.5020219071213,10.01,                     2691P   4250
-2.75270169530158,-3.96231035997893,6.722,-2.75270169530158,        2691P   4251
-3.5020219071213,6.722,-2.75270169530158,-3.96231035997893,         2691P   4252
-0.001,0.0450288452857622,-0.001,0.3278;                            2691P   4253
128,1,1,1,1,0,0,1,0,0,-0.001,-0.001,0.0788569994376957,             2693P   4254
0.0788569994376957,-0.001,-0.001,0.3278,0.3278,1.,1.,1.,1.,         2693P   4255
10.01,-3.54127168967853,-3.51202190712131,10.01,                    2693P   4256
-2.74270169530158,-3.5120219071213,6.722,-3.54127168967853,         2693P   4257
-3.51202190712131,6.722,-2.74270169530158,-3.5120219071213,         2693P   4258
-0.001,0.0788569994376957,-0.001,0.3278;                            2693P   4259
128,1,1,1,1,0,0,1,0,0,-0.001,-0.001,0.0450288452857621,             2695P   4260
0.0450288452857621,-0.001,-0.001,0.3278,0.3278,1.,1.,1.,1.,         2695P   4261
10.01,-3.53127168967853,-3.96231035997893,10.01,                    2695P   4262
-3.53127168967853,-3.50202190712131,6.722,-3.53127168967853,        2695P   4263
-3.96231035997893,6.722,-3.53127168967853,-3.5020219071213,         2695P   4264
-0.001,0.0450288452857621,-0.001,0.3278;                            2695P   4265
128,1,1,1,1,0,0,1,0,0,-0.001,-0.001,0.0389449527728196,             2697P   4266
0.0389449527728196,-0.001,-0.001,0.3278,0.3278,1.,1.,1.,1.,         2697P   4267
10.01,-3.92072121740673,-3.95231035997893,10.01,                    2697P   4268
-3.52127168967853,-3.95231035997893,6.722,-3.92072121740673,        2697P   4269
-3.95231035997893,6.722,-3.52127168967853,-3.95231035997893,        2697P   4270
-0.001,0.0389449527728196,-0.001,0.3278;                            2697P   4271
128,1,1,1,1,0,0,1,0,0,-0.001,-0.001,0.0498439708102951,             2699P   4272
0.0498439708102951,-0.001,-0.001,0.3278,0.3278,1.,1.,1.,1.,         2699P   4273
10.01,-3.91072121740673,-4.45075006808188,10.01,                    2699P   4274
-3.91072121740673,-3.94231035997893,6.722,-3.91072121740673,        2699P   4275
-4.45075006808188,6.722,-3.91072121740673,-3.94231035997893,        2699P   4276
-0.001,0.0498439708102951,-0.001,0.3278;                            2699P   4277
128,1,1,1,1,0,0,1,0,0,-0.001,-0.001,0.0521113991352027,             2701P   4278
0.0521113991352027,-0.001,-0.001,0.3278,0.3278,1.,1.,1.,1.,         2701P   4279
10.01,-4.43183520875876,-4.44075006808188,10.01,                    2701P   4280
-3.90072121740673,-4.44075006808188,6.722,-4.43183520875876,        2701P   4281
-4.44075006808188,6.722,-3.90072121740673,-4.44075006808188,        2701P   4282
-0.001,0.0521113991352027,-0.001,0.3278;                            2701P   4283
128,1,1,1,1,0,0,1,0,0,-0.001,-0.001,0.211020299122739,              2703P   4284
0.211020299122739,-0.001,-0.001,0.3278,0.3278,1.,1.,1.,1.,10.01,    2703P   4285
-4.42183520875876,-2.33054707685448,10.01,-4.42183520875876,        2703P   4286
-4.45075006808188,6.722,-4.42183520875876,-2.33054707685448,        2703P   4287
6.722,-4.42183520875876,-4.45075006808188,-0.001,                   2703P   4288
0.211020299122739,-0.001,0.3278;                                    2703P   4289
128,1,1,1,1,0,0,1,0,0,-0.001,-0.001,0.905657000169196,              2705P   4290
0.905657000169196,-0.001,-0.001,0.3278,0.3278,1.,1.,1.,1.,10.01,    2705P   4291
4.6347347929332,-2.34054707685448,10.01,-4.43183520875876,          2705P   4292
-2.34054707685448,6.722,4.6347347929332,-2.34054707685448,6.722,    2705P   4293
-4.43183520875876,-2.34054707685448,-0.001,0.905657000169196,       2705P   4294
-0.001,0.3278;                                                      2705P   4295
128,1,1,1,1,0,0,1,0,0,-0.001,-0.001,0.211020299122739,              2707P   4296
0.211020299122739,-0.001,-0.001,0.3278,0.3278,1.,1.,1.,1.,10.01,    2707P   4297
4.6247347929332,-4.45075006808188,10.01,4.6247347929332,            2707P   4298
-2.33054707685448,6.722,4.6247347929332,-4.45075006808188,6.722,    2707P   4299
4.6247347929332,-2.33054707685448,-0.001,0.211020299122739,         2707P   4300
-0.001,0.3278;                                                      2707P   4301
128,1,1,1,1,0,0,1,0,0,-0.10601014956137,-0.10601014956137,          2709P   4302
0.10601014956137,0.10601014956137,-0.453328500084598,               2709P   4303
-0.453328500084598,0.453328500084598,0.453328500084598,1.,1.,1.,    2709P   4304
1.,6.732,-4.43183520875876,-2.33054707685448,6.732,                 2709P   4305
-4.43183520875876,-4.45075006808188,6.732,4.6347347929332,          2709P   4306
-2.33054707685448,6.732,4.6347347929332,-4.45075006808188,          2709P   4307
-0.10601014956137,0.10601014956137,-0.453328500084598,              2709P   4308
0.453328500084598;                                                  2709P   4309
128,1,1,1,1,0,0,1,0,0,-0.001,-0.001,0.0716944899695547,             2711P   4310
0.0716944899695547,-0.001,-0.001,0.3278,0.3278,1.,1.,1.,1.,         2711P   4311
10.01,4.12962799370315,-5.00692365177483,10.01,4.12962799370315,    2711P   4312
-5.73386855147038,6.722,4.12962799370315,-5.00692365177483,         2711P   4313
6.722,4.12962799370315,-5.73386855147038,-0.001,                    2711P   4314
0.0716944899695547,-0.001,0.3278;                                   2711P   4315
128,1,1,1,1,0,0,1,0,0,-0.001,-0.001,0.078971863937009,              2713P   4316
0.078971863937009,-0.001,-0.001,0.3278,0.3278,1.,1.,1.,1.,10.01,    2713P   4317
4.91934663307324,-5.01692365177483,10.01,4.11962799370315,          2713P   4318
-5.01692365177483,6.722,4.91934663307324,-5.01692365177483,         2713P   4319
6.722,4.11962799370315,-5.01692365177483,-0.001,                    2713P   4320
0.078971863937009,-0.001,0.3278;                                    2713P   4321
128,1,1,1,1,0,0,1,0,0,-0.001,-0.001,0.0716944899695547,             2715P   4322
0.0716944899695547,-0.001,-0.001,0.3278,0.3278,1.,1.,1.,1.,         2715P   4323
10.01,4.90934663307324,-5.73386855147038,10.01,4.90934663307324,    2715P   4324
-5.00692365177483,6.722,4.90934663307324,-5.73386855147038,         2715P   4325
6.722,4.90934663307324,-5.00692365177483,-0.001,                    2715P   4326
0.0716944899695547,-0.001,0.3278;                                   2715P   4327
128,1,1,1,1,0,0,1,0,0,-0.001,-0.001,0.078971863937009,              2717P   4328
0.078971863937009,-0.001,-0.001,0.3278,0.3278,1.,1.,1.,1.,10.01,    2717P   4329
4.11962799370315,-5.72386855147038,10.01,4.91934663307324,          2717P   4330
-5.72386855147038,6.722,4.11962799370315,-5.72386855147038,         2717P   4331
6.722,4.91934663307324,-5.72386855147038,-0.001,                    2717P   4332
0.078971863937009,-0.001,0.3278;                                    2717P   4333
128,1,1,1,1,0,0,1,0,0,-0.0363472449847774,-0.0363472449847774,      2719P   4334
0.0363472449847774,0.0363472449847774,-0.0399859319685045,          2719P   4335
-0.0399859319685045,0.0399859319685045,0.0399859319685045,1.,1.,    2719P   4336
1.,1.,6.732,4.11962799370315,-5.00692365177483,6.732,               2719P   4337
4.11962799370315,-5.73386855147038,6.732,4.91934663307324,          2719P   4338
-5.00692365177483,6.732,4.91934663307324,-5.73386855147038,         2719P   4339
-0.0363472449847774,0.0363472449847774,-0.0399859319685045,         2719P   4340
0.0399859319685045;                                                 2719P   4341
128,1,1,1,1,0,0,1,0,0,-0.001,-0.001,0.0716944899695547,             2721P   4342
0.0716944899695547,-0.001,-0.001,0.3278,0.3278,1.,1.,1.,1.,         2721P   4343
10.01,-4.7064470488988,-5.00692365177483,10.01,-4.7064470488988,    2721P   4344
-5.73386855147038,6.722,-4.7064470488988,-5.00692365177483,         2721P   4345
6.722,-4.7064470488988,-5.73386855147038,-0.001,                    2721P   4346
0.0716944899695547,-0.001,0.3278;                                   2721P   4347
128,1,1,1,1,0,0,1,0,0,-0.001,-0.001,0.078971863937009,              2723P   4348
0.078971863937009,-0.001,-0.001,0.3278,0.3278,1.,1.,1.,1.,10.01,    2723P   4349
-3.91672840952871,-5.01692365177483,10.01,-4.7164470488988,         2723P   4350
-5.01692365177483,6.722,-3.91672840952871,-5.01692365177483,        2723P   4351
6.722,-4.7164470488988,-5.01692365177483,-0.001,                    2723P   4352
0.078971863937009,-0.001,0.3278;                                    2723P   4353
128,1,1,1,1,0,0,1,0,0,-0.001,-0.001,0.0716944899695547,             2725P   4354
0.0716944899695547,-0.001,-0.001,0.3278,0.3278,1.,1.,1.,1.,         2725P   4355
10.01,-3.92672840952871,-5.73386855147038,10.01,                    2725P   4356
-3.92672840952871,-5.00692365177483,6.722,-3.92672840952871,        2725P   4357
-5.73386855147038,6.722,-3.92672840952871,-5.00692365177483,        2725P   4358
-0.001,0.0716944899695547,-0.001,0.3278;                            2725P   4359
128,1,1,1,1,0,0,1,0,0,-0.001,-0.001,0.078971863937009,              2727P   4360
0.078971863937009,-0.001,-0.001,0.3278,0.3278,1.,1.,1.,1.,10.01,    2727P   4361
-4.7164470488988,-5.72386855147038,10.01,-3.91672840952871,         2727P   4362
-5.72386855147038,6.722,-4.7164470488988,-5.72386855147038,         2727P   4363
6.722,-3.91672840952871,-5.72386855147038,-0.001,                   2727P   4364
0.078971863937009,-0.001,0.3278;                                    2727P   4365
128,1,1,1,1,0,0,1,0,0,-0.0363472449847774,-0.0363472449847774,      2729P   4366
0.0363472449847774,0.0363472449847774,-0.0399859319685045,          2729P   4367
-0.0399859319685045,0.0399859319685045,0.0399859319685045,1.,1.,    2729P   4368
1.,1.,6.732,-4.7164470488988,-5.00692365177483,6.732,               2729P   4369
-4.7164470488988,-5.73386855147038,6.732,-3.91672840952871,         2729P   4370
-5.00692365177483,6.732,-3.91672840952871,-5.73386855147038,        2729P   4371
-0.0363472449847774,0.0363472449847774,-0.0399859319685045,         2729P   4372
0.0399859319685045;                                                 2729P   4373
128,1,1,1,1,0,0,1,0,0,-0.001,-0.001,0.445462071995785,              2731P   4374
0.445462071995785,-0.001,-0.001,0.426,0.426,1.,1.,1.,1.,10.01,      2731P   4375
-5.44447217534733,-6.20462071995785,10.01,-5.44447217534733,        2731P   4376
-1.74,5.74,-5.44447217534733,-6.20462071995785,5.74,                2731P   4377
-5.44447217534733,-1.74,-0.001,0.445462071995785,-0.001,0.426;      2731P   4378
128,1,1,1,1,0,0,1,0,0,-0.001,-0.001,1.11018439348691,               2733P   4379
1.11018439348691,-0.001,-0.001,0.426,0.426,1.,1.,1.,1.,10.01,       2733P   4380
-5.45447217534733,-1.75,10.01,5.65737175952177,-1.75,5.74,          2733P   4381
-5.45447217534733,-1.75,5.74,5.65737175952177,-1.75,-0.001,         2733P   4382
1.11018439348691,-0.001,0.426;                                      2733P   4383
128,1,1,1,1,0,0,1,0,0,-0.005,-0.005,0.441462071995785,              2735P   4384
0.441462071995785,-0.001,-0.001,0.426,0.426,1.,1.,1.,1.,10.01,      2735P   4385
5.64737175952177,-1.74,10.01,5.64737175952177,-6.20462071995785,    2735P   4386
5.74,5.64737175952177,-1.74,5.74,5.64737175952177,                  2735P   4387
-6.20462071995785,-0.005,0.441462071995785,-0.001,0.426;            2735P   4388
128,1,1,1,1,0,0,1,0,0,-0.555592196743455,-0.555592196743455,        2737P   4389
0.555592196743455,0.555592196743455,-0.225231035997893,             2737P   4390
-0.225231035997893,0.221231035997893,0.221231035997893,1.,1.,1.,    2737P   4391
1.,10.,-5.45447217534733,-6.20462071995785,10.,5.65737175952177,    2737P   4392
-6.20462071995785,10.,-5.45447217534733,-1.74,10.,                  2737P   4393
5.65737175952177,-1.74,-0.555592196743455,0.555592196743455,        2737P   4394
-0.225231035997893,0.221231035997893;                               2737P   4395
128,1,1,1,1,0,0,1,0,0,-0.221231035997893,-0.221231035997893,        2739P   4396
0.225231035997893,0.225231035997893,-0.555592196743455,             2739P   4397
-0.555592196743455,0.555592196743455,0.555592196743455,1.,1.,1.,    2739P   4398
1.,5.75,-5.45447217534733,-6.20462071995785,5.75,                   2739P   4399
-5.45447217534733,-1.74,5.75,5.65737175952177,-6.20462071995785,    2739P   4400
5.75,5.65737175952177,-1.74,-0.221231035997893,                     2739P   4401
0.225231035997893,-0.555592196743455,0.555592196743455;             2739P   4402
502,96,-10.,-5.44447217534733,-6.19462071995785,-10.,               2741P   4403
5.64737175952177,-6.19462071995785,-5.75,5.64737175952177,          2741P   4404
-6.19462071995785,-5.75,-5.44447217534733,-6.19462071995785,        2741P   4405
-10.,-2.10601885060899,-4.28226755163607,-10.,-2.10601885060899,    2741P   4406
-4.70845968066605,-6.732,-2.10601885060899,-4.28226755163607,       2741P   4407
-6.732,-2.10601885060899,-4.70845968066605,-10.,                    2741P   4408
2.30891843478343,-4.28226755163607,-6.732,2.30891843478343,         2741P   4409
-4.28226755163607,-10.,2.30891843478343,-4.70845968066605,          2741P   4410
-6.732,2.30891843478343,-4.70845968066605,-10.,4.11362080158117,    2741P   4411
-4.44075006808188,-10.,4.6247347929332,-4.44075006808188,-6.732,    2741P   4412
4.11362080158117,-4.44075006808188,-6.732,4.6247347929332,          2741P   4413
-4.44075006808188,-10.,4.11362080158117,-3.95231035997893,          2741P   4414
-6.732,4.11362080158117,-3.95231035997893,-10.,3.73417127385297,    2741P   4415
-3.95231035997893,-6.732,3.73417127385297,-3.95231035997893,        2741P   4416
-10.,3.73417127385297,-3.51202190712131,-6.732,3.73417127385297,    2741P   4417
-3.51202190712131,-10.,2.95560127947602,-3.5120219071213,-6.732,    2741P   4418
2.95560127947602,-3.5120219071213,-10.,2.95560127947602,            2741P   4419
-3.95231035997893,-6.732,2.95560127947602,-3.95231035997893,        2741P   4420
-10.,2.42567127385297,-3.95231035997893,-6.732,2.42567127385297,    2741P   4421
-3.95231035997893,-10.,2.42567127385297,-3.51202190712131,          2741P   4422
-6.732,2.42567127385297,-3.51202190712131,-10.,1.64710127947602,    2741P   4423
-3.5120219071213,-6.732,1.64710127947602,-3.5120219071213,-10.,     2741P   4424
1.64710127947602,-3.95231035997893,-6.732,1.64710127947602,         2741P   4425
-3.95231035997893,-10.,1.11717127385297,-3.95231035997893,          2741P   4426
-6.732,1.11717127385297,-3.95231035997893,-10.,1.11717127385297,    2741P   4427
-3.51202190712131,-6.732,1.11717127385297,-3.51202190712131,        2741P   4428
-10.,0.338601279476018,-3.5120219071213,-6.732,                     2741P   4429
0.338601279476018,-3.5120219071213,-10.,0.338601279476018,          2741P   4430
-3.95231035997893,-6.732,0.338601279476017,-3.95231035997893,       2741P   4431
-10.,-0.135701695301577,-3.95231035997893,-6.732,                   2741P   4432
-0.135701695301577,-3.95231035997893,-10.,-0.135701695301577,       2741P   4433
-3.5120219071213,-6.732,-0.135701695301577,-3.5120219071213,        2741P   4434
-10.,-0.914271689678534,-3.51202190712131,-6.732,                   2741P   4435
-0.914271689678534,-3.51202190712131,-10.,-0.914271689678534,       2741P   4436
-3.95231035997893,-6.732,-0.914271689678534,-3.95231035997893,      2741P   4437
-10.,-1.44420169530158,-3.95231035997893,-6.732,                    2741P   4438
-1.44420169530158,-3.95231035997893,-10.,-1.44420169530158,         2741P   4439
-3.5120219071213,-6.732,-1.44420169530158,-3.5120219071213,-10.,    2741P   4440
-2.22277168967853,-3.51202190712131,-6.732,-2.22277168967853,       2741P   4441
-3.51202190712131,-10.,-2.22277168967853,-3.95231035997893,         2741P   4442
-6.732,-2.22277168967853,-3.95231035997893,-10.,                    2741P   4443
-2.75270169530158,-3.95231035997893,-6.732,-2.75270169530158,       2741P   4444
-3.95231035997893,-10.,-2.75270169530158,-3.5120219071213,          2741P   4445
-6.732,-2.75270169530158,-3.5120219071213,-10.,                     2741P   4446
-3.53127168967853,-3.51202190712131,-6.732,-3.53127168967853,       2741P   4447
-3.51202190712131,-10.,-3.53127168967853,-3.95231035997893,         2741P   4448
-6.732,-3.53127168967853,-3.95231035997893,-10.,                    2741P   4449
-3.91072121740673,-3.95231035997893,-6.732,-3.91072121740673,       2741P   4450
-3.95231035997893,-10.,-3.91072121740673,-4.44075006808188,         2741P   4451
-6.732,-3.91072121740673,-4.44075006808188,-10.,                    2741P   4452
-4.42183520875876,-4.44075006808188,-6.732,-4.42183520875876,       2741P   4453
-4.44075006808188,-10.,-4.42183520875876,-2.34054707685448,         2741P   4454
-6.732,-4.42183520875876,-2.34054707685448,-10.,4.6247347929332,    2741P   4455
-2.34054707685448,-6.732,4.6247347929332,-2.34054707685448,-10.,    2741P   4456
4.12962799370315,-5.01692365177483,-10.,4.12962799370315,           2741P   4457
-5.72386855147038,-6.732,4.12962799370315,-5.01692365177483,        2741P   4458
-6.732,4.12962799370315,-5.72386855147038,-10.,4.90934663307324,    2741P   4459
-5.01692365177483,-6.732,4.90934663307324,-5.01692365177483,        2741P   4460
-10.,4.90934663307324,-5.72386855147038,-6.732,4.90934663307324,    2741P   4461
-5.72386855147038,-10.,-4.7064470488988,-5.01692365177483,-10.,     2741P   4462
-4.7064470488988,-5.72386855147038,-6.732,-4.7064470488988,         2741P   4463
-5.01692365177483,-6.732,-4.7064470488988,-5.72386855147038,        2741P   4464
-10.,-3.92672840952871,-5.01692365177483,-6.732,                    2741P   4465
-3.92672840952871,-5.01692365177483,-10.,-3.92672840952871,         2741P   4466
-5.72386855147038,-6.732,-3.92672840952871,-5.72386855147038,       2741P   4467
-10.,-5.44447217534733,-1.75,-5.75,-5.44447217534733,-1.75,-10.,    2741P   4468
5.64737175952177,-1.75,-5.75,5.64737175952177,-1.75;                2741P   4469
502,154,-7.,10.,-1.75,-10.,7.,-1.75,-10.,7.,0.,-7.,10.,0.,-10.,     2743P   4470
-7.,0.,-7.,-10.,0.,7.,-10.,0.,10.,-7.,0.,10.,7.,0.,7.,10.,0.,       2743P   4471
-10.,-7.,-1.75,-7.,-10.,-1.75,10.,7.,-1.75,7.,10.,-1.75,10.,-7.,    2743P   4472
-1.75,7.,-10.,-1.75,-1.55531433061425,6.47980898658514,-1.75,       2743P   4473
-1.55531433061425,3.46356810166611,-1.75,-1.55531433061425,         2743P   4474
6.47980898658514,-2.305,-1.55531433061425,3.46356810166611,         2743P   4475
-2.305,1.48670639092803,3.46356810166611,-1.75,1.48670639092803,    2743P   4476
3.46356810166611,-2.305,1.48670639092803,6.47980898658514,-1.75,    2743P   4477
1.48670639092803,6.47980898658514,-2.305,-2.14695865166293,         2743P   4478
-1.1746948707424,-1.75,-2.14695865166293,-2.77655598636872,         2743P   4479
-1.75,-2.14695865166293,-1.1746948707424,-2.305,                    2743P   4480
-2.14695865166293,-2.77655598636872,-2.305,0.810323407954883,       2743P   4481
-2.77655598636872,-1.75,0.810323407954883,-2.77655598636872,        2743P   4482
-2.305,0.810323407954883,-1.1746948707424,-1.75,                    2743P   4483
0.810323407954883,-1.1746948707424,-2.305,-4.55981507793507,        2743P   4484
5.47538530400513,-1.75,-4.55981507793507,4.68042021600528,-1.75,    2743P   4485
-4.55981507793507,5.47538530400513,-2.054,-4.55981507793507,        2743P   4486
4.68042021600528,-2.054,-2.78382924304178,4.68042021600528,         2743P   4487
-1.75,-2.78382924304178,4.68042021600528,-2.054,                    2743P   4488
-2.78382924304178,5.47538530400513,-1.75,-2.78382924304178,         2743P   4489
5.47538530400513,-2.054,1.95074345014634,9.72806840111333,-1.75,    2743P   4490
1.95074345014634,8.85155395592319,-1.75,1.95074345014634,           2743P   4491
9.72806840111333,-2.054,1.95074345014634,8.85155395592319,          2743P   4492
-2.054,3.65221266728015,8.85155395592319,-1.75,3.65221266728015,    2743P   4493
8.85155395592319,-2.054,3.65221266728015,9.72806840111333,-1.75,    2743P   4494
3.65221266728015,9.72806840111333,-2.054,2.85577683252387,          2743P   4495
-0.85432264761714,-1.75,2.85577683252387,-3.09692820949398,         2743P   4496
-1.75,2.85577683252387,-0.85432264761714,-2.054,                    2743P   4497
2.85577683252387,-3.09692820949398,-2.054,3.7676054675727,          2743P   4498
-3.09692820949398,-1.75,3.7676054675727,-3.09692820949398,          2743P   4499
-2.054,3.7676054675727,-0.85432264761714,-1.75,3.7676054675727,     2743P   4500
-0.85432264761714,-2.054,2.58469264372557,-8.64725375505335,        2743P   4501
-1.75,2.58469264372557,-9.42575825724774,-1.75,2.58469264372557,    2743P   4502
-8.64725375505335,-2.054,2.58469264372557,-9.42575825724774,        2743P   4503
-2.054,4.68879882914365,-9.42575825724774,-1.75,                    2743P   4504
4.68879882914365,-9.42575825724774,-2.054,4.68879882914365,         2743P   4505
-8.64725375505335,-1.75,4.68879882914365,-8.64725375505335,         2743P   4506
-2.054,2.58469264372557,-4.45234915348548,-1.75,                    2743P   4507
2.58469264372557,-6.9906829213241,-1.75,2.58469264372557,           2743P   4508
-4.45234915348548,-2.054,2.58469264372557,-6.9906829213241,         2743P   4509
-2.054,4.01404563920751,-6.9906829213241,-1.75,4.01404563920751,    2743P   4510
-6.9906829213241,-2.054,4.01404563920751,-4.45234915348548,         2743P   4511
-1.75,4.01404563920751,-4.45234915348548,-2.054,1.327847768388,     2743P   4512
-0.85432264761714,-1.75,1.327847768388,-3.09692820949398,-1.75,     2743P   4513
1.327847768388,-0.85432264761714,-2.054,1.327847768388,             2743P   4514
-3.09692820949398,-2.054,2.43682854074468,-3.09692820949398,        2743P   4515
-1.75,2.43682854074468,-3.09692820949398,-2.054,                    2743P   4516
2.43682854074468,-0.85432264761714,-1.75,2.43682854074468,          2743P   4517
-0.85432264761714,-2.054,1.95074345014634,8.05237902060276,         2743P   4518
-1.75,1.95074345014634,7.25320408528233,-1.75,1.95074345014634,     2743P   4519
8.05237902060276,-2.054,1.95074345014634,7.25320408528233,          2743P   4520
-2.054,3.65221266728015,7.25320408528233,-1.75,3.65221266728015,    2743P   4521
7.25320408528233,-2.054,3.65221266728015,8.05237902060276,-1.75,    2743P   4522
3.65221266728015,8.05237902060276,-2.054,-4.55981507793507,         2743P   4523
6.91308812272827,-1.75,-4.55981507793507,6.16886548715394,-1.75,    2743P   4524
-4.55981507793507,6.91308812272827,-2.054,-4.55981507793507,        2743P   4525
6.16886548715394,-2.054,-2.78382924304178,6.16886548715394,         2743P   4526
-1.75,-2.78382924304178,6.16886548715394,-2.054,                    2743P   4527
-2.78382924304178,6.91308812272827,-1.75,-2.78382924304178,         2743P   4528
6.91308812272827,-2.054,-1.63265384048397,9.72806840111333,         2743P   4529
-1.75,-1.63265384048397,8.85155395592319,-1.75,                     2743P   4530
-1.63265384048397,9.72806840111333,-2.054,-1.63265384048397,        2743P   4531
8.85155395592319,-2.054,0.125404696021516,8.85155395592319,         2743P   4532
-1.75,0.125404696021516,8.85155395592319,-2.054,                    2743P   4533
0.125404696021516,9.72806840111333,-1.75,0.125404696021516,         2743P   4534
9.72806840111333,-2.054,2.73729631183636,6.16886548715394,-1.75,    2743P   4535
2.73729631183636,4.36278155086327,-1.75,2.73729631183636,           2743P   4536
6.16886548715394,-2.054,2.73729631183636,4.36278155086327,          2743P   4537
-2.054,3.60953058563784,4.36278155086327,-1.75,3.60953058563784,    2743P   4538
4.36278155086327,-2.054,3.60953058563784,6.16886548715394,-1.75,    2743P   4539
3.60953058563784,6.16886548715394,-2.054,-3.67182216048842,         2743P   4540
3.07058262671293,-1.75,-3.67182216048842,0.453879805308505,         2743P   4541
-1.75,-3.67182216048842,3.07058262671293,-2.054,                    2743P   4542
-3.67182216048842,0.453879805308505,-2.054,-2.23766954614242,       2743P   4543
0.453879805308505,-1.75,-2.23766954614242,0.453879805308505,        2743P   4544
-2.054,-2.23766954614242,3.07058262671293,-1.75,                    2743P   4545
-2.23766954614242,3.07058262671293,-2.054,-5.36127170020896,        2743P   4546
-6.46397491512608,-1.75,-5.36127170020896,-8.72285552665484,        2743P   4547
-1.75,-5.36127170020896,-6.46397491512608,-2.054,                   2743P   4548
-5.36127170020896,-8.72285552665484,-2.054,-4.34292388353616,       2743P   4549
-8.72285552665484,-1.75,-4.34292388353616,-8.72285552665484,        2743P   4550
-2.054,-4.34292388353616,-6.46397491512608,-1.75,                   2743P   4551
-4.34292388353616,-6.46397491512608,-2.054,-1.65532712897725,       2743P   4552
1.31503269886588,-1.75,-1.65532712897725,0.46277503276271,-1.75,    2743P   4553
-1.65532712897725,1.31503269886588,-2.054,-1.65532712897725,        2743P   4554
0.46277503276271,-2.054,0.225517375526302,0.46277503276271,         2743P   4555
-1.75,0.225517375526302,0.46277503276271,-2.054,                    2743P   4556
0.225517375526302,1.31503269886588,-1.75,0.225517375526302,         2743P   4557
1.31503269886588,-2.054,4.20453979962071,6.16886548715394,-1.75,    2743P   4558
4.20453979962071,4.56972291071232,-1.75,4.20453979962071,           2743P   4559
6.16886548715394,-2.054,4.20453979962071,4.56972291071232,          2743P   4560
-2.054,5.0250074664456,4.56972291071232,-1.75,5.0250074664456,      2743P   4561
4.56972291071232,-2.054,5.0250074664456,6.16886548715394,-1.75,     2743P   4562
5.0250074664456,6.16886548715394,-2.054,-4.55981507793507,          2743P   4563
8.38461924306842,-1.75,-4.55981507793507,7.58965415506857,-1.75,    2743P   4564
-4.55981507793507,8.38461924306842,-2.054,-4.55981507793507,        2743P   4565
7.58965415506857,-2.054,-2.78382924304178,7.58965415506857,         2743P   4566
-1.75,-2.78382924304178,7.58965415506857,-2.054,                    2743P   4567
-2.78382924304178,8.38461924306842,-1.75,-2.78382924304178,         2743P   4568
8.38461924306842,-2.054,-3.1517908365969,-7.26108775013462,         2743P   4569
-3.495,-3.1517908365969,-7.26108775013462,-1.75;                    2743P   4570
502,16,-7.25,-7.5,1.145,-7.49999999999999,-7.25,1.145,              2745P   4571
-7.49999999999999,-7.25,0.,-7.25,-7.5,0.,7.25,-7.5,0.,7.25,-7.5,    2745P   4572
1.145,-7.5,7.25,0.,-7.25,7.5,0.,7.25,7.5,0.,7.5,7.25,0.,7.5,        2745P   4573
-7.25,0.,7.5,-7.25,1.145,7.5,7.25,1.145,7.25,7.5,1.145,-7.25,       2745P   4574
7.5,1.145,-7.5,7.25,1.145;                                          2745P   4575
502,8,7.96382042638268,7.93422379337064,1.145,7.96382042638268,     2747P   4576
-7.93422379337064,1.145,7.96382042638268,7.93422379337064,2.119,    2747P   4577
7.96382042638268,-7.93422379337064,2.119,-7.96382042638268,         2747P   4578
-7.93422379337064,1.145,-7.96382042638268,-7.93422379337064,        2747P   4579
2.119,-7.96382042638269,7.93422379337064,1.145,                     2747P   4580
-7.96382042638269,7.93422379337064,2.119;                           2747P   4581
502,28,7.41473544544083,-5.98951609934328,5.705,                    2749P   4582
7.06118205484755,-5.63596270875001,6.205,5.60407527366101,          2749P   4583
-7.09306948993656,6.205,5.95762866425428,-7.44662288052983,         2749P   4584
5.705,5.604075273661,-7.59306948993656,5.705,-5.81118205484755,     2749P   4585
-7.09306948993656,6.205,-5.81118205484755,-7.59306948993656,        2749P   4586
5.705,7.56118205484755,5.84306948993656,5.705,7.06118205484755,     2749P   4587
5.84306948993656,6.205,7.56118205484755,-5.63596270875001,5.705,    2749P   4588
5.81118205484755,7.59306948993656,5.705,5.81118205484755,           2749P   4589
7.09306948993656,6.205,-5.81118205484755,7.59306948993656,5.705,    2749P   4590
-5.81118205484755,7.09306948993656,6.205,-7.56118205484755,         2749P   4591
5.84306948993656,5.705,-7.06118205484755,5.84306948993656,6.205,    2749P   4592
-7.56118205484755,-5.84306948993656,5.705,-7.06118205484755,        2749P   4593
-5.84306948993656,6.205,-7.56118205484755,5.84306948993656,         2749P   4594
2.119,-7.56118205484755,-5.84306948993656,2.119,                    2749P   4595
-5.81118205484755,7.59306948993656,2.119,5.81118205484755,          2749P   4596
7.59306948993656,2.119,7.56118205484755,5.84306948993656,2.119,     2749P   4597
7.56118205484755,-5.63596270875001,2.119,7.41473544544083,          2749P   4598
-5.98951609934329,2.119,5.95762866425428,-7.44662288052983,         2749P   4599
2.119,5.604075273661,-7.59306948993656,2.119,-5.81118205484755,     2749P   4600
-7.59306948993656,2.119;                                            2749P   4601
502,96,10.,5.64737175952177,-6.19462071995785,10.,                  2751P   4602
-5.44447217534733,-6.19462071995785,5.75,-5.44447217534733,         2751P   4603
-6.19462071995785,5.75,5.64737175952177,-6.19462071995785,10.,      2751P   4604
-2.10601885060899,-4.28226755163607,10.,-2.10601885060899,          2751P   4605
-4.70845968066605,6.732,-2.10601885060899,-4.70845968066605,        2751P   4606
6.732,-2.10601885060899,-4.28226755163607,10.,2.30891843478343,     2751P   4607
-4.28226755163607,6.732,2.30891843478343,-4.28226755163607,10.,     2751P   4608
2.30891843478343,-4.70845968066605,6.732,2.30891843478343,          2751P   4609
-4.70845968066605,10.,4.11362080158117,-4.44075006808188,10.,       2751P   4610
4.6247347929332,-4.44075006808188,6.732,4.6247347929332,            2751P   4611
-4.44075006808188,6.732,4.11362080158117,-4.44075006808188,10.,     2751P   4612
4.11362080158117,-3.95231035997893,6.732,4.11362080158117,          2751P   4613
-3.95231035997893,10.,3.73417127385297,-3.95231035997893,6.732,     2751P   4614
3.73417127385297,-3.95231035997893,10.,3.73417127385297,            2751P   4615
-3.51202190712131,6.732,3.73417127385297,-3.51202190712131,10.,     2751P   4616
2.95560127947602,-3.5120219071213,6.732,2.95560127947602,           2751P   4617
-3.5120219071213,10.,2.95560127947602,-3.95231035997893,6.732,      2751P   4618
2.95560127947602,-3.95231035997893,10.,2.42567127385297,            2751P   4619
-3.95231035997893,6.732,2.42567127385297,-3.95231035997893,10.,     2751P   4620
2.42567127385297,-3.51202190712131,6.732,2.42567127385297,          2751P   4621
-3.51202190712131,10.,1.64710127947602,-3.5120219071213,6.732,      2751P   4622
1.64710127947602,-3.5120219071213,10.,1.64710127947602,             2751P   4623
-3.95231035997893,6.732,1.64710127947602,-3.95231035997893,10.,     2751P   4624
1.11717127385297,-3.95231035997893,6.732,1.11717127385297,          2751P   4625
-3.95231035997893,10.,1.11717127385297,-3.51202190712131,6.732,     2751P   4626
1.11717127385297,-3.51202190712131,10.,0.338601279476018,           2751P   4627
-3.5120219071213,6.732,0.338601279476018,-3.5120219071213,10.,      2751P   4628
0.338601279476018,-3.95231035997893,6.732,0.338601279476017,        2751P   4629
-3.95231035997893,10.,-0.135701695301577,-3.95231035997893,         2751P   4630
6.732,-0.135701695301577,-3.95231035997893,10.,                     2751P   4631
-0.135701695301577,-3.5120219071213,6.732,-0.135701695301577,       2751P   4632
-3.5120219071213,10.,-0.914271689678534,-3.51202190712131,6.732,    2751P   4633
-0.914271689678534,-3.51202190712131,10.,-0.914271689678534,        2751P   4634
-3.95231035997893,6.732,-0.914271689678534,-3.95231035997893,       2751P   4635
10.,-1.44420169530158,-3.95231035997893,6.732,-1.44420169530158,    2751P   4636
-3.95231035997893,10.,-1.44420169530158,-3.5120219071213,6.732,     2751P   4637
-1.44420169530158,-3.5120219071213,10.,-2.22277168967853,           2751P   4638
-3.51202190712131,6.732,-2.22277168967853,-3.51202190712131,10.,    2751P   4639
-2.22277168967853,-3.95231035997893,6.732,-2.22277168967853,        2751P   4640
-3.95231035997893,10.,-2.75270169530158,-3.95231035997893,6.732,    2751P   4641
-2.75270169530158,-3.95231035997893,10.,-2.75270169530158,          2751P   4642
-3.5120219071213,6.732,-2.75270169530158,-3.5120219071213,10.,      2751P   4643
-3.53127168967853,-3.51202190712131,6.732,-3.53127168967853,        2751P   4644
-3.51202190712131,10.,-3.53127168967853,-3.95231035997893,6.732,    2751P   4645
-3.53127168967853,-3.95231035997893,10.,-3.91072121740673,          2751P   4646
-3.95231035997893,6.732,-3.91072121740673,-3.95231035997893,10.,    2751P   4647
-3.91072121740673,-4.44075006808188,6.732,-3.91072121740673,        2751P   4648
-4.44075006808188,10.,-4.42183520875876,-4.44075006808188,6.732,    2751P   4649
-4.42183520875876,-4.44075006808188,10.,-4.42183520875876,          2751P   4650
-2.34054707685448,6.732,-4.42183520875876,-2.34054707685448,10.,    2751P   4651
4.6247347929332,-2.34054707685448,6.732,4.6247347929332,            2751P   4652
-2.34054707685448,10.,4.12962799370315,-5.01692365177483,10.,       2751P   4653
4.12962799370315,-5.72386855147038,6.732,4.12962799370315,          2751P   4654
-5.72386855147038,6.732,4.12962799370315,-5.01692365177483,10.,     2751P   4655
4.90934663307324,-5.01692365177483,6.732,4.90934663307324,          2751P   4656
-5.01692365177483,10.,4.90934663307324,-5.72386855147038,6.732,     2751P   4657
4.90934663307324,-5.72386855147038,10.,-4.7064470488988,            2751P   4658
-5.01692365177483,10.,-4.7064470488988,-5.72386855147038,6.732,     2751P   4659
-4.7064470488988,-5.72386855147038,6.732,-4.7064470488988,          2751P   4660
-5.01692365177483,10.,-3.92672840952871,-5.01692365177483,6.732,    2751P   4661
-3.92672840952871,-5.01692365177483,10.,-3.92672840952871,          2751P   4662
-5.72386855147038,6.732,-3.92672840952871,-5.72386855147038,10.,    2751P   4663
-5.44447217534733,-1.75,5.75,-5.44447217534733,-1.75,10.,           2751P   4664
5.64737175952177,-1.75,5.75,5.64737175952177,-1.75;                 2751P   4665
504,144,1049,2741,1,2741,2,1051,2741,2,2741,3,1053,2741,3,2741,     2753P   4666
4,1055,2741,4,2741,1,1057,2741,5,2741,6,1059,2741,5,2741,7,1061,    2753P   4667
2741,7,2741,8,1063,2741,6,2741,8,1065,2741,9,2741,5,1067,2741,9,    2753P   4668
2741,10,1069,2741,10,2741,7,1071,2741,11,2741,9,1073,2741,11,       2753P   4669
2741,12,1075,2741,12,2741,10,1077,2741,6,2741,11,1079,2741,8,       2753P   4670
2741,12,1081,2741,13,2741,14,1083,2741,13,2741,15,1085,2741,15,     2753P   4671
2741,16,1087,2741,14,2741,16,1089,2741,17,2741,13,1091,2741,17,     2753P   4672
2741,18,1093,2741,18,2741,15,1095,2741,19,2741,17,1097,2741,19,     2753P   4673
2741,20,1099,2741,20,2741,18,1101,2741,21,2741,19,1103,2741,21,     2753P   4674
2741,22,1105,2741,22,2741,20,1107,2741,23,2741,21,1109,2741,23,     2753P   4675
2741,24,1111,2741,24,2741,22,1113,2741,25,2741,23,1115,2741,25,     2753P   4676
2741,26,1117,2741,26,2741,24,1119,2741,27,2741,25,1121,2741,27,     2753P   4677
2741,28,1123,2741,28,2741,26,1125,2741,29,2741,27,1127,2741,29,     2753P   4678
2741,30,1129,2741,30,2741,28,1131,2741,31,2741,29,1133,2741,31,     2753P   4679
2741,32,1135,2741,32,2741,30,1137,2741,33,2741,31,1139,2741,33,     2753P   4680
2741,34,1141,2741,34,2741,32,1143,2741,35,2741,33,1145,2741,35,     2753P   4681
2741,36,1147,2741,36,2741,34,1149,2741,37,2741,35,1151,2741,37,     2753P   4682
2741,38,1153,2741,38,2741,36,1155,2741,39,2741,37,1157,2741,39,     2753P   4683
2741,40,1159,2741,40,2741,38,1161,2741,41,2741,39,1163,2741,41,     2753P   4684
2741,42,1165,2741,42,2741,40,1167,2741,43,2741,41,1169,2741,43,     2753P   4685
2741,44,1171,2741,44,2741,42,1173,2741,45,2741,43,1175,2741,45,     2753P   4686
2741,46,1177,2741,46,2741,44,1179,2741,47,2741,45,1181,2741,47,     2753P   4687
2741,48,1183,2741,48,2741,46,1185,2741,49,2741,47,1187,2741,49,     2753P   4688
2741,50,1189,2741,50,2741,48,1191,2741,51,2741,49,1193,2741,51,     2753P   4689
2741,52,1195,2741,52,2741,50,1197,2741,53,2741,51,1199,2741,53,     2753P   4690
2741,54,1201,2741,54,2741,52,1203,2741,55,2741,53,1205,2741,55,     2753P   4691
2741,56,1207,2741,56,2741,54,1209,2741,57,2741,55,1211,2741,57,     2753P   4692
2741,58,1213,2741,58,2741,56,1215,2741,59,2741,57,1217,2741,59,     2753P   4693
2741,60,1219,2741,60,2741,58,1221,2741,61,2741,59,1223,2741,61,     2753P   4694
2741,62,1225,2741,62,2741,60,1227,2741,63,2741,61,1229,2741,63,     2753P   4695
2741,64,1231,2741,64,2741,62,1233,2741,65,2741,63,1235,2741,65,     2753P   4696
2741,66,1237,2741,66,2741,64,1239,2741,67,2741,65,1241,2741,67,     2753P   4697
2741,68,1243,2741,68,2741,66,1245,2741,69,2741,67,1247,2741,69,     2753P   4698
2741,70,1249,2741,70,2741,68,1251,2741,71,2741,69,1253,2741,71,     2753P   4699
2741,72,1255,2741,72,2741,70,1257,2741,73,2741,71,1259,2741,73,     2753P   4700
2741,74,1261,2741,74,2741,72,1263,2741,75,2741,73,1265,2741,75,     2753P   4701
2741,76,1267,2741,76,2741,74,1269,2741,14,2741,75,1271,2741,16,     2753P   4702
2741,76,1273,2741,77,2741,78,1275,2741,77,2741,79,1277,2741,79,     2753P   4703
2741,80,1279,2741,78,2741,80,1281,2741,81,2741,77,1283,2741,81,     2753P   4704
2741,82,1285,2741,82,2741,79,1287,2741,83,2741,81,1289,2741,83,     2753P   4705
2741,84,1291,2741,84,2741,82,1293,2741,78,2741,83,1295,2741,80,     2753P   4706
2741,84,1297,2741,85,2741,86,1299,2741,85,2741,87,1301,2741,87,     2753P   4707
2741,88,1303,2741,86,2741,88,1305,2741,89,2741,85,1307,2741,89,     2753P   4708
2741,90,1309,2741,90,2741,87,1311,2741,91,2741,89,1313,2741,91,     2753P   4709
2741,92,1315,2741,92,2741,90,1317,2741,86,2741,91,1319,2741,88,     2753P   4710
2741,92,1321,2741,93,2741,1,1323,2741,94,2741,4,1325,2741,93,       2753P   4711
2741,94,1327,2741,95,2741,93,1329,2741,96,2741,94,1331,2741,95,     2753P   4712
2741,96,1333,2741,95,2741,2,1335,2741,96,2741,3;                    2753P   4713
504,231,1337,2743,1,2743,2,1339,2743,2,2743,3,1341,2743,3,2743,     2755P   4714
4,1343,2743,4,2743,1,1345,2743,5,2743,3,1347,2743,6,2743,5,1349,    2755P   4715
2743,7,2743,6,1351,2743,8,2743,7,1353,2743,9,2743,8,1355,2743,      2755P   4716
10,2743,9,1357,2743,4,2743,10,1359,2743,11,2743,2,1361,2743,5,      2755P   4717
2743,11,1363,2743,11,2743,12,1365,2743,12,2743,6,1367,2743,13,      2755P   4718
2743,14,1369,2743,14,2743,10,1371,2743,9,2743,13,1373,2743,15,      2755P   4719
2743,8,1375,2743,13,2743,15,1377,2743,16,2743,15,1379,2743,7,       2755P   4720
2743,16,1381,2743,17,2743,18,1383,2743,17,2743,19,1385,2743,20,     2755P   4721
2743,19,1387,2743,18,2743,20,1389,2743,18,2743,21,1391,2743,22,     2755P   4722
2743,20,1393,2743,21,2743,22,1395,2743,21,2743,23,1397,2743,24,     2755P   4723
2743,22,1399,2743,23,2743,24,1401,2743,23,2743,17,1403,2743,19,     2755P   4724
2743,24,1405,2743,25,2743,26,1407,2743,25,2743,27,1409,2743,28,     2755P   4725
2743,27,1411,2743,26,2743,28,1413,2743,26,2743,29,1415,2743,30,     2755P   4726
2743,28,1417,2743,29,2743,30,1419,2743,29,2743,31,1421,2743,32,     2755P   4727
2743,30,1423,2743,31,2743,32,1425,2743,31,2743,25,1427,2743,27,     2755P   4728
2743,32,1429,2743,33,2743,34,1431,2743,33,2743,35,1433,2743,36,     2755P   4729
2743,35,1435,2743,34,2743,36,1437,2743,34,2743,37,1439,2743,38,     2755P   4730
2743,36,1441,2743,37,2743,38,1443,2743,37,2743,39,1445,2743,40,     2755P   4731
2743,38,1447,2743,39,2743,40,1449,2743,39,2743,33,1451,2743,35,     2755P   4732
2743,40,1453,2743,41,2743,42,1455,2743,41,2743,43,1457,2743,44,     2755P   4733
2743,43,1459,2743,42,2743,44,1461,2743,42,2743,45,1463,2743,46,     2755P   4734
2743,44,1465,2743,45,2743,46,1467,2743,45,2743,47,1469,2743,48,     2755P   4735
2743,46,1471,2743,47,2743,48,1473,2743,47,2743,41,1475,2743,43,     2755P   4736
2743,48,1477,2743,49,2743,50,1479,2743,49,2743,51,1481,2743,52,     2755P   4737
2743,51,1483,2743,50,2743,52,1485,2743,50,2743,53,1487,2743,54,     2755P   4738
2743,52,1489,2743,53,2743,54,1491,2743,53,2743,55,1493,2743,56,     2755P   4739
2743,54,1495,2743,55,2743,56,1497,2743,55,2743,49,1499,2743,51,     2755P   4740
2743,56,1501,2743,57,2743,58,1503,2743,57,2743,59,1505,2743,60,     2755P   4741
2743,59,1507,2743,58,2743,60,1509,2743,58,2743,61,1511,2743,62,     2755P   4742
2743,60,1513,2743,61,2743,62,1515,2743,61,2743,63,1517,2743,64,     2755P   4743
2743,62,1519,2743,63,2743,64,1521,2743,63,2743,57,1523,2743,59,     2755P   4744
2743,64,1525,2743,65,2743,66,1527,2743,65,2743,67,1529,2743,68,     2755P   4745
2743,67,1531,2743,66,2743,68,1533,2743,66,2743,69,1535,2743,70,     2755P   4746
2743,68,1537,2743,69,2743,70,1539,2743,69,2743,71,1541,2743,72,     2755P   4747
2743,70,1543,2743,71,2743,72,1545,2743,71,2743,65,1547,2743,67,     2755P   4748
2743,72,1549,2743,73,2743,74,1551,2743,73,2743,75,1553,2743,76,     2755P   4749
2743,75,1555,2743,74,2743,76,1557,2743,74,2743,77,1559,2743,78,     2755P   4750
2743,76,1561,2743,77,2743,78,1563,2743,77,2743,79,1565,2743,80,     2755P   4751
2743,78,1567,2743,79,2743,80,1569,2743,79,2743,73,1571,2743,75,     2755P   4752
2743,80,1573,2743,81,2743,82,1575,2743,81,2743,83,1577,2743,84,     2755P   4753
2743,83,1579,2743,82,2743,84,1581,2743,82,2743,85,1583,2743,86,     2755P   4754
2743,84,1585,2743,85,2743,86,1587,2743,85,2743,87,1589,2743,88,     2755P   4755
2743,86,1591,2743,87,2743,88,1593,2743,87,2743,81,1595,2743,83,     2755P   4756
2743,88,1597,2743,89,2743,90,1599,2743,89,2743,91,1601,2743,92,     2755P   4757
2743,91,1603,2743,90,2743,92,1605,2743,90,2743,93,1607,2743,94,     2755P   4758
2743,92,1609,2743,93,2743,94,1611,2743,93,2743,95,1613,2743,96,     2755P   4759
2743,94,1615,2743,95,2743,96,1617,2743,95,2743,89,1619,2743,91,     2755P   4760
2743,96,1621,2743,97,2743,98,1623,2743,97,2743,99,1625,2743,100,    2755P   4761
2743,99,1627,2743,98,2743,100,1629,2743,98,2743,101,1631,2743,      2755P   4762
102,2743,100,1633,2743,101,2743,102,1635,2743,101,2743,103,1637,    2755P   4763
2743,104,2743,102,1639,2743,103,2743,104,1641,2743,103,2743,97,     2755P   4764
1643,2743,99,2743,104,1645,2743,105,2743,106,1647,2743,105,2743,    2755P   4765
107,1649,2743,108,2743,107,1651,2743,106,2743,108,1653,2743,106,    2755P   4766
2743,109,1655,2743,110,2743,108,1657,2743,109,2743,110,1659,        2755P   4767
2743,109,2743,111,1661,2743,112,2743,110,1663,2743,111,2743,112,    2755P   4768
1665,2743,111,2743,105,1667,2743,107,2743,112,1669,2743,113,        2755P   4769
2743,114,1671,2743,113,2743,115,1673,2743,116,2743,115,1675,        2755P   4770
2743,114,2743,116,1677,2743,114,2743,117,1679,2743,118,2743,116,    2755P   4771
1681,2743,117,2743,118,1683,2743,117,2743,119,1685,2743,120,        2755P   4772
2743,118,1687,2743,119,2743,120,1689,2743,119,2743,113,1691,        2755P   4773
2743,115,2743,120,1693,2743,121,2743,122,1695,2743,121,2743,123,    2755P   4774
1697,2743,124,2743,123,1699,2743,122,2743,124,1701,2743,122,        2755P   4775
2743,125,1703,2743,126,2743,124,1705,2743,125,2743,126,1707,        2755P   4776
2743,125,2743,127,1709,2743,128,2743,126,1711,2743,127,2743,128,    2755P   4777
1713,2743,127,2743,121,1715,2743,123,2743,128,1717,2743,129,        2755P   4778
2743,130,1719,2743,129,2743,131,1721,2743,132,2743,131,1723,        2755P   4779
2743,130,2743,132,1725,2743,130,2743,133,1727,2743,134,2743,132,    2755P   4780
1729,2743,133,2743,134,1731,2743,133,2743,135,1733,2743,136,        2755P   4781
2743,134,1735,2743,135,2743,136,1737,2743,135,2743,129,1739,        2755P   4782
2743,131,2743,136,1741,2743,137,2743,138,1743,2743,137,2743,139,    2755P   4783
1745,2743,140,2743,139,1747,2743,138,2743,140,1749,2743,138,        2755P   4784
2743,141,1751,2743,142,2743,140,1753,2743,141,2743,142,1755,        2755P   4785
2743,141,2743,143,1757,2743,144,2743,142,1759,2743,143,2743,144,    2755P   4786
1761,2743,143,2743,137,1763,2743,139,2743,144,1765,2743,145,        2755P   4787
2743,146,1767,2743,145,2743,147,1769,2743,148,2743,147,1771,        2755P   4788
2743,146,2743,148,1773,2743,146,2743,149,1775,2743,150,2743,148,    2755P   4789
1777,2743,149,2743,150,1779,2743,149,2743,151,1781,2743,152,        2755P   4790
2743,150,1783,2743,151,2743,152,1785,2743,151,2743,145,1787,        2755P   4791
2743,147,2743,152,1789,2743,153,2743,153,1791,2743,153,2743,154,    2755P   4792
1793,2743,154,2743,154,1795,2743,16,2743,12,1797,2743,1,2743,14;    2755P   4793
504,24,1799,2745,1,2745,2,1801,2745,2,2745,3,1803,2745,3,2745,4,    2757P   4794
1805,2745,4,2745,1,1807,2745,5,2745,4,1809,2745,6,2745,5,1811,      2757P   4795
2745,1,2745,6,1813,2745,3,2745,7,1815,2745,8,2745,7,1817,2745,8,    2757P   4796
2745,9,1819,2745,10,2745,9,1821,2745,10,2745,11,1823,2745,5,        2757P   4797
2745,11,1825,2745,12,2745,6,1827,2745,11,2745,12,1829,2745,13,      2757P   4798
2745,10,1831,2745,12,2745,13,1833,2745,14,2745,13,1835,2745,9,      2757P   4799
2745,14,1837,2745,15,2745,8,1839,2745,14,2745,15,1841,2745,16,      2757P   4800
2745,15,1843,2745,7,2745,16,1845,2745,16,2745,2;                    2757P   4801
504,12,1847,2747,1,2747,2,1849,2747,1,2747,3,1851,2747,4,2747,3,    2759P   4802
1853,2747,2,2747,4,1855,2747,2,2747,5,1857,2747,6,2747,4,1859,      2759P   4803
2747,5,2747,6,1861,2747,5,2747,7,1863,2747,8,2747,6,1865,2747,7,    2759P   4804
2747,8,1867,2747,7,2747,1,1869,2747,3,2747,8;                       2759P   4805
504,48,1871,2749,1,2749,2,1873,2749,2,2749,3,1875,2749,3,2749,4,    2761P   4806
1877,2749,4,2749,1,1879,2749,5,2749,3,1881,2749,3,2749,6,1883,      2761P   4807
2749,6,2749,7,1885,2749,7,2749,5,1887,2749,8,2749,9,1889,2749,9,    2761P   4808
2749,2,1891,2749,2,2749,10,1893,2749,10,2749,8,1895,2749,8,2749,    2761P   4809
11,1897,2749,11,2749,12,1899,2749,12,2749,9,1901,2749,13,2749,      2761P   4810
14,1903,2749,14,2749,12,1905,2749,11,2749,13,1907,2749,13,2749,     2761P   4811
15,1909,2749,15,2749,16,1911,2749,16,2749,14,1913,2749,17,2749,     2761P   4812
18,1915,2749,18,2749,16,1917,2749,15,2749,17,1919,2749,17,2749,     2761P   4813
7,1921,2749,6,2749,18,1923,2749,5,2749,4,1925,2749,1,2749,10,       2761P   4814
1927,2749,19,2749,15,1929,2749,19,2749,20,1931,2749,17,2749,20,     2761P   4815
1933,2749,13,2749,21,1935,2749,21,2749,19,1937,2749,22,2749,11,     2761P   4816
1939,2749,22,2749,21,1941,2749,8,2749,23,1943,2749,23,2749,22,      2761P   4817
1945,2749,24,2749,10,1947,2749,24,2749,23,1949,2749,1,2749,25,      2761P   4818
1951,2749,25,2749,24,1953,2749,26,2749,4,1955,2749,25,2749,26,      2761P   4819
1957,2749,5,2749,27,1959,2749,27,2749,26,1961,2749,28,2749,27,      2761P   4820
1963,2749,20,2749,28,1965,2749,28,2749,7;                           2761P   4821
504,144,1967,2751,1,2751,2,1969,2751,2,2751,3,1971,2751,3,2751,     2763P   4822
4,1973,2751,4,2751,1,1975,2751,5,2751,6,1977,2751,6,2751,7,1979,    2763P   4823
2751,8,2751,7,1981,2751,5,2751,8,1983,2751,9,2751,5,1985,2751,      2763P   4824
10,2751,8,1987,2751,9,2751,10,1989,2751,11,2751,9,1991,2751,12,     2763P   4825
2751,10,1993,2751,11,2751,12,1995,2751,6,2751,11,1997,2751,7,       2763P   4826
2751,12,1999,2751,13,2751,14,2001,2751,14,2751,15,2003,2751,16,     2763P   4827
2751,15,2005,2751,13,2751,16,2007,2751,17,2751,13,2009,2751,18,     2763P   4828
2751,16,2011,2751,17,2751,18,2013,2751,19,2751,17,2015,2751,20,     2763P   4829
2751,18,2017,2751,19,2751,20,2019,2751,21,2751,19,2021,2751,22,     2763P   4830
2751,20,2023,2751,21,2751,22,2025,2751,23,2751,21,2027,2751,24,     2763P   4831
2751,22,2029,2751,23,2751,24,2031,2751,25,2751,23,2033,2751,26,     2763P   4832
2751,24,2035,2751,25,2751,26,2037,2751,27,2751,25,2039,2751,28,     2763P   4833
2751,26,2041,2751,27,2751,28,2043,2751,29,2751,27,2045,2751,30,     2763P   4834
2751,28,2047,2751,29,2751,30,2049,2751,31,2751,29,2051,2751,32,     2763P   4835
2751,30,2053,2751,31,2751,32,2055,2751,33,2751,31,2057,2751,34,     2763P   4836
2751,32,2059,2751,33,2751,34,2061,2751,35,2751,33,2063,2751,36,     2763P   4837
2751,34,2065,2751,35,2751,36,2067,2751,37,2751,35,2069,2751,38,     2763P   4838
2751,36,2071,2751,37,2751,38,2073,2751,39,2751,37,2075,2751,40,     2763P   4839
2751,38,2077,2751,39,2751,40,2079,2751,41,2751,39,2081,2751,42,     2763P   4840
2751,40,2083,2751,41,2751,42,2085,2751,43,2751,41,2087,2751,44,     2763P   4841
2751,42,2089,2751,43,2751,44,2091,2751,45,2751,43,2093,2751,46,     2763P   4842
2751,44,2095,2751,45,2751,46,2097,2751,47,2751,45,2099,2751,48,     2763P   4843
2751,46,2101,2751,47,2751,48,2103,2751,49,2751,47,2105,2751,50,     2763P   4844
2751,48,2107,2751,49,2751,50,2109,2751,51,2751,49,2111,2751,52,     2763P   4845
2751,50,2113,2751,51,2751,52,2115,2751,53,2751,51,2117,2751,54,     2763P   4846
2751,52,2119,2751,53,2751,54,2121,2751,55,2751,53,2123,2751,56,     2763P   4847
2751,54,2125,2751,55,2751,56,2127,2751,57,2751,55,2129,2751,58,     2763P   4848
2751,56,2131,2751,57,2751,58,2133,2751,59,2751,57,2135,2751,60,     2763P   4849
2751,58,2137,2751,59,2751,60,2139,2751,61,2751,59,2141,2751,62,     2763P   4850
2751,60,2143,2751,61,2751,62,2145,2751,63,2751,61,2147,2751,64,     2763P   4851
2751,62,2149,2751,63,2751,64,2151,2751,65,2751,63,2153,2751,66,     2763P   4852
2751,64,2155,2751,65,2751,66,2157,2751,67,2751,65,2159,2751,68,     2763P   4853
2751,66,2161,2751,67,2751,68,2163,2751,69,2751,67,2165,2751,70,     2763P   4854
2751,68,2167,2751,69,2751,70,2169,2751,71,2751,69,2171,2751,72,     2763P   4855
2751,70,2173,2751,71,2751,72,2175,2751,73,2751,71,2177,2751,74,     2763P   4856
2751,72,2179,2751,73,2751,74,2181,2751,75,2751,73,2183,2751,76,     2763P   4857
2751,74,2185,2751,75,2751,76,2187,2751,14,2751,75,2189,2751,15,     2763P   4858
2751,76,2191,2751,77,2751,78,2193,2751,78,2751,79,2195,2751,80,     2763P   4859
2751,79,2197,2751,77,2751,80,2199,2751,81,2751,77,2201,2751,82,     2763P   4860
2751,80,2203,2751,81,2751,82,2205,2751,83,2751,81,2207,2751,84,     2763P   4861
2751,82,2209,2751,83,2751,84,2211,2751,78,2751,83,2213,2751,79,     2763P   4862
2751,84,2215,2751,85,2751,86,2217,2751,86,2751,87,2219,2751,88,     2763P   4863
2751,87,2221,2751,85,2751,88,2223,2751,89,2751,85,2225,2751,90,     2763P   4864
2751,88,2227,2751,89,2751,90,2229,2751,91,2751,89,2231,2751,92,     2763P   4865
2751,90,2233,2751,91,2751,92,2235,2751,86,2751,91,2237,2751,87,     2763P   4866
2751,92,2239,2751,93,2751,2,2241,2751,93,2751,94,2243,2751,94,      2763P   4867
2751,3,2245,2751,95,2751,93,2247,2751,95,2751,96,2249,2751,96,      2763P   4868
2751,94,2251,2751,1,2751,95,2253,2751,96,2751,4;                    2763P   4869
406,1,5HBody2;                                                      2765P   4870
406,1,5HBody1;                                                      2767P   4871
406,1,5HBody5;                                                      2769P   4872
406,1,5HBody6;                                                      2771P   4873
406,1,5HBody7;                                                      2773P   4874
406,1,5HBody4;                                                      2775P   4875
314,83.921568627451,77.6470588235294,69.8039215686274,13HSteel -    2777P   4876
 Satin;                                                             2777P   4877
314,18.8235294117647,23.1372549019608,58.8235294117647,28HPaint     2779P   4878
- Enamel Glossy (Blue);                                             2779P   4879
314,70.1960784313725,70.1960784313725,70.1960784313725,28HPaint     2781P   4880
- Enamel Glossy (Grey);                                             2781P   4881
314,26.6666666666667,58.8235294117647,28.2352941176471,29HPaint     2783P   4882
- Enamel Glossy (Green);                                            2783P   4883
314,62.7450980392157,62.7450980392157,62.7450980392157,13HSteel     2785P   4884
- Satin;                                                            2785P   4885
S      1G      3D   2786P   4885                                        T      1
