ISO-10303-21;
HEADER;
FILE_DESCRIPTION (( 'STEP AP214' ),
    '1' );
FILE_NAME ('RS2205.STEP',
    '2022-06-12T06:31:21',
    ( '' ),
    ( '' ),
    'SwSTEP 2.0',
    'SolidWorks 2020',
    '' );
FILE_SCHEMA (( 'AUTOMOTIVE_DESIGN' ));
ENDSEC;

DATA;
#1 = CIRCLE ( 'NONE', #2375, 13.94999999999999929 ) ;
#2 = AXIS2_PLACEMENT_3D ( 'NONE', #2054, #5424, #1669 ) ;
#3 = EDGE_LOOP ( 'NONE', ( #2305, #2401, #5322, #1851 ) ) ;
#4 = LINE ( 'NONE', #1687, #1183 ) ;
#5 = EDGE_LOOP ( 'NONE', ( #3393, #1328, #5330, #4455, #1113, #31 ) ) ;
#6 = EDGE_CURVE ( 'NONE', #391, #1909, #3237, .T. ) ;
#7 = EDGE_CURVE ( 'NONE', #4802, #766, #2825, .T. ) ;
#8 = CARTESIAN_POINT ( 'NONE',  ( -0.9001208017744832812, 16.48297455179786297, -1.559054961623038693 ) ) ;
#9 = AXIS2_PLACEMENT_3D ( 'NONE', #4461, #4795, #4904 ) ;
#10 = EDGE_CURVE ( 'NONE', #3066, #2545, #1351, .T. ) ;
#11 = CARTESIAN_POINT ( 'NONE',  ( 4.674855165198288809, 13.14337206292277216, 2.500000000000006661 ) ) ;
#12 = CARTESIAN_POINT ( 'NONE',  ( -1.800241603548965674, 19.03297455179784592, 1.039369974415360165 ) ) ;
#13 = AXIS2_PLACEMENT_3D ( 'NONE', #5279, #3583, #1449 ) ;
#14 = ORIENTED_EDGE ( 'NONE', *, *, #3486, .F. ) ;
#15 = DIRECTION ( 'NONE',  ( 3.304235192336768412E-15, -1.000000000000000000, 0.000000000000000000 ) ) ;
#16 = CARTESIAN_POINT ( 'NONE',  ( 8.090586884989688699, -2.767075332439445035, 0.000000000000000000 ) ) ;
#17 = CARTESIAN_POINT ( 'NONE',  ( 2.500000000000000000, 0.000000000000000000, 0.000000000000000000 ) ) ;
#18 = ORIENTED_EDGE ( 'NONE', *, *, #4234, .F. ) ;
#19 = DIRECTION ( 'NONE',  ( -0.000000000000000000, -0.000000000000000000, -1.000000000000000000 ) ) ;
#20 = CARTESIAN_POINT ( 'NONE',  ( 8.147597818481700420E-15, 19.73297455179784166, 2.078739948830718109 ) ) ;
#21 = CARTESIAN_POINT ( 'NONE',  ( 6.177821183051953824, -12.50747877992342971, 3.999999999999985345 ) ) ;
#22 = CARTESIAN_POINT ( 'NONE',  ( 8.134310703387669391E-16, 24.74898902876640605, 2.151010971233594748 ) ) ;
#23 = CARTESIAN_POINT ( 'NONE',  ( 9.635425033035789761E-15, 19.45262592974431470, 2.678095802416302629 ) ) ;
#24 = CARTESIAN_POINT ( 'NONE',  ( -4.674855165198197327, -13.14337206292280591, 3.600000000000000089 ) ) ;
#25 = CARTESIAN_POINT ( 'NONE',  ( -1.695990560514545997, 25.00000000000000000, -0.8565138753374427205 ) ) ;
#26 = DIRECTION ( 'NONE',  ( -1.000000000000000000, 0.000000000000000000, 0.000000000000000000 ) ) ;
#27 = CARTESIAN_POINT ( 'NONE',  ( 4.919582178358630883E-16, 16.45262592974433247, 2.678095802416302629 ) ) ;
#28 = ORIENTED_EDGE ( 'NONE', *, *, #4965, .T. ) ;
#29 = EDGE_CURVE ( 'NONE', #2024, #1917, #3318, .T. ) ;
#30 = CARTESIAN_POINT ( 'NONE',  ( -5.988145724973869655, 12.59938930172717342, 3.600000000000000089 ) ) ;
#31 = ORIENTED_EDGE ( 'NONE', *, *, #1666, .F. ) ;
#33 = ADVANCED_FACE ( 'NONE', ( #1607 ), #5289, .T. ) ;
#32 = CARTESIAN_POINT ( 'NONE',  ( 0.9001208017744838363, 16.78297455179785658, 1.559054961623038471 ) ) ;
#34 = DIRECTION ( 'NONE',  ( 0.7989646751445420580, 0.2841770072801158564, 0.5299989400031790421 ) ) ;
#35 = CARTESIAN_POINT ( 'NONE',  ( -0.9001208017744819490, 19.68297455179783739, 1.559054961623039581 ) ) ;
#36 = ORIENTED_EDGE ( 'NONE', *, *, #117, .F. ) ;
#37 = CARTESIAN_POINT ( 'NONE',  ( -8.090586884989688699, -2.767075332439445035, 0.000000000000000000 ) ) ;
#38 = CARTESIAN_POINT ( 'NONE',  ( 1.159649499330494438, 22.70262592974429339, -2.008571851812228193 ) ) ;
#39 = CIRCLE ( 'NONE', #4069, 11.95000000000001350 ) ;
#40 = FACE_OUTER_BOUND ( 'NONE', #476, .T. ) ;
#41 = CARTESIAN_POINT ( 'NONE',  ( -1.159649499330498879, 21.60262592974429907, -2.008571851812224640 ) ) ;
#42 = ORIENTED_EDGE ( 'NONE', *, *, #3965, .F. ) ;
#43 = UNCERTAINTY_MEASURE_WITH_UNIT (LENGTH_MEASURE( 1.000000000000000082E-05 ), #3359, 'distance_accuracy_value', 'NONE');
#44 = CARTESIAN_POINT ( 'NONE',  ( 0.9001208017744944945, 18.58297455179784663, 1.559054961623032032 ) ) ;
#45 = CARTESIAN_POINT ( 'NONE',  ( -1.272861112297636013E-16, 24.83297455179780755, -2.078739948830717665 ) ) ;
#46 = EDGE_CURVE ( 'NONE', #3479, #2472, #2848, .T. ) ;
#47 = SURFACE_SIDE_STYLE ('',( #4467 ) ) ;
#48 = FILL_AREA_STYLE_COLOUR ( '', #4821 ) ;
#49 = VECTOR ( 'NONE', #4885, 1000.000000000000000 ) ;
#50 = DIRECTION ( 'NONE',  ( 1.000000000000000000, -1.776356839400250465E-15, 0.000000000000000000 ) ) ;
#51 = CARTESIAN_POINT ( 'NONE',  ( 4.271114692723351425, -8.986661186536538892, 0.5000000000000000000 ) ) ;
#52 = FACE_OUTER_BOUND ( 'NONE', #2543, .T. ) ;
#53 = EDGE_CURVE ( 'NONE', #391, #4776, #5336, .T. ) ;
#54 = CARTESIAN_POINT ( 'NONE',  ( -2.319298998660988875, 17.45262592974432536, -1.339047901208151092 ) ) ;
#55 = CIRCLE ( 'NONE', #5036, 1.050000000000002265 ) ;
#56 = VERTEX_POINT ( 'NONE', #2025 ) ;
#57 = DIRECTION ( 'NONE',  ( 0.000000000000000000, 0.000000000000000000, 1.000000000000000000 ) ) ;
#58 = VERTEX_POINT ( 'NONE', #4927 ) ;
#59 = PRODUCT_DEFINITION_FORMATION_WITH_SPECIFIED_SOURCE ( 'ANY', '', #1050, .NOT_KNOWN. ) ;
#60 = CARTESIAN_POINT ( 'NONE',  ( -1.800241603548965674, 17.83297455179785018, 1.039369974415360165 ) ) ;
#61 = PLANE ( 'NONE',  #2568 ) ;
#62 = CARTESIAN_POINT ( 'NONE',  ( 3.818583336892907545E-16, 18.53297455179784592, 2.078739948830717665 ) ) ;
#63 = ORIENTED_EDGE ( 'NONE', *, *, #240, .F. ) ;
#64 =( BOUNDED_SURFACE ( )  B_SPLINE_SURFACE ( 1, 2, ( 
 ( #4381, #3185, #207, #4791, #5200, #2382, #4050, #5309, #1971, #1136, #1035, #2718, #618 ),
 ( #1557, #1884, #3562, #4818, #3238, #4901, #5338, #4105, #5033, #812, #2026, #2906, #1637 ) ),
 .UNSPECIFIED., .F., .F., .T. ) 
 B_SPLINE_SURFACE_WITH_KNOTS ( ( 2, 2 ),
 ( 3, 2, 2, 2, 2, 2, 3 ),
 ( 0.000000000000000000, 1.000000000000000000 ),
 ( 0.000000000000000000, 0.1666666666666666574, 0.3333333333333333148, 0.5000000000000000000, 0.6666666666666666297, 0.8333333333333333703, 1.000000000000000000 ),
 .UNSPECIFIED. ) 
 GEOMETRIC_REPRESENTATION_ITEM ( )  RATIONAL_B_SPLINE_SURFACE ( (
 ( 1.000000000000000000, 0.8660254037844387076, 1.000000000000000000, 0.8660254037844387076, 1.000000000000000000, 0.8660254037844387076, 1.000000000000000000, 0.8660254037844387076, 1.000000000000000000, 0.8660254037844387076, 1.000000000000000000, 0.8660254037844387076, 1.000000000000000000),
 ( 1.000000000000000000, 0.8660254037844387076, 1.000000000000000000, 0.8660254037844387076, 1.000000000000000000, 0.8660254037844387076, 1.000000000000000000, 0.8660254037844387076, 1.000000000000000000, 0.8660254037844387076, 1.000000000000000000, 0.8660254037844387076, 1.000000000000000000) ) ) 
 REPRESENTATION_ITEM ( '' )  SURFACE ( )  );
#65 = DIRECTION ( 'NONE',  ( -0.4388833105516040112, 0.8985440666540870369, 0.000000000000000000 ) ) ;
#66 = CARTESIAN_POINT ( 'NONE',  ( -2.319298998660988875, 24.15262592974428557, 1.339047901208153091 ) ) ;
#67 = LINE ( 'NONE', #3046, #97 ) ;
#68 = CARTESIAN_POINT ( 'NONE',  ( -2.319298998660988875, 22.90262592974429268, 9.582498067616888834E-16 ) ) ;
#69 = CIRCLE ( 'NONE', #3324, 2.500000000000000000 ) ;
#70 = ORIENTED_EDGE ( 'NONE', *, *, #2935, .F. ) ;
#71 = CARTESIAN_POINT ( 'NONE',  ( 0.9001208017744632972, 16.98297455179785587, -1.559054961623050239 ) ) ;
#72 = CARTESIAN_POINT ( 'NONE',  ( -2.500000000000000000, 3.061616997868383141E-16, 0.000000000000000000 ) ) ;
#73 = EDGE_CURVE ( 'NONE', #3166, #1530, #2497, .T. ) ;
#74 = APPLICATION_PROTOCOL_DEFINITION ( 'draft international standard', 'automotive_design', 1998, #5134 ) ;
#75 = AXIS2_PLACEMENT_3D ( 'NONE', #1653, #440, #2123 ) ;
#76 = EDGE_CURVE ( 'NONE', #4559, #554, #2438, .T. ) ;
#77 = AXIS2_PLACEMENT_3D ( 'NONE', #4839, #582, #1079 ) ;
#78 = CARTESIAN_POINT ( 'NONE',  ( 1.270407265696133159, 24.89520222560999940, -1.573972021186616388 ) ) ;
#79 = CARTESIAN_POINT ( 'NONE',  ( 9.374663227676071742, 3.334394902775866143, 3.600000000000000089 ) ) ;
#80 = FACE_OUTER_BOUND ( 'NONE', #5107, .T. ) ;
#81 = PLANE ( 'NONE',  #4281 ) ;
#82 = CARTESIAN_POINT ( 'NONE',  ( 2.319298998660989319, 15.95262592974433602, 1.339047901208150648 ) ) ;
#83 = ORIENTED_EDGE ( 'NONE', *, *, #4227, .F. ) ;
#84 = FACE_OUTER_BOUND ( 'NONE', #3658, .T. ) ;
#85 = ORIENTED_EDGE ( 'NONE', *, *, #1081, .T. ) ;
#86 = CIRCLE ( 'NONE', #4553, 13.94999999999999929 ) ;
#87 = CARTESIAN_POINT ( 'NONE',  ( -1.800241603548966118, 17.18297455179785516, 0.000000000000000000 ) ) ;
#88 = AXIS2_PLACEMENT_3D ( 'NONE', #4548, #1176, #50 ) ;
#89 = CIRCLE ( 'NONE', #3606, 2.399999999999999911 ) ;
#90 = FACE_OUTER_BOUND ( 'NONE', #1134, .T. ) ;
#91 = CARTESIAN_POINT ( 'NONE',  ( -0.9001208017744832812, 18.28297455179784592, -1.559054961623038693 ) ) ;
#92 = ORIENTED_EDGE ( 'NONE', *, *, #1243, .T. ) ;
#93 = DIRECTION ( 'NONE',  ( 0.000000000000000000, -0.000000000000000000, 1.000000000000000000 ) ) ;
#94 = VECTOR ( 'NONE', #3565, 1000.000000000000000 ) ;
#95 = CARTESIAN_POINT ( 'NONE',  ( 2.319298998660989319, 24.45262592974428273, -1.339047901208152647 ) ) ;
#96 = EDGE_CURVE ( 'NONE', #3317, #1726, #5364, .T. ) ;
#97 = VECTOR ( 'NONE', #3379, 1000.000000000000000 ) ;
#98 =( BOUNDED_CURVE ( )  B_SPLINE_CURVE ( 2, ( #2606, #4324, #1425, #4652, #1750, #2634, #3431, #1338, #3103, #3075, #504, #4736, #1395, #1725, #1832, #3832, #2688, #2166, #3407, #5063, #948, #5089, #2191, #4298, #456, #1803, #977, #2665, #3858, #4705, #1313, #535, #3018, #560, #68, #2242, #481, #896, #3915, #101, #3513, #2140, #4243, #2579, #1778, #4677, #3458, #1003, #155, #5116, #3485, #1366, #5172, #3048, #2217, #3886, #129, #5147, #4764, #3808, #41, #4354, #3129, #1451, #3538, #588, #5198, #181, #4789, #1033, #2269, #1860, #3941, #4083, #2973, #1234, #2945, #5376, #382, #4142, #1677, #1704, #4115, #3681, #355, #2917, #2859, #821, #3302, #4547, #2506, #876, #5431, #1263, #4606, #2063, #4578, #5348, #4168, #4963, #850, #3360, #1293, #23, #5018, #3386, #3761, #3329, #328, #2447, #4520, #3734, #1593, #1203, #4631, #2533, #3277, #4196, #2887, #5044, #5405, #4990, #3709, #794, #435, #4937, #2009, #2480, #1174, #2119, #408, #1647, #763, #2092, #2038, #3790, #1617, #1621, #2117, #4112, #4195, #353, #4166, #4988, #1591, #5043, #1674, #3385, #3274, #406, #2944, #2090, #2558, #3301, #789 ),
 .UNSPECIFIED., .F., .F. ) 
 B_SPLINE_CURVE_WITH_KNOTS ( ( 3, 2, 2, 2, 2, 2, 2, 2, 2, 2, 2, 2, 2, 2, 2, 2, 2, 2, 2, 2, 2, 2, 2, 2, 2, 2, 2, 2, 2, 2, 2, 2, 2, 2, 2, 2, 2, 2, 2, 2, 2, 2, 2, 2, 2, 2, 2, 2, 2, 2, 2, 2, 2, 2, 2, 2, 2, 2, 2, 2, 2, 2, 2, 2, 2, 2, 2, 2, 2, 2, 2, 2, 2, 2, 2, 2, 2, 3 ),
 ( 0.01284041993382594934, 0.02083333333333333565, 0.03125000000000000000, 0.04166666666666667129, 0.05208333333333334259, 0.06250000000000000000, 0.07291666666666667129, 0.08333333333333334259, 0.09375000000000000000, 0.1041666666666666852, 0.1145833333333333426, 0.1250000000000000000, 0.1354166666666666574, 0.1458333333333333703, 0.1562500000000000278, 0.1666666666666666852, 0.1770833333333333703, 0.1875000000000000278, 0.1979166666666666852, 0.2083333333333333703, 0.2187500000000000278, 0.2291666666666666852, 0.2395833333333333703, 0.2500000000000000555, 0.2604166666666666852, 0.2708333333333333148, 0.2812500000000000555, 0.2916666666666667407, 0.3020833333333333703, 0.3125000000000000555, 0.3229166666666667407, 0.3333333333333333703, 0.3437500000000000000, 0.3541666666666667407, 0.3645833333333333703, 0.3750000000000000555, 0.3854166666666667407, 0.3958333333333333703, 0.4062500000000000555, 0.4166666666666667962, 0.4270833333333334259, 0.4375000000000000555, 0.4479166666666667407, 0.4583333333333333703, 0.4687500000000000555, 0.4791666666666667407, 0.4895833333333333703, 0.5000000000000000000, 0.5104166666666666297, 0.5208333333333333703, 0.5312500000000000000, 0.5416666666666666297, 0.5520833333333334814, 0.5625000000000001110, 0.5729166666666667407, 0.5833333333333334814, 0.5937500000000001110, 0.6041666666666667407, 0.6145833333333334814, 0.6250000000000001110, 0.6354166666666667407, 0.6458333333333334814, 0.6562500000000001110, 0.6666666666666667407, 0.6770833333333334814, 0.6875000000000000000, 0.6979166666666667407, 0.7083333333333334814, 0.7187500000000001110, 0.7291666666666667407, 0.7395833333333334814, 0.7500000000000001110, 0.7604166666666667407, 0.7708333333333334814, 0.7812500000000000000, 0.7916666666666667407, 0.8020833333333334814, 0.8125000000000001110 ),
 .UNSPECIFIED. ) 
 CURVE ( )  GEOMETRIC_REPRESENTATION_ITEM ( )  RATIONAL_B_SPLINE_CURVE ( ( 0.9521603015354997979, 0.8971986548526447169, 1.000000000000000000, 0.8660254037844387076, 1.000000000000000000, 0.8660254037844387076, 1.000000000000000000, 0.8660254037844387076, 1.000000000000000000, 0.8660254037844387076, 1.000000000000000000, 0.8660254037844387076, 1.000000000000000000, 0.8660254037844387076, 1.000000000000000000, 0.8660254037844387076, 1.000000000000000000, 0.8660254037844387076, 1.000000000000000000, 0.8660254037844387076, 1.000000000000000000, 0.8660254037844387076, 1.000000000000000000, 0.8660254037844387076, 1.000000000000000000, 0.8660254037844387076, 1.000000000000000000, 0.8660254037844387076, 1.000000000000000000, 0.8660254037844387076, 1.000000000000000000, 0.8660254037844387076, 1.000000000000000000, 0.8660254037844387076, 1.000000000000000000, 0.8660254037844387076, 1.000000000000000000, 0.8660254037844387076, 1.000000000000000000, 0.8660254037844387076, 1.000000000000000000, 0.8660254037844387076, 1.000000000000000000, 0.8660254037844387076, 1.000000000000000000, 0.8660254037844387076, 1.000000000000000000, 0.8660254037844387076, 1.000000000000000000, 0.8660254037844387076, 1.000000000000000000, 0.8660254037844387076, 1.000000000000000000, 0.8660254037844387076, 1.000000000000000000, 0.8660254037844387076, 1.000000000000000000, 0.8660254037844387076, 1.000000000000000000, 0.8660254037844387076, 1.000000000000000000, 0.8660254037844387076, 1.000000000000000000, 0.8660254037844387076, 1.000000000000000000, 0.8660254037844387076, 1.000000000000000000, 0.8660254037844387076, 1.000000000000000000, 0.8660254037844387076, 1.000000000000000000, 0.8660254037844387076, 1.000000000000000000, 0.8660254037844387076, 1.000000000000000000, 0.8660254037844387076, 1.000000000000000000, 0.8660254037844387076, 1.000000000000000000, 0.8660254037844387076, 1.000000000000000000, 0.8660254037844387076, 1.000000000000000000, 0.8660254037844387076, 1.000000000000000000, 0.8660254037844387076, 1.000000000000000000, 0.8660254037844387076, 1.000000000000000000, 0.8660254037844387076, 1.000000000000000000, 0.8660254037844387076, 1.000000000000000000, 0.8660254037844387076, 1.000000000000000000, 0.8660254037844387076, 1.000000000000000000, 0.8660254037844387076, 1.000000000000000000, 0.8660254037844387076, 1.000000000000000000, 0.8660254037844387076, 1.000000000000000000, 0.8660254037844387076, 1.000000000000000000, 0.8660254037844387076, 1.000000000000000000, 0.8660254037844387076, 1.000000000000000000, 0.8660254037844387076, 1.000000000000000000, 0.8660254037844387076, 1.000000000000000000, 0.8660254037844387076, 1.000000000000000000, 0.8660254037844387076, 1.000000000000000000, 0.8660254037844387076, 1.000000000000000000, 0.8660254037844387076, 1.000000000000000000, 0.8660254037844387076, 1.000000000000000000, 0.8660254037844387076, 1.000000000000000000, 0.8660254037844387076, 1.000000000000000000, 0.8660254037844387076, 1.000000000000000000, 0.8660254037844387076, 1.000000000000000000, 0.8660254037844387076, 1.000000000000000000, 0.8660254037844387076, 1.000000000000000000, 0.8660254037844387076, 1.000000000000000000, 0.8660254037844387076, 1.000000000000000000, 0.8660254037844387076, 1.000000000000000000, 0.8660254037844387076, 1.000000000000000000, 0.8660254037844387076, 1.000000000000000000, 0.8660254037844387076, 1.000000000000000000, 0.8660254037844387076, 1.000000000000000000, 0.8660254037844387076, 1.000000000000000000, 0.8660254037844387076, 1.000000000000000000, 0.8660254037844372643, 1.000000000000001332 ) ) 
 REPRESENTATION_ITEM ( '' )  );
#99 = DIRECTION ( 'NONE',  ( -1.000000000000000000, 0.000000000000000000, -0.000000000000000000 ) ) ;
#100 = CARTESIAN_POINT ( 'NONE',  ( 1.159649499330495992, 15.30262592974433922, 2.008571851812227749 ) ) ;
#101 = CARTESIAN_POINT ( 'NONE',  ( 2.319298998660984434, 22.65262592974429268, -1.339047901208159752 ) ) ;
#102 = ORIENTED_EDGE ( 'NONE', *, *, #5374, .T. ) ;
#103 = CARTESIAN_POINT ( 'NONE',  ( -1.800241603548966118, 16.58297455179785729, 6.173048328938791079E-15 ) ) ;
#104 = SURFACE_STYLE_FILL_AREA ( #1781 ) ;
#105 = AXIS2_PLACEMENT_3D ( 'NONE', #5320, #3192, #3247 ) ;
#106 = EDGE_CURVE ( 'NONE', #3981, #3976, #4595, .T. ) ;
#107 = CARTESIAN_POINT ( 'NONE',  ( -9.007820706583331116, -3.278135129845508366, 6.000000000000000000 ) ) ;
#108 = DIRECTION ( 'NONE',  ( 0.3351150656056187671, -0.9421772088116661115, 0.000000000000000000 ) ) ;
#109 = CARTESIAN_POINT ( 'NONE',  ( 9.374663227676069965, 3.334394902775867031, 3.600000000000000089 ) ) ;
#110 = DIRECTION ( 'NONE',  ( -0.000000000000000000, -0.000000000000000000, -1.000000000000000000 ) ) ;
#111 = EDGE_CURVE ( 'NONE', #2763, #2397, #3645, .T. ) ;
#112 = DIRECTION ( 'NONE',  ( -1.000000000000000000, 0.000000000000000000, 0.000000000000000000 ) ) ;
#113 = ORIENTED_EDGE ( 'NONE', *, *, #1102, .F. ) ;
#114 = DIRECTION ( 'NONE',  ( 0.000000000000000000, -0.000000000000000000, -1.000000000000000000 ) ) ;
#115 = ORIENTED_EDGE ( 'NONE', *, *, #1579, .F. ) ;
#116 = CARTESIAN_POINT ( 'NONE',  ( 1.800241603548966784, 15.63297455179786510, 1.039369974415358611 ) ) ;
#117 = EDGE_CURVE ( 'NONE', #4699, #4738, #2877, .T. ) ;
#118 = CARTESIAN_POINT ( 'NONE',  ( 13.94999999999999929, 1.708382284810557565E-15, 10.59999999999999964 ) ) ;
#119 = VERTEX_POINT ( 'NONE', #1636 ) ;
#120 = AXIS2_PLACEMENT_3D ( 'NONE', #4700, #425, #527 ) ;
#121 = CARTESIAN_POINT ( 'NONE',  ( 1.800241603548965674, 15.73297455179786475, -1.039369974415359499 ) ) ;
#122 = ORIENTED_EDGE ( 'NONE', *, *, #1985, .F. ) ;
#123 = CYLINDRICAL_SURFACE ( 'NONE', #2433, 6.080456575636104866 ) ;
#124 = VECTOR ( 'NONE', #3291, 1000.000000000000000 ) ;
#125 = CARTESIAN_POINT ( 'NONE',  ( 2.319298998660989319, 23.25262592974429054, -1.339047901208152647 ) ) ;
#126 = VECTOR ( 'NONE', #781, 1000.000000000000000 ) ;
#127 = CYLINDRICAL_SURFACE ( 'NONE', #451, 1.599999999999998979 ) ;
#128 = CARTESIAN_POINT ( 'NONE',  ( 1.159649499330495992, 16.50262592974432962, 2.008571851812227749 ) ) ;
#129 = CARTESIAN_POINT ( 'NONE',  ( -1.159649499330487998, 21.80262592974429836, 2.008571851812230857 ) ) ;
#130 = EDGE_LOOP ( 'NONE', ( #4316, #693, #2910, #14, #3984 ) ) ;
#131 = CARTESIAN_POINT ( 'NONE',  ( 1.800241603548963010, 16.33297455179786084, -1.039369974415364162 ) ) ;
#132 = DIRECTION ( 'NONE',  ( -0.4391850203868899460, -0.8983966372754114138, 0.000000000000000000 ) ) ;
#133 = AXIS2_PLACEMENT_3D ( 'NONE', #1583, #2849, #2468 ) ;
#134 = ADVANCED_FACE ( 'NONE', ( #3403 ), #2990, .T. ) ;
#135 = CARTESIAN_POINT ( 'NONE',  ( -7.256854249492326048, -5.656854249492432096, 6.000000000000000000 ) ) ;
#136 = CARTESIAN_POINT ( 'NONE',  ( -3.334394902775899894, 9.374663227676059307, 3.600000000000000089 ) ) ;
#137 = CARTESIAN_POINT ( 'NONE',  ( 8.859424011192587045, 0.1924264824948780095, 0.000000000000000000 ) ) ;
#138 = DIRECTION ( 'NONE',  ( 0.000000000000000000, 0.000000000000000000, 1.000000000000000000 ) ) ;
#139 = CARTESIAN_POINT ( 'NONE',  ( 0.000000000000000000, 0.000000000000000000, 1.300000000000000044 ) ) ;
#140 = AXIS2_PLACEMENT_3D ( 'NONE', #5352, #1598, #4582 ) ;
#141 = ORIENTED_EDGE ( 'NONE', *, *, #5129, .F. ) ;
#142 = CARTESIAN_POINT ( 'NONE',  ( 0.000000000000000000, 0.000000000000000000, 0.000000000000000000 ) ) ;
#143 = EDGE_LOOP ( 'NONE', ( #4781, #1493, #2185, #1956, #2335, #716 ) ) ;
#144 = CIRCLE ( 'NONE', #1714, 13.94999999999999929 ) ;
#145 = CARTESIAN_POINT ( 'NONE',  ( -2.319298998660988875, 23.45262592974428983, -1.339047901208151092 ) ) ;
#146 = EDGE_CURVE ( 'NONE', #1883, #554, #5113, .T. ) ;
#147 = ORIENTED_EDGE ( 'NONE', *, *, #345, .T. ) ;
#148 = CARTESIAN_POINT ( 'NONE',  ( -1.800241603548966118, 15.38297455179786688, 0.000000000000000000 ) ) ;
#149 = ORIENTED_EDGE ( 'NONE', *, *, #3343, .F. ) ;
#150 = CARTESIAN_POINT ( 'NONE',  ( 5.117514421272336023, -6.717514421272065661, 0.000000000000000000 ) ) ;
#151 = CARTESIAN_POINT ( 'NONE',  ( -1.639860726119544942E-16, 22.15262592974429623, -2.678095802416303517 ) ) ;
#152 = DIRECTION ( 'NONE',  ( 1.000000000000000000, 0.000000000000000000, 0.000000000000000000 ) ) ;
#153 = CARTESIAN_POINT ( 'NONE',  ( 2.500000000000000000, 0.000000000000000000, 0.5000000000000000000 ) ) ;
#154 = CARTESIAN_POINT ( 'NONE',  ( -1.159649499330493327, 17.00262592974432607, 2.008571851812229081 ) ) ;
#155 = CARTESIAN_POINT ( 'NONE',  ( -1.159649499330498212, 22.20262592974429694, -2.008571851812225084 ) ) ;
#156 = ORIENTED_EDGE ( 'NONE', *, *, #3239, .F. ) ;
#157 = DIRECTION ( 'NONE',  ( -0.000000000000000000, -0.000000000000000000, 1.000000000000000000 ) ) ;
#158 = CARTESIAN_POINT ( 'NONE',  ( -0.6430780618349818401, 15.78224350989571612, 2.399999999999999911 ) ) ;
#159 = AXIS2_PLACEMENT_3D ( 'NONE', #3598, #4936, #2834 ) ;
#160 = CARTESIAN_POINT ( 'NONE',  ( -0.4111691851901141948, 0.2290932099710376868, 1.300000000000000044 ) ) ;
#161 = CARTESIAN_POINT ( 'NONE',  ( 0.000000000000000000, 0.000000000000000000, 0.000000000000000000 ) ) ;
#162 = DIRECTION ( 'NONE',  ( 0.000000000000000000, 0.000000000000000000, 1.000000000000000000 ) ) ;
#163 = LINE ( 'NONE', #1378, #421 ) ;
#164 = AXIS2_PLACEMENT_3D ( 'NONE', #2237, #2316, #173 ) ;
#165 = EDGE_LOOP ( 'NONE', ( #2771, #1853, #526, #2041 ) ) ;
#166 = CARTESIAN_POINT ( 'NONE',  ( 0.000000000000000000, 0.000000000000000000, 1.300000000000000044 ) ) ;
#167 = EDGE_LOOP ( 'NONE', ( #1570, #1628, #691, #4073 ) ) ;
#168 = CARTESIAN_POINT ( 'NONE',  ( 2.319298998660988431, 23.25262592974429054, -1.339047901208152425 ) ) ;
#169 = EDGE_LOOP ( 'NONE', ( #497, #4586, #3487, #4639 ) ) ;
#170 = EDGE_CURVE ( 'NONE', #1106, #3981, #5085, .T. ) ;
#171 = CARTESIAN_POINT ( 'NONE',  ( 1.800241603548965674, 16.33297455179786084, -1.039369974415359499 ) ) ;
#172 = ORIENTED_EDGE ( 'NONE', *, *, #2540, .T. ) ;
#173 = DIRECTION ( 'NONE',  ( 1.000000000000000000, 0.000000000000000000, 0.000000000000000000 ) ) ;
#174 = CARTESIAN_POINT ( 'NONE',  ( 2.319298998660990652, 21.35262592974430262, 1.339047901208151092 ) ) ;
#175 = EDGE_CURVE ( 'NONE', #4886, #872, #2576, .T. ) ;
#176 = CARTESIAN_POINT ( 'NONE',  ( 1.800241603548966118, 24.68297455179780897, -2.204660117478139918E-16 ) ) ;
#177 = AXIS2_PLACEMENT_3D ( 'NONE', #4878, #1116, #706 ) ;
#178 = CARTESIAN_POINT ( 'NONE',  ( 0.000000000000000000, 0.000000000000000000, 0.5000000000000000000 ) ) ;
#179 = CARTESIAN_POINT ( 'NONE',  ( 4.919582178358633841E-16, 15.25262592974433851, 2.678095802416303517 ) ) ;
#180 = CIRCLE ( 'NONE', #3258, 1.900000000000002354 ) ;
#181 = CARTESIAN_POINT ( 'NONE',  ( 7.667592161692333858E-15, 21.25262592974430476, 2.678095802416302629 ) ) ;
#182 = ORIENTED_EDGE ( 'NONE', *, *, #4177, .T. ) ;
#183 = APPLICATION_PROTOCOL_DEFINITION ( 'draft international standard', 'automotive_design', 1998, #1175 ) ;
#184 = AXIS2_PLACEMENT_3D ( 'NONE', #4404, #638, #3127 ) ;
#185 = DIRECTION ( 'NONE',  ( -0.000000000000000000, -0.000000000000000000, -1.000000000000000000 ) ) ;
#186 = DIRECTION ( 'NONE',  ( 0.000000000000000000, -0.000000000000000000, 1.000000000000000000 ) ) ;
#187 = CARTESIAN_POINT ( 'NONE',  ( 1.800241603548966118, 24.68297455179780897, -2.204660117478139918E-16 ) ) ;
#188 = CIRCLE ( 'NONE', #791, 1.050000000000002265 ) ;
#189 = CARTESIAN_POINT ( 'NONE',  ( 10.71429185807062723, 5.292112052865257432, 1.300000000000000044 ) ) ;
#190 = CARTESIAN_POINT ( 'NONE',  ( -5.832763505838790330, 11.93422868530635839, 4.666666668191179035 ) ) ;
#191 = ORIENTED_EDGE ( 'NONE', *, *, #1999, .F. ) ;
#192 = CARTESIAN_POINT ( 'NONE',  ( -1.154509314861606795, 24.97184746587345217, -1.554411555206907103 ) ) ;
#193 = ORIENTED_EDGE ( 'NONE', *, *, #3372, .T. ) ;
#194 = CARTESIAN_POINT ( 'NONE',  ( -2.319298998660987987, 22.95262592974429339, 1.339047901208152647 ) ) ;
#195 = EDGE_CURVE ( 'NONE', #4673, #831, #3852, .T. ) ;
#196 = ORIENTED_EDGE ( 'NONE', *, *, #3900, .F. ) ;
#197 = CARTESIAN_POINT ( 'NONE',  ( -1.800241603548966340, 16.53297455179785658, -1.039369974415358833 ) ) ;
#198 = ORIENTED_EDGE ( 'NONE', *, *, #5403, .F. ) ;
#199 = EDGE_CURVE ( 'NONE', #1326, #4886, #3377, .T. ) ;
#200 = CARTESIAN_POINT ( 'NONE',  ( 0.000000000000000000, 0.000000000000000000, 3.600000000000000089 ) ) ;
#201 = CARTESIAN_POINT ( 'NONE',  ( -2.319298998660988875, 21.15262592974430333, 1.339047901208153091 ) ) ;
#202 = CARTESIAN_POINT ( 'NONE',  ( 3.818583336892907545E-16, 22.13297455179782602, 2.078739948830717665 ) ) ;
#203 = DIRECTION ( 'NONE',  ( 0.2841770072801075298, 0.7989646751445450557, -0.5299989400031790421 ) ) ;
#204 = CARTESIAN_POINT ( 'NONE',  ( -2.319298998660989763, 15.70262592974433424, 0.000000000000000000 ) ) ;
#205 = EDGE_CURVE ( 'NONE', #3704, #4691, #292, .T. ) ;
#206 = ORIENTED_EDGE ( 'NONE', *, *, #1618, .F. ) ;
#207 = CARTESIAN_POINT ( 'NONE',  ( -1.348663076389025495, 15.99844929580394925, -2.335952970599145306 ) ) ;
#208 = FACE_OUTER_BOUND ( 'NONE', #4966, .T. ) ;
#209 = CARTESIAN_POINT ( 'NONE',  ( -1.695990560514545997, 25.00000000000000000, -0.8565138753374427205 ) ) ;
#210 = CARTESIAN_POINT ( 'NONE',  ( -1.800241603548965674, 24.43297455179780897, 1.039369974415360165 ) ) ;
#211 = PRODUCT ( 'motor upper part_Varsay考an', 'motor upper part_Varsay考an', '', ( #2998 ) ) ;
#212 = AXIS2_PLACEMENT_3D ( 'NONE', #5394, #4955, #478 ) ;
#213 = CARTESIAN_POINT ( 'NONE',  ( 0.000000000000000000, 0.000000000000000000, 3.600000000000000089 ) ) ;
#214 = DIRECTION ( 'NONE',  ( 0.000000000000000000, 0.000000000000000000, 1.000000000000000000 ) ) ;
#215 = VECTOR ( 'NONE', #3772, 1000.000000000000114 ) ;
#216 = CARTESIAN_POINT ( 'NONE',  ( -2.778967435556481291, 0.1924264824948780095, 6.000000000000000000 ) ) ;
#217 = ORIENTED_EDGE ( 'NONE', *, *, #1252, .T. ) ;
#218 = CARTESIAN_POINT ( 'NONE',  ( -9.374663227676071742, -3.334394902775866143, 0.000000000000000000 ) ) ;
#219 = ORIENTED_EDGE ( 'NONE', *, *, #265, .F. ) ;
#220 = EDGE_CURVE ( 'NONE', #1452, #2594, #4727, .T. ) ;
#221 = CARTESIAN_POINT ( 'NONE',  ( 4.919582178358630883E-16, 23.65262592974428912, 2.678095802416302629 ) ) ;
#222 = CIRCLE ( 'NONE', #5215, 1.050000000000002265 ) ;
#223 = VERTEX_POINT ( 'NONE', #2961 ) ;
#224 = CARTESIAN_POINT ( 'NONE',  ( 3.278135129845539897, -9.007820706583318682, 6.000000000000000000 ) ) ;
#225 = ORIENTED_EDGE ( 'NONE', *, *, #106, .T. ) ;
#226 = CARTESIAN_POINT ( 'NONE',  ( 2.939152317953647106E-16, 25.00000000000000000, 2.399999999999999911 ) ) ;
#227 = CARTESIAN_POINT ( 'NONE',  ( -1.159649499330495104, 21.00262592974430120, -2.008571851812227749 ) ) ;
#228 = CARTESIAN_POINT ( 'NONE',  ( -0.9001208017744819490, 22.68297455179781963, 1.559054961623039581 ) ) ;
#229 = DIRECTION ( 'NONE',  ( -1.000000000000000000, 0.000000000000000000, 0.000000000000000000 ) ) ;
#230 = CARTESIAN_POINT ( 'NONE',  ( 1.800241603548966784, 22.83297455179782531, 1.039369974415358611 ) ) ;
#231 = ORIENTED_EDGE ( 'NONE', *, *, #2826, .F. ) ;
#232 = VECTOR ( 'NONE', #1362, 1000.000000000000114 ) ;
#233 = ORIENTED_EDGE ( 'NONE', *, *, #3466, .T. ) ;
#234 = DIRECTION ( 'NONE',  ( -0.000000000000000000, -0.000000000000000000, -1.000000000000000000 ) ) ;
#235 = CARTESIAN_POINT ( 'NONE',  ( -4.086042306639738710E-16, -1.453329928648965510E-16, -6.218749999999967137 ) ) ;
#236 = ORIENTED_EDGE ( 'NONE', *, *, #4896, .F. ) ;
#237 = CARTESIAN_POINT ( 'NONE',  ( 6.374759269443181608, 12.40826112945114978, 4.000000000000006217 ) ) ;
#238 = CARTESIAN_POINT ( 'NONE',  ( 3.818583336892907545E-16, 24.53297455179781394, 2.078739948830718109 ) ) ;
#239 = LINE ( 'NONE', #1920, #2105 ) ;
#240 = EDGE_CURVE ( 'NONE', #2024, #3587, #3392, .T. ) ;
#241 = CARTESIAN_POINT ( 'NONE',  ( 5.988145724973781725, 12.59938930172721605, 3.600000000000000089 ) ) ;
#242 = AXIS2_PLACEMENT_3D ( 'NONE', #5156, #1349, #3139 ) ;
#243 = FACE_OUTER_BOUND ( 'NONE', #1368, .T. ) ;
#244 = EDGE_LOOP ( 'NONE', ( #673, #1306, #278, #2802, #4697, #3447, #5078, #4974, #4857, #3531, #2876, #2705 ) ) ;
#245 = LINE ( 'NONE', #1869, #1544 ) ;
#246 = ORIENTED_EDGE ( 'NONE', *, *, #111, .F. ) ;
#247 = CARTESIAN_POINT ( 'NONE',  ( 2.319298998660988875, 19.60262592974430973, -2.840322094975841520E-16 ) ) ;
#248 = AXIS2_PLACEMENT_3D ( 'NONE', #4664, #904, #4773 ) ;
#249 = ORIENTED_EDGE ( 'NONE', *, *, #3865, .T. ) ;
#250 = CARTESIAN_POINT ( 'NONE',  ( 13.94999999999999929, 1.708382284810557565E-15, 6.000000000000000000 ) ) ;
#251 = ORIENTED_EDGE ( 'NONE', *, *, #3896, .F. ) ;
#252 = DIRECTION ( 'NONE',  ( 0.000000000000000000, 0.000000000000000000, 1.000000000000000000 ) ) ;
#253 = AXIS2_PLACEMENT_3D ( 'NONE', #4603, #819, #4961 ) ;
#254 = CARTESIAN_POINT ( 'NONE',  ( 1.159649499330494438, 19.10262592974431328, -2.008571851812228193 ) ) ;
#255 = CARTESIAN_POINT ( 'NONE',  ( 0.9001208017744826151, 21.18297455179783029, -1.559054961623038915 ) ) ;
#256 = DIRECTION ( 'NONE',  ( -0.000000000000000000, -0.000000000000000000, -1.000000000000000000 ) ) ;
#257 = CARTESIAN_POINT ( 'NONE',  ( -0.9001208017744819490, 23.88297455179781181, 1.559054961623039581 ) ) ;
#258 = ORIENTED_EDGE ( 'NONE', *, *, #1811, .T. ) ;
#259 = VERTEX_POINT ( 'NONE', #4647 ) ;
#260 = DIRECTION ( 'NONE',  ( -1.000000000000000000, 0.000000000000000000, 0.000000000000000000 ) ) ;
#261 = CIRCLE ( 'NONE', #963, 4.000000000000000000 ) ;
#262 = AXIS2_PLACEMENT_3D ( 'NONE', #3400, #1304, #2987 ) ;
#263 = CYLINDRICAL_SURFACE ( 'NONE', #177, 8.180456575636107175 ) ;
#264 = AXIS2_PLACEMENT_3D ( 'NONE', #1560, #2385, #1090 ) ;
#265 = EDGE_CURVE ( 'NONE', #1407, #5250, #918, .T. ) ;
#266 = ORIENTED_EDGE ( 'NONE', *, *, #498, .F. ) ;
#267 = CARTESIAN_POINT ( 'NONE',  ( 0.000000000000000000, 0.000000000000000000, 0.000000000000000000 ) ) ;
#268 = PRODUCT_DEFINITION_SHAPE ( 'NONE', 'NONE',  #5437 ) ;
#269 = CARTESIAN_POINT ( 'NONE',  ( 0.9001208017744780632, 22.98297455179782034, -1.559054961623041580 ) ) ;
#270 = CARTESIAN_POINT ( 'NONE',  ( 10.12946815411573098, 3.782692346233659908, 0.000000000000000000 ) ) ;
#271 = ADVANCED_FACE ( 'NONE', ( #2601 ), #2109, .F. ) ;
#272 = AXIS2_PLACEMENT_3D ( 'NONE', #1038, #3135, #2721 ) ;
#273 = DIRECTION ( 'NONE',  ( -1.000000000000000000, 0.000000000000000000, 0.000000000000000000 ) ) ;
#274 = AXIS2_PLACEMENT_3D ( 'NONE', #3641, #725, #1578 ) ;
#275 = LINE ( 'NONE', #3571, #4394 ) ;
#276 = SHAPE_REPRESENTATION ( 'shaft_Varsay考an', ( #4805 ), #2618 ) ;
#277 = EDGE_CURVE ( 'NONE', #1353, #4399, #552, .T. ) ;
#278 = ORIENTED_EDGE ( 'NONE', *, *, #910, .T. ) ;
#279 = DIRECTION ( 'NONE',  ( -0.4292577580626461553, 0.9031820287976454198, 0.000000000000000000 ) ) ;
#280 = ORIENTED_EDGE ( 'NONE', *, *, #2085, .T. ) ;
#281 = CARTESIAN_POINT ( 'NONE',  ( 2.319298998660989319, 20.75262592974430476, 1.339047901208150648 ) ) ;
#282 = VECTOR ( 'NONE', #34, 1000.000000000000114 ) ;
#283 = VERTEX_POINT ( 'NONE', #2137 ) ;
#284 = LINE ( 'NONE', #1962, #479 ) ;
#285 = ORIENTED_EDGE ( 'NONE', *, *, #2563, .T. ) ;
#286 = CARTESIAN_POINT ( 'NONE',  ( -8.986661186536553103, -4.271114692723321227, 3.600000000000000089 ) ) ;
#287 = CARTESIAN_POINT ( 'NONE',  ( 1.159649499330494438, 20.30262592974430547, -2.008571851812228193 ) ) ;
#288 = EDGE_CURVE ( 'NONE', #4444, #2869, #5377, .T. ) ;
#289 = CARTESIAN_POINT ( 'NONE',  ( 1.800241603548966118, 19.88297455179783668, -2.204660117478139918E-16 ) ) ;
#290 = CARTESIAN_POINT ( 'NONE',  ( -1.523729130324992125E-15, -3.116939474840547363E-15, 17.95000000000004192 ) ) ;
#291 = CARTESIAN_POINT ( 'NONE',  ( 0.9001208017744838363, 23.38297455179781537, 1.559054961623038471 ) ) ;
#292 = LINE ( 'NONE', #3043, #5127 ) ;
#293 = DIRECTION ( 'NONE',  ( -0.000000000000000000, -0.000000000000000000, -1.000000000000000000 ) ) ;
#294 = LINE ( 'NONE', #3623, #5347 ) ;
#295 = EDGE_LOOP ( 'NONE', ( #1301, #2818, #1657, #5368 ) ) ;
#296 = DIRECTION ( 'NONE',  ( 0.000000000000000000, 0.000000000000000000, 1.000000000000000000 ) ) ;
#297 = CARTESIAN_POINT ( 'NONE',  ( -4.271114692723165795, -8.986661186536627710, 3.600000000000000089 ) ) ;
#298 = CARTESIAN_POINT ( 'NONE',  ( -13.94999999999999929, 0.000000000000000000, 10.59999999999999964 ) ) ;
#299 = CARTESIAN_POINT ( 'NONE',  ( -5.247585739100215640, 10.73616989017928525, 6.000000000000000000 ) ) ;
#300 = EDGE_CURVE ( 'NONE', #412, #2257, #1467, .T. ) ;
#301 = DIRECTION ( 'NONE',  ( -0.000000000000000000, -0.000000000000000000, -1.000000000000000000 ) ) ;
#302 = CIRCLE ( 'NONE', #2065, 9.949999999999977973 ) ;
#303 = VERTEX_POINT ( 'NONE', #866 ) ;
#304 = CARTESIAN_POINT ( 'NONE',  ( -7.256854249492326936, -5.656854249492432096, -1.224646799147351420E-17 ) ) ;
#305 = EDGE_LOOP ( 'NONE', ( #2824, #3903, #444, #773, #4557, #3931 ) ) ;
#306 = CARTESIAN_POINT ( 'NONE',  ( -1.639860726119543710E-16, 22.15262592974429623, -2.678095802416302629 ) ) ;
#307 = VECTOR ( 'NONE', #1931, 1000.000000000000114 ) ;
#308 = EDGE_LOOP ( 'NONE', ( #3698, #3408, #4541, #4344 ) ) ;
#309 = CARTESIAN_POINT ( 'NONE',  ( 0.000000000000000000, 0.000000000000000000, 0.5000000000000000000 ) ) ;
#310 = ORIENTED_EDGE ( 'NONE', *, *, #4726, .T. ) ;
#311 = ADVANCED_FACE ( 'NONE', ( #3067 ), #123, .T. ) ;
#312 = CARTESIAN_POINT ( 'NONE',  ( -1.159649499330493327, 18.20262592974431826, 2.008571851812229081 ) ) ;
#313 = CARTESIAN_POINT ( 'NONE',  ( -1.800241603548965674, 19.63297455179784023, 1.039369974415360165 ) ) ;
#314 = VECTOR ( 'NONE', #2538, 1000.000000000000000 ) ;
#315 = FACE_BOUND ( 'NONE', #1034, .T. ) ;
#316 = CARTESIAN_POINT ( 'NONE',  ( 1.800241603548966784, 23.43297455179781963, 1.039369974415358611 ) ) ;
#317 = CARTESIAN_POINT ( 'NONE',  ( -0.4111691851901141948, 0.2290932099710376868, 1.300000000000000044 ) ) ;
#318 = CARTESIAN_POINT ( 'NONE',  ( 8.986661186536583301, 4.271114692723257278, 0.5000000000000000000 ) ) ;
#319 = AXIS2_PLACEMENT_3D ( 'NONE', #2642, #2670, #1481 ) ;
#320 = DIRECTION ( 'NONE',  ( 0.3351150656056121058, 0.9421772088116683319, 0.000000000000000000 ) ) ;
#321 = VERTEX_POINT ( 'NONE', #3428 ) ;
#322 = CARTESIAN_POINT ( 'NONE',  ( -9.374663227676069965, -3.334394902775867031, 3.600000000000000089 ) ) ;
#323 = CARTESIAN_POINT ( 'NONE',  ( 1.800241603548966118, 20.48297455179783455, -9.702733146291370052E-15 ) ) ;
#324 = PRESENTATION_LAYER_ASSIGNMENT (  '', '', ( #2460 ) ) ;
#325 = DIRECTION ( 'NONE',  ( 0.000000000000000000, -0.000000000000000000, -1.000000000000000000 ) ) ;
#326 = CARTESIAN_POINT ( 'NONE',  ( -1.739027977500897881, 24.61381646702167814, -1.489957554686870633 ) ) ;
#327 = CARTESIAN_POINT ( 'NONE',  ( 0.000000000000000000, 0.000000000000000000, 0.000000000000000000 ) ) ;
#328 = CARTESIAN_POINT ( 'NONE',  ( -1.159649499330500877, 19.20262592974431470, -2.008571851812223752 ) ) ;
#329 = FACE_OUTER_BOUND ( 'NONE', #143, .T. ) ;
#330 = EDGE_LOOP ( 'NONE', ( #217, #4131, #3746, #1071, #4919, #1908 ) ) ;
#331 = DIRECTION ( 'NONE',  ( -0.000000000000000000, -0.000000000000000000, -1.000000000000000000 ) ) ;
#332 = CARTESIAN_POINT ( 'NONE',  ( -1.159649499330494660, 22.20262592974429694, -2.008571851812227305 ) ) ;
#333 = EDGE_CURVE ( 'NONE', #3143, #4778, #4731, .T. ) ;
#334 = VECTOR ( 'NONE', #4336, 1000.000000000000000 ) ;
#335 = ORIENTED_EDGE ( 'NONE', *, *, #4591, .T. ) ;
#336 = DIRECTION ( 'NONE',  ( -0.8965934609264115673, -0.4428545650933264910, 0.000000000000000000 ) ) ;
#337 = ORIENTED_EDGE ( 'NONE', *, *, #2750, .F. ) ;
#338 = CARTESIAN_POINT ( 'NONE',  ( -1.800241603548966340, 20.13297455179783668, -1.039369974415358833 ) ) ;
#339 = AXIS2_PLACEMENT_3D ( 'NONE', #3190, #325, #3544 ) ;
#340 = EDGE_CURVE ( 'NONE', #2112, #3169, #5111, .T. ) ;
#341 = CARTESIAN_POINT ( 'NONE',  ( 1.523729130324992125E-15, 3.116939474840547363E-15, 17.95000000000004192 ) ) ;
#342 = CARTESIAN_POINT ( 'NONE',  ( 0.9001208017744826151, 22.98297455179782034, -1.559054961623038915 ) ) ;
#343 = CIRCLE ( 'NONE', #1487, 9.949999999999981526 ) ;
#344 = ORIENTED_EDGE ( 'NONE', *, *, #2814, .F. ) ;
#345 = EDGE_CURVE ( 'NONE', #3916, #5250, #55, .T. ) ;
#346 = DIRECTION ( 'NONE',  ( 1.000000000000000000, 0.000000000000000000, 0.000000000000000000 ) ) ;
#347 = DIRECTION ( 'NONE',  ( -1.000000000000000000, 0.000000000000000000, 0.000000000000000000 ) ) ;
#348 = PLANE ( 'NONE',  #2907 ) ;
#349 = ORIENTED_EDGE ( 'NONE', *, *, #5302, .T. ) ;
#350 = DIRECTION ( 'NONE',  ( -0.000000000000000000, -0.000000000000000000, -1.000000000000000000 ) ) ;
#351 = CARTESIAN_POINT ( 'NONE',  ( 1.800241603548969005, 19.83297455179783952, 1.039369974415354170 ) ) ;
#352 = LINE ( 'NONE', #405, #2364 ) ;
#353 = CARTESIAN_POINT ( 'NONE',  ( -2.319298998660981770, 17.55262592974432678, 1.339047901208164415 ) ) ;
#354 = CIRCLE ( 'NONE', #1140, 6.080456575636104866 ) ;
#355 = CARTESIAN_POINT ( 'NONE',  ( -1.159649499330499767, 20.40262592974430689, -2.008571851812224196 ) ) ;
#356 = CARTESIAN_POINT ( 'NONE',  ( 5.292112052865294736, -10.71429185807060769, 1.300000000000000044 ) ) ;
#357 = DIRECTION ( 'NONE',  ( -1.000000000000000000, 0.000000000000000000, 0.000000000000000000 ) ) ;
#358 = ORIENTED_EDGE ( 'NONE', *, *, #1030, .F. ) ;
#359 = CARTESIAN_POINT ( 'NONE',  ( 8.242525614142142132, 2.861037394075298224, 0.000000000000000000 ) ) ;
#360 = CIRCLE ( 'NONE', #883, 8.180456575636107175 ) ;
#361 = CARTESIAN_POINT ( 'NONE',  ( 2.319298998660988875, 21.40262592974429978, -2.840322094975841520E-16 ) ) ;
#362 = VECTOR ( 'NONE', #3666, 1000.000000000000000 ) ;
#363 = ORIENTED_EDGE ( 'NONE', *, *, #1656, .T. ) ;
#364 = CARTESIAN_POINT ( 'NONE',  ( -5.988145724973869655, 12.59938930172717342, 2.500000000000008438 ) ) ;
#365 = ORIENTED_EDGE ( 'NONE', *, *, #2016, .F. ) ;
#366 = B_SPLINE_CURVE_WITH_KNOTS ( 'NONE', 3,
 ( #3657, #5323, #2838, #4498, #3955, #192, #5021, #3765, #2922, #25 ),
 .UNSPECIFIED., .F., .F.,
 ( 4, 2, 2, 2, 4 ),
 ( 0.01284098361439108167, 0.01337304695724523054, 0.01390511030009938115, 0.01443717364295353002, 0.01496923698580767889 ),
 .UNSPECIFIED. ) ;
#367 = CARTESIAN_POINT ( 'NONE',  ( -0.9001208017744819490, 19.68297455179783739, 1.559054961623039581 ) ) ;
#368 = EDGE_CURVE ( 'NONE', #3548, #4380, #2764, .T. ) ;
#369 = CARTESIAN_POINT ( 'NONE',  ( -9.374663227676069965, -3.334394902775867031, 3.600000000000000089 ) ) ;
#370 = EDGE_CURVE ( 'NONE', #5265, #1772, #3934, .T. ) ;
#371 = CARTESIAN_POINT ( 'NONE',  ( 0.9001208017744838363, 21.58297455179782887, 1.559054961623038471 ) ) ;
#372 = ORIENTED_EDGE ( 'NONE', *, *, #1030, .T. ) ;
#373 = DIRECTION ( 'NONE',  ( 0.000000000000000000, -0.000000000000000000, 1.000000000000000000 ) ) ;
#374 = CYLINDRICAL_SURFACE ( 'NONE', #475, 8.180456575636107175 ) ;
#375 = EDGE_CURVE ( 'NONE', #1790, #3548, #3177, .T. ) ;
#376 = DIRECTION ( 'NONE',  ( 0.000000000000000000, 1.000000000000000000, 0.000000000000000000 ) ) ;
#377 = ORIENTED_EDGE ( 'NONE', *, *, #3986, .T. ) ;
#378 = CARTESIAN_POINT ( 'NONE',  ( 9.374663227676068189, -3.334394902775866587, 3.599999999999999201 ) ) ;
#379 = CARTESIAN_POINT ( 'NONE',  ( -1.800241603548961011, 20.83297455179782887, 1.039369974415367492 ) ) ;
#380 = CARTESIAN_POINT ( 'NONE',  ( 0.000000000000000000, 0.000000000000000000, 6.000000000000000000 ) ) ;
#381 = DIRECTION ( 'NONE',  ( -1.000000000000000000, 0.000000000000000000, 0.000000000000000000 ) ) ;
#382 = CARTESIAN_POINT ( 'NONE',  ( 1.159649499330506650, 20.70262592974430405, 2.008571851812220199 ) ) ;
#383 = LINE ( 'NONE', #3736, #3701 ) ;
#384 = ORIENTED_EDGE ( 'NONE', *, *, #5270, .F. ) ;
#385 = CARTESIAN_POINT ( 'NONE',  ( 3.789194927251648082, -9.925054528176904256, 6.000000000000000000 ) ) ;
#386 = LINE ( 'NONE', #286, #1921 ) ;
#387 = CARTESIAN_POINT ( 'NONE',  ( 4.919582178358630883E-16, 17.05262592974433034, 2.678095802416302629 ) ) ;
#388 = ADVANCED_FACE ( 'NONE', ( #1825 ), #3962, .T. ) ;
#389 = VERTEX_POINT ( 'NONE', #1524 ) ;
#390 = CYLINDRICAL_SURFACE ( 'NONE', #4686, 1.599999999999998979 ) ;
#391 = VERTEX_POINT ( 'NONE', #3124 ) ;
#392 = CIRCLE ( 'NONE', #1000, 9.949999999999979750 ) ;
#393 = CARTESIAN_POINT ( 'NONE',  ( 1.800241603548965674, 17.53297455179785658, -1.039369974415359499 ) ) ;
#394 = DIRECTION ( 'NONE',  ( 1.000000000000000000, 0.000000000000000000, 0.000000000000000000 ) ) ;
#395 = CARTESIAN_POINT ( 'NONE',  ( -0.9001208017744832812, 20.68297455179783384, -1.559054961623038693 ) ) ;
#396 = ORIENTED_EDGE ( 'NONE', *, *, #3944, .T. ) ;
#397 = ORIENTED_EDGE ( 'NONE', *, *, #1423, .T. ) ;
#398 = DIRECTION ( 'NONE',  ( 0.000000000000000000, -0.000000000000000000, 1.000000000000000000 ) ) ;
#399 = VECTOR ( 'NONE', #1897, 1000.000000000000000 ) ;
#400 = CYLINDRICAL_SURFACE ( 'NONE', #2, 13.94999999999999929 ) ;
#401 = ORIENTED_EDGE ( 'NONE', *, *, #1910, .T. ) ;
#402 = DIRECTION ( 'NONE',  ( -0.000000000000000000, -0.000000000000000000, 1.000000000000000000 ) ) ;
#403 = AXIS2_PLACEMENT_3D ( 'NONE', #161, #4275, #568 ) ;
#404 = CARTESIAN_POINT ( 'NONE',  ( -1.800241603548972558, 20.13297455179783668, -1.039369974415348175 ) ) ;
#405 = CARTESIAN_POINT ( 'NONE',  ( 10.73583981544116206, -5.248260993623375725, 1.300000000000000044 ) ) ;
#406 = CARTESIAN_POINT ( 'NONE',  ( 2.319298998661003086, 17.15262592974432820, 1.339047901208127112 ) ) ;
#407 = FILL_AREA_STYLE_COLOUR ( '', #759 ) ;
#408 = CARTESIAN_POINT ( 'NONE',  ( -2.319298998660988875, 18.10262592974432039, 2.198237571426543524E-14 ) ) ;
#409 = ADVANCED_FACE ( 'NONE', ( #1444 ), #5243, .F. ) ;
#410 = CARTESIAN_POINT ( 'NONE',  ( 8.317514421272335312, -6.717514421272065661, 0.000000000000000000 ) ) ;
#411 = CARTESIAN_POINT ( 'NONE',  ( 0.000000000000000000, 0.000000000000000000, 2.500000000000005773 ) ) ;
#412 = VERTEX_POINT ( 'NONE', #4784 ) ;
#413 = CARTESIAN_POINT ( 'NONE',  ( 4.328135129845477991, 9.007820706583343551, 1.300000000000000044 ) ) ;
#414 = CARTESIAN_POINT ( 'NONE',  ( 0.6430780618344067445, 15.83583334838194467, 2.399999999999999911 ) ) ;
#415 = EDGE_CURVE ( 'NONE', #3473, #4072, #3612, .T. ) ;
#416 = CARTESIAN_POINT ( 'NONE',  ( 2.319298998660988875, 18.40262592974431755, -2.840322094975841520E-16 ) ) ;
#417 = ORIENTED_EDGE ( 'NONE', *, *, #3227, .F. ) ;
#418 = DIRECTION ( 'NONE',  ( 1.000000000000000000, 0.000000000000000000, 0.000000000000000000 ) ) ;
#419 = ORIENTED_EDGE ( 'NONE', *, *, #1485, .F. ) ;
#420 = CARTESIAN_POINT ( 'NONE',  ( -1.272861112297636013E-16, 18.83297455179784663, -2.078739948830717665 ) ) ;
#421 = VECTOR ( 'NONE', #3057, 1000.000000000000000 ) ;
#422 = CARTESIAN_POINT ( 'NONE',  ( -0.1924264824948876962, 2.778967435556480403, 0.000000000000000000 ) ) ;
#423 = CARTESIAN_POINT ( 'NONE',  ( 1.800241603548966118, 18.68297455179784450, -2.204660117478139918E-16 ) ) ;
#424 = ORIENTED_EDGE ( 'NONE', *, *, #3368, .F. ) ;
#425 = DIRECTION ( 'NONE',  ( 0.000000000000000000, 0.000000000000000000, -1.000000000000000000 ) ) ;
#426 = DIRECTION ( 'NONE',  ( -0.000000000000000000, -0.000000000000000000, 1.000000000000000000 ) ) ;
#427 = CIRCLE ( 'NONE', #3333, 1.050000000000000488 ) ;
#428 = CARTESIAN_POINT ( 'NONE',  ( 0.000000000000000000, 0.000000000000000000, 3.600000000000000089 ) ) ;
#429 = ORIENTED_EDGE ( 'NONE', *, *, #4343, .T. ) ;
#430 = CARTESIAN_POINT ( 'NONE',  ( 0.000000000000000000, 0.000000000000000000, 3.600000000000000089 ) ) ;
#431 = CARTESIAN_POINT ( 'NONE',  ( 0.9001208017744926071, 21.58297455179782887, 1.559054961623033142 ) ) ;
#432 = DIRECTION ( 'NONE',  ( 0.000000000000000000, 0.000000000000000000, 1.000000000000000000 ) ) ;
#433 = CARTESIAN_POINT ( 'NONE',  ( -1.665342465870284450, 24.69887933349622244, 1.445446744219145208 ) ) ;
#434 = ADVANCED_FACE ( 'NONE', ( #2740 ), #1496, .T. ) ;
#435 = CARTESIAN_POINT ( 'NONE',  ( 2.319298998660988875, 18.40262592974431755, -2.993814878253905155E-14 ) ) ;
#436 = CARTESIAN_POINT ( 'NONE',  ( -4.674855165198381179, 13.14337206292274196, 3.600000000000000089 ) ) ;
#437 = FACE_OUTER_BOUND ( 'NONE', #4669, .T. ) ;
#438 = EDGE_CURVE ( 'NONE', #1061, #5138, #2446, .T. ) ;
#439 = CARTESIAN_POINT ( 'NONE',  ( 0.000000000000000000, 0.000000000000000000, 0.000000000000000000 ) ) ;
#440 = DIRECTION ( 'NONE',  ( 0.000000000000000000, 0.000000000000000000, -1.000000000000000000 ) ) ;
#441 = CARTESIAN_POINT ( 'NONE',  ( 2.319298998660988431, 17.85262592974432394, -1.339047901208152425 ) ) ;
#442 = EDGE_CURVE ( 'NONE', #3339, #4206, #3506, .T. ) ;
#443 = VECTOR ( 'NONE', #3406, 1000.000000000000000 ) ;
#444 = ORIENTED_EDGE ( 'NONE', *, *, #572, .F. ) ;
#445 = LINE ( 'NONE', #2570, #3731 ) ;
#446 = ORIENTED_EDGE ( 'NONE', *, *, #1821, .F. ) ;
#447 = CARTESIAN_POINT ( 'NONE',  ( 0.9001208017744838363, 17.98297455179784876, 1.559054961623038471 ) ) ;
#448 = CIRCLE ( 'NONE', #1941, 9.949999999999977973 ) ;
#449 = CARTESIAN_POINT ( 'NONE',  ( 0.000000000000000000, 0.000000000000000000, 0.5000000000000000000 ) ) ;
#450 = CARTESIAN_POINT ( 'NONE',  ( -1.800241603548966118, 20.18297455179783739, 0.000000000000000000 ) ) ;
#451 = AXIS2_PLACEMENT_3D ( 'NONE', #1801, #1393, #2663 ) ;
#452 = ORIENTED_EDGE ( 'NONE', *, *, #1215, .T. ) ;
#453 = CARTESIAN_POINT ( 'NONE',  ( -2.861037394075327089, 8.242525614142131474, 0.000000000000000000 ) ) ;
#454 = CARTESIAN_POINT ( 'NONE',  ( 2.319298998660989319, 22.65262592974429268, -1.339047901208152647 ) ) ;
#455 = CARTESIAN_POINT ( 'NONE',  ( -9.374663227676069965, 3.334394902775867031, 3.600000000000000089 ) ) ;
#456 = CARTESIAN_POINT ( 'NONE',  ( -1.159649499330497102, 23.40262592974428912, -2.008571851812225528 ) ) ;
#457 = EDGE_CURVE ( 'NONE', #4040, #3473, #1218, .T. ) ;
#458 = VERTEX_POINT ( 'NONE', #633 ) ;
#459 = CARTESIAN_POINT ( 'NONE',  ( 0.9001208017744639633, 18.18297455179784805, -1.559054961623049795 ) ) ;
#460 = FACE_OUTER_BOUND ( 'NONE', #2297, .T. ) ;
#461 = CARTESIAN_POINT ( 'NONE',  ( 1.800241603548966784, 22.83297455179782531, 1.039369974415358611 ) ) ;
#462 = CARTESIAN_POINT ( 'NONE',  ( 0.2684257822882176181, 24.92622688467830727, -1.960101296582222874 ) ) ;
#463 = LINE ( 'NONE', #4633, #1246 ) ;
#464 = CARTESIAN_POINT ( 'NONE',  ( 0.000000000000000000, 0.000000000000000000, 10.59999999999999964 ) ) ;
#465 = CARTESIAN_POINT ( 'NONE',  ( -9.374663227676071742, -3.334394902775866143, 3.600000000000000089 ) ) ;
#466 = ADVANCED_FACE ( 'NONE', ( #3203 ), #1875, .T. ) ;
#467 = CARTESIAN_POINT ( 'NONE',  ( -2.319298998660988875, 18.65262592974432110, -1.339047901208151092 ) ) ;
#468 = VERTEX_POINT ( 'NONE', #3909 ) ;
#469 = LINE ( 'NONE', #2127, #3388 ) ;
#470 = ORIENTED_EDGE ( 'NONE', *, *, #4894, .T. ) ;
#471 = CARTESIAN_POINT ( 'NONE',  ( -1.272861112297636013E-16, 17.63297455179785445, -2.078739948830717665 ) ) ;
#472 = CARTESIAN_POINT ( 'NONE',  ( 0.000000000000000000, 0.000000000000000000, 3.600000000000000089 ) ) ;
#473 = CARTESIAN_POINT ( 'NONE',  ( 1.800241603548965674, 18.73297455179784521, -1.039369974415359499 ) ) ;
#474 = EDGE_CURVE ( 'NONE', #5392, #2112, #4104, .T. ) ;
#475 = AXIS2_PLACEMENT_3D ( 'NONE', #1696, #4929, #3378 ) ;
#476 = EDGE_LOOP ( 'NONE', ( #3141, #1489, #1651, #3574, #5057, #233 ) ) ;
#477 = CARTESIAN_POINT ( 'NONE',  ( -5.248260993623335757, -10.73583981544117982, 1.300000000000000044 ) ) ;
#478 = DIRECTION ( 'NONE',  ( 3.490405245461930835E-15, -1.000000000000000000, 0.000000000000000000 ) ) ;
#479 = VECTOR ( 'NONE', #2313, 1000.000000000000000 ) ;
#480 = DIRECTION ( 'NONE',  ( 0.000000000000000000, 0.000000000000000000, 1.000000000000000000 ) ) ;
#481 = CARTESIAN_POINT ( 'NONE',  ( -1.159649499330497768, 22.80262592974429126, -2.008571851812225528 ) ) ;
#482 = ORIENTED_EDGE ( 'NONE', *, *, #1275, .T. ) ;
#483 = CARTESIAN_POINT ( 'NONE',  ( -0.9001208017744899426, 17.08297455179785729, -1.559054961623034918 ) ) ;
#484 = FILL_AREA_STYLE_COLOUR ( '', #2630 ) ;
#485 = CARTESIAN_POINT ( 'NONE',  ( 0.5378906354459859207, 24.76455305530399542, 2.083954207462742403 ) ) ;
#486 = CONICAL_SURFACE ( 'NONE', #1894, 13.94999999999999929, 1.012197011451335449 ) ;
#487 = DIRECTION ( 'NONE',  ( -1.000000000000000000, 0.000000000000000000, 0.000000000000000000 ) ) ;
#488 = CARTESIAN_POINT ( 'NONE',  ( -9.185996884128961426, 3.321864870154491722, 0.000000000000000000 ) ) ;
#489 = DIRECTION ( 'NONE',  ( -0.4428545650933295441, 0.8965934609264100130, 0.000000000000000000 ) ) ;
#490 = DIRECTION ( 'NONE',  ( 0.000000000000000000, 0.000000000000000000, 1.000000000000000000 ) ) ;
#491 = ORIENTED_EDGE ( 'NONE', *, *, #1885, .F. ) ;
#492 = CARTESIAN_POINT ( 'NONE',  ( 0.000000000000000000, 0.000000000000000000, 1.300000000000000044 ) ) ;
#493 = EDGE_LOOP ( 'NONE', ( #2810, #4514 ) ) ;
#494 = CARTESIAN_POINT ( 'NONE',  ( -1.800241603548966118, 15.98297455179786120, 0.000000000000000000 ) ) ;
#495 = CYLINDRICAL_SURFACE ( 'NONE', #4296, 9.949999999999981526 ) ;
#496 = CARTESIAN_POINT ( 'NONE',  ( -1.272861112297636013E-16, 17.63297455179785445, -2.078739948830717665 ) ) ;
#497 = ORIENTED_EDGE ( 'NONE', *, *, #2560, .F. ) ;
#498 = EDGE_CURVE ( 'NONE', #4432, #2472, #5334, .T. ) ;
#499 = CARTESIAN_POINT ( 'NONE',  ( 6.374759269443181608, 12.40826112945114978, 4.000000000000006217 ) ) ;
#500 = CARTESIAN_POINT ( 'NONE',  ( -2.319298998660989763, 24.70262592974427918, 0.000000000000000000 ) ) ;
#501 = EDGE_CURVE ( 'NONE', #4572, #1982, #3097, .T. ) ;
#502 = CARTESIAN_POINT ( 'NONE',  ( -1.899999999999999689, 25.00000000000000000, 0.000000000000000000 ) ) ;
#503 = EDGE_CURVE ( 'NONE', #672, #4151, #775, .T. ) ;
#504 = CARTESIAN_POINT ( 'NONE',  ( -2.319298998660988875, 24.10262592974428486, -1.778790312286476013E-16 ) ) ;
#505 = CIRCLE ( 'NONE', #3582, 11.95000000000000995 ) ;
#506 = ORIENTED_EDGE ( 'NONE', *, *, #670, .F. ) ;
#507 = CARTESIAN_POINT ( 'NONE',  ( -0.9001208017744692924, 17.88297455179785089, 1.559054961623046687 ) ) ;
#508 = SURFACE_STYLE_USAGE ( .BOTH. , #4329 ) ;
#509 = CIRCLE ( 'NONE', #689, 9.949999999999981526 ) ;
#510 =( NAMED_UNIT ( * ) SI_UNIT ( $, .STERADIAN. ) SOLID_ANGLE_UNIT ( ) );
#511 = DIRECTION ( 'NONE',  ( 1.000000000000000000, 0.000000000000000000, 0.000000000000000000 ) ) ;
#512 = LINE ( 'NONE', #1321, #5133 ) ;
#513 = AXIS2_PLACEMENT_3D ( 'NONE', #538, #4708, #5176 ) ;
#514 = LINE ( 'NONE', #1014, #3585 ) ;
#515 = CARTESIAN_POINT ( 'NONE',  ( 2.319298998660988875, 16.00262592974433673, -2.840322094975841520E-16 ) ) ;
#516 = EDGE_LOOP ( 'NONE', ( #581, #3773 ) ) ;
#517 = DIRECTION ( 'NONE',  ( 1.000000000000000000, 0.000000000000000000, 0.000000000000000000 ) ) ;
#518 = ORIENTED_EDGE ( 'NONE', *, *, #3198, .F. ) ;
#519 = AXIS2_PLACEMENT_3D ( 'NONE', #594, #2720, #5255 ) ;
#520 = CARTESIAN_POINT ( 'NONE',  ( 2.319298998660989319, 24.35262592974428486, 1.339047901208150648 ) ) ;
#521 = CIRCLE ( 'NONE', #2657, 1.050000000000002265 ) ;
#522 = VECTOR ( 'NONE', #1255, 1000.000000000000000 ) ;
#523 = CARTESIAN_POINT ( 'NONE',  ( -13.94999999999999929, 0.000000000000000000, 0.000000000000000000 ) ) ;
#524 = EDGE_LOOP ( 'NONE', ( #396, #756, #2095, #4423 ) ) ;
#525 = CARTESIAN_POINT ( 'NONE',  ( -1.272861112297636013E-16, 16.43297455179786226, -2.078739948830717665 ) ) ;
#526 = ORIENTED_EDGE ( 'NONE', *, *, #2750, .T. ) ;
#527 = DIRECTION ( 'NONE',  ( -1.000000000000000000, 0.000000000000000000, 0.000000000000000000 ) ) ;
#528 = AXIS2_PLACEMENT_3D ( 'NONE', #160, #1840, #3517 ) ;
#529 = CARTESIAN_POINT ( 'NONE',  ( -1.159649499330493327, 24.20262592974428273, 2.008571851812229081 ) ) ;
#530 = ADVANCED_FACE ( 'NONE', ( #4373 ), #2289, .T. ) ;
#531 = ADVANCED_FACE ( 'NONE', ( #1733 ), #4611, .F. ) ;
#532 = VECTOR ( 'NONE', #2845, 1000.000000000000000 ) ;
#533 = CARTESIAN_POINT ( 'NONE',  ( 10.73583981544116206, -5.248260993623375725, 1.300000000000000044 ) ) ;
#534 = CARTESIAN_POINT ( 'NONE',  ( -1.639860726119544942E-16, 16.75262592974432962, -2.678095802416303517 ) ) ;
#535 = CARTESIAN_POINT ( 'NONE',  ( 5.699759290348882688E-15, 23.05262592974429126, 2.678095802416302629 ) ) ;
#536 = ORIENTED_EDGE ( 'NONE', *, *, #195, .F. ) ;
#537 = CARTESIAN_POINT ( 'NONE',  ( 1.800241603548970115, 16.83297455179785729, 1.039369974415352171 ) ) ;
#538 = CARTESIAN_POINT ( 'NONE',  ( -0.002930373315771246396, -0.001431306476450056086, 1.300000000000000044 ) ) ;
#539 = VECTOR ( 'NONE', #2448, 1000.000000000000000 ) ;
#540 =( LENGTH_UNIT ( ) NAMED_UNIT ( * ) SI_UNIT ( .MILLI., .METRE. ) );
#541 = CARTESIAN_POINT ( 'NONE',  ( 1.997336853889210007, 24.85461215645369748, -0.4606895505082186926 ) ) ;
#542 = DIRECTION ( 'NONE',  ( 1.000000000000000000, 0.000000000000000000, 0.000000000000000000 ) ) ;
#543 = DIRECTION ( 'NONE',  ( -0.000000000000000000, 0.000000000000000000, -1.000000000000000000 ) ) ;
#544 = FACE_BOUND ( 'NONE', #5419, .T. ) ;
#545 = LINE ( 'NONE', #5209, #334 ) ;
#546 = EDGE_LOOP ( 'NONE', ( #4653, #3953, #2337, #640, #2464 ) ) ;
#547 = DIRECTION ( 'NONE',  ( -0.000000000000000000, -0.000000000000000000, -1.000000000000000000 ) ) ;
#548 = EDGE_LOOP ( 'NONE', ( #2737, #626, #4460, #5163, #1942 ) ) ;
#549 = CARTESIAN_POINT ( 'NONE',  ( -1.800241603548966118, 15.38297455179786688, 0.000000000000000000 ) ) ;
#550 = EDGE_CURVE ( 'NONE', #119, #4783, #386, .T. ) ;
#551 = ORIENTED_EDGE ( 'NONE', *, *, #457, .T. ) ;
#552 = CIRCLE ( 'NONE', #2309, 1.050000000000002265 ) ;
#553 = CARTESIAN_POINT ( 'NONE',  ( 3.818583336892907545E-16, 17.93297455179785160, 2.078739948830717665 ) ) ;
#554 = VERTEX_POINT ( 'NONE', #3817 ) ;
#555 = DIRECTION ( 'NONE',  ( 0.000000000000000000, 0.000000000000000000, -1.000000000000000000 ) ) ;
#556 = CARTESIAN_POINT ( 'NONE',  ( 1.159649499330494438, 23.30262592974428770, -2.008571851812228193 ) ) ;
#557 = CARTESIAN_POINT ( 'NONE',  ( -1.800241603548966118, 24.98297455179780613, 0.000000000000000000 ) ) ;
#558 = CYLINDRICAL_SURFACE ( 'NONE', #3697, 13.94999999999999929 ) ;
#559 = CARTESIAN_POINT ( 'NONE',  ( -2.319298998660988875, 15.75262592974433673, 1.339047901208153091 ) ) ;
#560 = CARTESIAN_POINT ( 'NONE',  ( -2.319298998660984434, 22.95262592974429339, 1.339047901208159308 ) ) ;
#561 = ORIENTED_EDGE ( 'NONE', *, *, #3924, .T. ) ;
#562 = CARTESIAN_POINT ( 'NONE',  ( -1.800241603548959901, 17.83297455179785018, 1.039369974415369713 ) ) ;
#563 = CARTESIAN_POINT ( 'NONE',  ( -4.271114692723164907, -8.986661186536627710, 3.600000000000000089 ) ) ;
#564 = AXIS2_PLACEMENT_3D ( 'NONE', #1053, #631, #3635 ) ;
#565 = PRODUCT_CONTEXT ( 'NONE', #999, 'mechanical' ) ;
#566 = CARTESIAN_POINT ( 'NONE',  ( 1.355134551603842663, 24.78950886393287689, 1.623533098559009291 ) ) ;
#567 = FACE_OUTER_BOUND ( 'NONE', #1659, .T. ) ;
#568 = DIRECTION ( 'NONE',  ( 1.000000000000000000, 0.000000000000000000, 0.000000000000000000 ) ) ;
#569 = DIRECTION ( 'NONE',  ( -0.000000000000000000, -0.000000000000000000, 1.000000000000000000 ) ) ;
#570 = PLANE ( 'NONE',  #944 ) ;
#571 = CIRCLE ( 'NONE', #3650, 9.949999999999979750 ) ;
#572 = EDGE_CURVE ( 'NONE', #2001, #3981, #427, .T. ) ;
#573 = EDGE_CURVE ( 'NONE', #3169, #5240, #3843, .T. ) ;
#574 = ORIENTED_EDGE ( 'NONE', *, *, #4799, .F. ) ;
#575 = CARTESIAN_POINT ( 'NONE',  ( -4.265336140141315902, 8.725169408049763931, 1.300000000000000044 ) ) ;
#576 = ORIENTED_EDGE ( 'NONE', *, *, #675, .T. ) ;
#577 = AXIS2_PLACEMENT_3D ( 'NONE', #109, #4308, #3816 ) ;
#578 = CARTESIAN_POINT ( 'NONE',  ( -2.319298998660988875, 25.25262592974427989, -1.339047901208151092 ) ) ;
#579 = VERTEX_POINT ( 'NONE', #2976 ) ;
#580 = CARTESIAN_POINT ( 'NONE',  ( 1.800241603548966784, 18.03297455179784947, 1.039369974415358611 ) ) ;
#581 = ORIENTED_EDGE ( 'NONE', *, *, #2868, .T. ) ;
#582 = DIRECTION ( 'NONE',  ( -0.000000000000000000, -0.000000000000000000, -1.000000000000000000 ) ) ;
#583 = CARTESIAN_POINT ( 'NONE',  ( -1.159649499330493327, 21.20262592974430049, 2.008571851812229081 ) ) ;
#584 = CARTESIAN_POINT ( 'NONE',  ( -1.800241603548965674, 24.43297455179780897, 1.039369974415360165 ) ) ;
#585 = MECHANICAL_DESIGN_GEOMETRIC_PRESENTATION_REPRESENTATION (  '', ( #5227 ), #1558 ) ;
#586 = DIRECTION ( 'NONE',  ( -0.000000000000000000, -1.000000000000000000, -0.000000000000000000 ) ) ;
#587 = CARTESIAN_POINT ( 'NONE',  ( -1.159649499330493327, 17.60262592974432394, 2.008571851812229081 ) ) ;
#588 = CARTESIAN_POINT ( 'NONE',  ( 2.319298998660991096, 21.35262592974430262, 1.339047901208147318 ) ) ;
#589 = EDGE_LOOP ( 'NONE', ( #482, #1630 ) ) ;
#590 = CARTESIAN_POINT ( 'NONE',  ( -1.800241603549195712, 16.03297455179785302, 1.039369974415243147 ) ) ;
#591 = CARTESIAN_POINT ( 'NONE',  ( -1.159649499330460909, 16.40262592974433531, 2.008571851812247733 ) ) ;
#592 = SHAPE_DEFINITION_REPRESENTATION ( #2723, #2879 ) ;
#593 = AXIS2_PLACEMENT_3D ( 'NONE', #3029, #2177, #4774 ) ;
#594 = CARTESIAN_POINT ( 'NONE',  ( 0.000000000000000000, 25.00000000000000000, 0.000000000000000000 ) ) ;
#595 = PLANE ( 'NONE',  #4037 ) ;
#596 = DIRECTION ( 'NONE',  ( -0.000000000000000000, -0.000000000000000000, -1.000000000000000000 ) ) ;
#597 = FACE_BOUND ( 'NONE', #2282, .T. ) ;
#598 = FACE_OUTER_BOUND ( 'NONE', #2571, .T. ) ;
#599 = ADVANCED_FACE ( 'NONE', ( #4552 ), #4174, .F. ) ;
#600 = ADVANCED_FACE ( 'NONE', ( #5022 ), #854, .T. ) ;
#601 = VECTOR ( 'NONE', #4853, 1000.000000000000000 ) ;
#602 = ORIENTED_EDGE ( 'NONE', *, *, #2814, .T. ) ;
#603 = DIRECTION ( 'NONE',  ( 1.000000000000000000, 0.000000000000000000, 0.000000000000000000 ) ) ;
#604 = ORIENTED_EDGE ( 'NONE', *, *, #4493, .T. ) ;
#605 = CARTESIAN_POINT ( 'NONE',  ( -1.159649499330492883, 23.00262592974429054, 2.008571851812228193 ) ) ;
#606 = PRODUCT_DEFINITION_SHAPE ( 'NONE', 'NONE',  #3108 ) ;
#607 = ORIENTED_EDGE ( 'NONE', *, *, #3569, .F. ) ;
#608 = CARTESIAN_POINT ( 'NONE',  ( 1.800241603548965674, 16.93297455179785516, -1.039369974415359499 ) ) ;
#609 = ORIENTED_EDGE ( 'NONE', *, *, #438, .T. ) ;
#610 = CARTESIAN_POINT ( 'NONE',  ( 0.000000000000000000, 25.00000000000000000, 0.000000000000000000 ) ) ;
#611 = CARTESIAN_POINT ( 'NONE',  ( -2.319298998660989763, 21.65262592974429978, -1.339047901208151536 ) ) ;
#612 = CARTESIAN_POINT ( 'NONE',  ( -1.800241603548966340, 24.93297455179781252, -1.039369974415358833 ) ) ;
#613 = CONICAL_SURFACE ( 'NONE', #519, 1.900000000000002354, 0.7853981633974452814 ) ;
#614 = DIRECTION ( 'NONE',  ( 0.000000000000000000, 0.000000000000000000, 1.000000000000000000 ) ) ;
#615 = CARTESIAN_POINT ( 'NONE',  ( 4.919582178358633841E-16, 17.05262592974433034, 2.678095802416303517 ) ) ;
#616 = AXIS2_PLACEMENT_3D ( 'NONE', #2586, #1810, #511 ) ;
#617 = ORIENTED_EDGE ( 'NONE', *, *, #2892, .F. ) ;
#618 = CARTESIAN_POINT ( 'NONE',  ( -2.697326152779096375, 15.49844929580395103, -6.040518000766155494E-13 ) ) ;
#619 = AXIS2_PLACEMENT_3D ( 'NONE', #1939, #1527, #4787 ) ;
#620 = EDGE_CURVE ( 'NONE', #3783, #1963, #1572, .T. ) ;
#621 = CARTESIAN_POINT ( 'NONE',  ( -5.117514421272189473, 6.717514421272207770, 6.000000000000000000 ) ) ;
#622 = DIRECTION ( 'NONE',  ( -0.000000000000000000, -0.000000000000000000, -1.000000000000000000 ) ) ;
#623 = DIRECTION ( 'NONE',  ( -0.3640098508181531800, 0.7658968286282771265, -0.5299989400031790421 ) ) ;
#624 = DIRECTION ( 'NONE',  ( -0.000000000000000000, -0.000000000000000000, 1.000000000000000000 ) ) ;
#625 = DIRECTION ( 'NONE',  ( 0.000000000000000000, 0.000000000000000000, -1.000000000000000000 ) ) ;
#626 = ORIENTED_EDGE ( 'NONE', *, *, #333, .T. ) ;
#627 = CARTESIAN_POINT ( 'NONE',  ( 13.14337206292275795, -4.674855165198334994, 3.600000000000000089 ) ) ;
#628 = ORIENTED_EDGE ( 'NONE', *, *, #4928, .F. ) ;
#629 = CARTESIAN_POINT ( 'NONE',  ( -1.639860726119543710E-16, 24.55262592974428415, -2.678095802416302629 ) ) ;
#630 = VERTEX_POINT ( 'NONE', #3767 ) ;
#631 = DIRECTION ( 'NONE',  ( 0.000000000000000000, -0.000000000000000000, -1.000000000000000000 ) ) ;
#632 = ORIENTED_EDGE ( 'NONE', *, *, #1910, .F. ) ;
#633 = CARTESIAN_POINT ( 'NONE',  ( 4.056854249492450215, 5.656854249492308639, -1.224646799147351420E-17 ) ) ;
#634 = CARTESIAN_POINT ( 'NONE',  ( 2.319298998660989763, 21.40262592974429978, -2.840322094975842506E-16 ) ) ;
#635 = CARTESIAN_POINT ( 'NONE',  ( 0.9001208017744826151, 24.18297455179781252, -1.559054961623038915 ) ) ;
#636 = AXIS2_PLACEMENT_3D ( 'NONE', #1743, #4186, #1773 ) ;
#637 = EDGE_CURVE ( 'NONE', #4572, #3317, #1372, .T. ) ;
#638 = DIRECTION ( 'NONE',  ( 0.000000000000000000, -0.000000000000000000, -1.000000000000000000 ) ) ;
#639 = CARTESIAN_POINT ( 'NONE',  ( -2.319298998660989763, 16.85262592974432749, -1.339047901208151536 ) ) ;
#640 = ORIENTED_EDGE ( 'NONE', *, *, #5397, .F. ) ;
#641 = ADVANCED_FACE ( 'NONE', ( #52 ), #4450, .T. ) ;
#642 = VERTEX_POINT ( 'NONE', #3416 ) ;
#643 = FACE_OUTER_BOUND ( 'NONE', #1476, .T. ) ;
#644 =( REPRESENTATION_RELATIONSHIP ('NONE','NONE', #2879, #276 ) REPRESENTATION_RELATIONSHIP_WITH_TRANSFORMATION ( #1559 )SHAPE_REPRESENTATION_RELATIONSHIP( ) );
#645 = AXIS2_PLACEMENT_3D ( 'NONE', #1695, #1307, #4240 ) ;
#646 = CARTESIAN_POINT ( 'NONE',  ( -12.53263308999197179, 6.126631034397157727, 1.300000000000000044 ) ) ;
#647 = EDGE_LOOP ( 'NONE', ( #4810, #3561, #3064, #3094 ) ) ;
#648 = DIRECTION ( 'NONE',  ( 3.492314515803362258E-15, -1.000000000000000000, 0.000000000000000000 ) ) ;
#649 = LINE ( 'NONE', #4412, #1374 ) ;
#650 = CIRCLE ( 'NONE', #5207, 8.180456575636107175 ) ;
#651 = DIRECTION ( 'NONE',  ( -0.000000000000000000, -0.000000000000000000, -1.000000000000000000 ) ) ;
#652 = DIRECTION ( 'NONE',  ( 1.000000000000000000, 1.776356839400250465E-15, 0.000000000000000000 ) ) ;
#653 = CIRCLE ( 'NONE', #4506, 1.599999999999999867 ) ;
#654 = DIRECTION ( 'NONE',  ( -3.304235192336768412E-15, 1.000000000000000000, 0.000000000000000000 ) ) ;
#655 =( BOUNDED_SURFACE ( )  B_SPLINE_SURFACE ( 1, 2, ( 
 ( #557, #612, #3510, #45, #2239, #1729, #176, #1857, #1446, #3150, #1827, #584, #4349, #1878, #2712, #3412, #635, #5068, #2743, #2318, #3558, #3964, #3180, #4841, #3911, #3070, #1905, #1057, #1029, #5168, #3535, #4760, #3937, #1082, #3126, #4403, #1420, #3100, #4786, #5221, #4222, #998, #3988, #461, #4376, #1473, #228, #3581, #2145, #973, #4814, #2661, #4321, #2685, #2265, #5195, #2293, #202, #3639, #4505, #4013, #1935, #2346, #3664, #4531, #4068, #5331, #2374, #4893, #2872, #2432, #4949, #1966, #1131, #4452, #2792, #255, #697, #1576, #1526, #4923, #5303, #3233, #1159, #4975, #3206, #2844, #1550, #2820, #748, #2766, #4097, #5359, #1604, #724, #3257, #3615, #338, #4481, #3286, #4044, #1188, #289, #5278, #774, #2405, #367, #313, #2047, #1993, #2021, #3691, #2458, #4867, #3719, #4125, #5388, #1631, #1109, #3314, #4427, #667, #832, #420, #3423, #2491, #3847, #5027, #1216, #4235, #2984, #4207, #1767, #2546, #2928, #4642, #2104, #807, #4589, #4152, #447, #2131, #3800, #60, #2520, #2956, #1274, #471, #5054, #393, #3011, #2077, #5079, #4670, #2157, #887, #87, #3450, #4181, #3747, #4258, #1329, #3397, #3774, #32, #1690, #860, #2181, #1715, #911, #8, #3371, #1302, #3823, #2899, #4617, #2597, #4560, #2572, #1738, #494, #5415, #1660, #3342, #5004, #1247, #3036, #116, #3474, #4754, #1820, #2206, #549 ),
 ( #992, #578, #4719, #3501, #5214, #4779, #1871, #4315, #5162, #1382, #5135, #4695, #3063, #2258, #2619, #629, #1440, #1466, #2232, #520, #2283, #2706, #3930, #964, #3904, #3550, #936, #2308, #1409, #5105, #4368, #3118, #2677, #221, #4342, #2653, #1021, #145, #4285, #3093, #3876, #168, #1849, #3526, #3957, #5188, #605, #194, #3144, #4806, #1793, #1048, #2733, #4393, #3979, #1899, #1356, #2453, #769, #3197, #4419, #1182, #332, #306, #4860, #2813, #4036, #3226, #4525, #2398, #3686, #2785, #1100, #4060, #4500, #4120, #4446, #5353, #361, #1986, #2840, #2015, #1599, #3282, #2864, #1155, #3575, #1492, #4006, #1928, #4887, #281, #659, #688, #5325, #4834, #2760, #3171, #4474, #4944, #1125, #719, #2368, #1957, #5238, #3252, #1074, #3633, #5294, #5268, #3607, #2339, #1520, #3659, #247, #1571, #1543, #4916, #742, #2426, #4090, #4638, #881, #5434, #855, #3309, #4202, #2924, #2567, #5411, #4230, #2070, #4969, #467, #4175, #5075, #2099, #1324, #416, #1709, #3366, #3768, #2513, #1684, #3005, #2542, #2150, #1241, #4998, #441, #2978, #4665, #1655, #3818, #2590, #2124, #1297, #54, #1734, #3418, #905, #5049, #4252, #5382, #2487, #387, #5023, #1269, #4554, #4584, #3796, #1210, #2893, #1626, #2951, #2043, #4612, #27, #3335, #3391, #3714, #801, #4148, #827, #3742, #2201, #515, #82, #3871, #3088, #4689, #2673, #5125 ) ),
 .UNSPECIFIED., .F., .F., .F. ) 
 B_SPLINE_SURFACE_WITH_KNOTS ( ( 2, 2 ),
 ( 3, 2, 2, 2, 2, 2, 2, 2, 2, 2, 2, 2, 2, 2, 2, 2, 2, 2, 2, 2, 2, 2, 2, 2, 2, 2, 2, 2, 2, 2, 2, 2, 2, 2, 2, 2, 2, 2, 2, 2, 2, 2, 2, 2, 2, 2, 2, 2, 2, 2, 2, 2, 2, 2, 2, 2, 2, 2, 2, 2, 2, 2, 2, 2, 2, 2, 2, 2, 2, 2, 2, 2, 2, 2, 2, 2, 2, 2, 2, 2, 2, 2, 2, 2, 2, 2, 2, 2, 2, 2, 2, 2, 2, 2, 2, 2, 3 ),
 ( 0.000000000000000000, 1.000000000000000000 ),
 ( 0.000000000000000000, 0.01041666666666666609, 0.02083333333333333218, 0.03125000000000000000, 0.04166666666666666435, 0.05208333333333333565, 0.06250000000000000000, 0.07291666666666667129, 0.08333333333333332871, 0.09375000000000000000, 0.1041666666666666713, 0.1145833333333333287, 0.1250000000000000000, 0.1354166666666666574, 0.1458333333333333426, 0.1562500000000000000, 0.1666666666666666574, 0.1770833333333333426, 0.1875000000000000000, 0.1979166666666666574, 0.2083333333333333426, 0.2187500000000000000, 0.2291666666666666574, 0.2395833333333333426, 0.2500000000000000000, 0.2604166666666666852, 0.2708333333333333148, 0.2812500000000000000, 0.2916666666666666852, 0.3020833333333333148, 0.3125000000000000000, 0.3229166666666666852, 0.3333333333333333148, 0.3437500000000000000, 0.3541666666666666852, 0.3645833333333333148, 0.3750000000000000000, 0.3854166666666666852, 0.3958333333333333148, 0.4062500000000000000, 0.4166666666666666852, 0.4270833333333333148, 0.4375000000000000000, 0.4479166666666666852, 0.4583333333333333148, 0.4687500000000000000, 0.4791666666666666852, 0.4895833333333333148, 0.5000000000000000000, 0.5104166666666666297, 0.5208333333333333703, 0.5312500000000000000, 0.5416666666666666297, 0.5520833333333333703, 0.5625000000000000000, 0.5729166666666666297, 0.5833333333333333703, 0.5937500000000000000, 0.6041666666666666297, 0.6145833333333333703, 0.6250000000000000000, 0.6354166666666666297, 0.6458333333333333703, 0.6562500000000000000, 0.6666666666666666297, 0.6770833333333333703, 0.6875000000000000000, 0.6979166666666666297, 0.7083333333333333703, 0.7187500000000000000, 0.7291666666666666297, 0.7395833333333333703, 0.7500000000000000000, 0.7604166666666666297, 0.7708333333333333703, 0.7812500000000000000, 0.7916666666666666297, 0.8020833333333333703, 0.8125000000000000000, 0.8229166666666666297, 0.8333333333333333703, 0.8437500000000000000, 0.8541666666666666297, 0.8645833333333333703, 0.8750000000000000000, 0.8854166666666666297, 0.8958333333333333703, 0.9062500000000000000, 0.9166666666666666297, 0.9270833333333333703, 0.9375000000000000000, 0.9479166666666666297, 0.9583333333333333703, 0.9687500000000000000, 0.9791666666666666297, 0.9895833333333333703, 1.000000000000000000 ),
 .UNSPECIFIED. ) 
 GEOMETRIC_REPRESENTATION_ITEM ( )  RATIONAL_B_SPLINE_SURFACE ( (
 ( 1.000000000000000000, 0.8660254037844387076, 1.000000000000000000, 0.8660254037844387076, 1.000000000000000000, 0.8660254037844387076, 1.000000000000000000, 0.8660254037844387076, 1.000000000000000000, 0.8660254037844387076, 1.000000000000000000, 0.8660254037844387076, 1.000000000000000000, 0.8660254037844387076, 1.000000000000000000, 0.8660254037844387076, 1.000000000000000000, 0.8660254037844387076, 1.000000000000000000, 0.8660254037844387076, 1.000000000000000000, 0.8660254037844387076, 1.000000000000000000, 0.8660254037844387076, 1.000000000000000000, 0.8660254037844387076, 1.000000000000000000, 0.8660254037844387076, 1.000000000000000000, 0.8660254037844387076, 1.000000000000000000, 0.8660254037844387076, 1.000000000000000000, 0.8660254037844387076, 1.000000000000000000, 0.8660254037844387076, 1.000000000000000000, 0.8660254037844387076, 1.000000000000000000, 0.8660254037844387076, 1.000000000000000000, 0.8660254037844387076, 1.000000000000000000, 0.8660254037844387076, 1.000000000000000000, 0.8660254037844387076, 1.000000000000000000, 0.8660254037844387076, 1.000000000000000000, 0.8660254037844387076, 1.000000000000000000, 0.8660254037844387076, 1.000000000000000000, 0.8660254037844387076, 1.000000000000000000, 0.8660254037844387076, 1.000000000000000000, 0.8660254037844387076, 1.000000000000000000, 0.8660254037844387076, 1.000000000000000000, 0.8660254037844387076, 1.000000000000000000, 0.8660254037844387076, 1.000000000000000000, 0.8660254037844387076, 1.000000000000000000, 0.8660254037844387076, 1.000000000000000000, 0.8660254037844387076, 1.000000000000000000, 0.8660254037844387076, 1.000000000000000000, 0.8660254037844387076, 1.000000000000000000, 0.8660254037844387076, 1.000000000000000000, 0.8660254037844387076, 1.000000000000000000, 0.8660254037844387076, 1.000000000000000000, 0.8660254037844387076, 1.000000000000000000, 0.8660254037844387076, 1.000000000000000000, 0.8660254037844387076, 1.000000000000000000, 0.8660254037844387076, 1.000000000000000000, 0.8660254037844387076, 1.000000000000000000, 0.8660254037844387076, 1.000000000000000000, 0.8660254037844387076, 1.000000000000000000, 0.8660254037844387076, 1.000000000000000000, 0.8660254037844387076, 1.000000000000000000, 0.8660254037844387076, 1.000000000000000000, 0.8660254037844387076, 1.000000000000000000, 0.8660254037844387076, 1.000000000000000000, 0.8660254037844387076, 1.000000000000000000, 0.8660254037844387076, 1.000000000000000000, 0.8660254037844387076, 1.000000000000000000, 0.8660254037844387076, 1.000000000000000000, 0.8660254037844387076, 1.000000000000000000, 0.8660254037844387076, 1.000000000000000000, 0.8660254037844387076, 1.000000000000000000, 0.8660254037844387076, 1.000000000000000000, 0.8660254037844387076, 1.000000000000000000, 0.8660254037844387076, 1.000000000000000000, 0.8660254037844387076, 1.000000000000000000, 0.8660254037844387076, 1.000000000000000000, 0.8660254037844387076, 1.000000000000000000, 0.8660254037844387076, 1.000000000000000000, 0.8660254037844387076, 1.000000000000000000, 0.8660254037844387076, 1.000000000000000000, 0.8660254037844387076, 1.000000000000000000, 0.8660254037844387076, 1.000000000000000000, 0.8660254037844387076, 1.000000000000000000, 0.8660254037844387076, 1.000000000000000000, 0.8660254037844387076, 1.000000000000000000, 0.8660254037844387076, 1.000000000000000000, 0.8660254037844387076, 1.000000000000000000, 0.8660254037844387076, 1.000000000000000000, 0.8660254037844387076, 1.000000000000000000, 0.8660254037844387076, 1.000000000000000000, 0.8660254037844387076, 1.000000000000000000, 0.8660254037844387076, 1.000000000000000000, 0.8660254037844387076, 1.000000000000000000, 0.8660254037844387076, 1.000000000000000000, 0.8660254037844387076, 1.000000000000000000, 0.8660254037844387076, 1.000000000000000000, 0.8660254037844387076, 1.000000000000000000, 0.8660254037844387076, 1.000000000000000000, 0.8660254037844387076, 1.000000000000000000, 0.8660254037844387076, 1.000000000000000000, 0.8660254037844387076, 1.000000000000000000, 0.8660254037844387076, 1.000000000000000000, 0.8660254037844387076, 1.000000000000000000, 0.8660254037844387076, 1.000000000000000000, 0.8660254037844387076, 1.000000000000000000, 0.8660254037844387076, 1.000000000000000000, 0.8660254037844387076, 1.000000000000000000, 0.8660254037844387076, 1.000000000000000000),
 ( 1.000000000000000000, 0.8660254037844387076, 1.000000000000000000, 0.8660254037844387076, 1.000000000000000000, 0.8660254037844387076, 1.000000000000000000, 0.8660254037844387076, 1.000000000000000000, 0.8660254037844387076, 1.000000000000000000, 0.8660254037844387076, 1.000000000000000000, 0.8660254037844387076, 1.000000000000000000, 0.8660254037844387076, 1.000000000000000000, 0.8660254037844387076, 1.000000000000000000, 0.8660254037844387076, 1.000000000000000000, 0.8660254037844387076, 1.000000000000000000, 0.8660254037844387076, 1.000000000000000000, 0.8660254037844387076, 1.000000000000000000, 0.8660254037844387076, 1.000000000000000000, 0.8660254037844387076, 1.000000000000000000, 0.8660254037844387076, 1.000000000000000000, 0.8660254037844387076, 1.000000000000000000, 0.8660254037844387076, 1.000000000000000000, 0.8660254037844387076, 1.000000000000000000, 0.8660254037844387076, 1.000000000000000000, 0.8660254037844387076, 1.000000000000000000, 0.8660254037844387076, 1.000000000000000000, 0.8660254037844387076, 1.000000000000000000, 0.8660254037844387076, 1.000000000000000000, 0.8660254037844387076, 1.000000000000000000, 0.8660254037844387076, 1.000000000000000000, 0.8660254037844387076, 1.000000000000000000, 0.8660254037844387076, 1.000000000000000000, 0.8660254037844387076, 1.000000000000000000, 0.8660254037844387076, 1.000000000000000000, 0.8660254037844387076, 1.000000000000000000, 0.8660254037844387076, 1.000000000000000000, 0.8660254037844387076, 1.000000000000000000, 0.8660254037844387076, 1.000000000000000000, 0.8660254037844387076, 1.000000000000000000, 0.8660254037844387076, 1.000000000000000000, 0.8660254037844387076, 1.000000000000000000, 0.8660254037844387076, 1.000000000000000000, 0.8660254037844387076, 1.000000000000000000, 0.8660254037844387076, 1.000000000000000000, 0.8660254037844387076, 1.000000000000000000, 0.8660254037844387076, 1.000000000000000000, 0.8660254037844387076, 1.000000000000000000, 0.8660254037844387076, 1.000000000000000000, 0.8660254037844387076, 1.000000000000000000, 0.8660254037844387076, 1.000000000000000000, 0.8660254037844387076, 1.000000000000000000, 0.8660254037844387076, 1.000000000000000000, 0.8660254037844387076, 1.000000000000000000, 0.8660254037844387076, 1.000000000000000000, 0.8660254037844387076, 1.000000000000000000, 0.8660254037844387076, 1.000000000000000000, 0.8660254037844387076, 1.000000000000000000, 0.8660254037844387076, 1.000000000000000000, 0.8660254037844387076, 1.000000000000000000, 0.8660254037844387076, 1.000000000000000000, 0.8660254037844387076, 1.000000000000000000, 0.8660254037844387076, 1.000000000000000000, 0.8660254037844387076, 1.000000000000000000, 0.8660254037844387076, 1.000000000000000000, 0.8660254037844387076, 1.000000000000000000, 0.8660254037844387076, 1.000000000000000000, 0.8660254037844387076, 1.000000000000000000, 0.8660254037844387076, 1.000000000000000000, 0.8660254037844387076, 1.000000000000000000, 0.8660254037844387076, 1.000000000000000000, 0.8660254037844387076, 1.000000000000000000, 0.8660254037844387076, 1.000000000000000000, 0.8660254037844387076, 1.000000000000000000, 0.8660254037844387076, 1.000000000000000000, 0.8660254037844387076, 1.000000000000000000, 0.8660254037844387076, 1.000000000000000000, 0.8660254037844387076, 1.000000000000000000, 0.8660254037844387076, 1.000000000000000000, 0.8660254037844387076, 1.000000000000000000, 0.8660254037844387076, 1.000000000000000000, 0.8660254037844387076, 1.000000000000000000, 0.8660254037844387076, 1.000000000000000000, 0.8660254037844387076, 1.000000000000000000, 0.8660254037844387076, 1.000000000000000000, 0.8660254037844387076, 1.000000000000000000, 0.8660254037844387076, 1.000000000000000000, 0.8660254037844387076, 1.000000000000000000, 0.8660254037844387076, 1.000000000000000000, 0.8660254037844387076, 1.000000000000000000, 0.8660254037844387076, 1.000000000000000000, 0.8660254037844387076, 1.000000000000000000, 0.8660254037844387076, 1.000000000000000000, 0.8660254037844387076, 1.000000000000000000, 0.8660254037844387076, 1.000000000000000000, 0.8660254037844387076, 1.000000000000000000, 0.8660254037844387076, 1.000000000000000000, 0.8660254037844387076, 1.000000000000000000, 0.8660254037844387076, 1.000000000000000000, 0.8660254037844387076, 1.000000000000000000, 0.8660254037844387076, 1.000000000000000000) ) ) 
 REPRESENTATION_ITEM ( '' )  SURFACE ( )  );
#656 = ORIENTED_EDGE ( 'NONE', *, *, #4632, .T. ) ;
#657 = DIRECTION ( 'NONE',  ( -0.4292577580626430467, 0.9031820287976468631, 0.000000000000000000 ) ) ;
#658 = VERTEX_POINT ( 'NONE', #2486 ) ;
#659 = CARTESIAN_POINT ( 'NONE',  ( 1.159649499330495548, 20.70262592974430405, 2.008571851812226861 ) ) ;
#660 = VECTOR ( 'NONE', #1765, 1000.000000000000000 ) ;
#661 = CIRCLE ( 'NONE', #4613, 9.949999999999981526 ) ;
#662 = ORIENTED_EDGE ( 'NONE', *, *, #3463, .T. ) ;
#663 = CARTESIAN_POINT ( 'NONE',  ( -2.075874940236807742, 24.82412505976318684, -0.2366481577452489993 ) ) ;
#664 = EDGE_LOOP ( 'NONE', ( #4804, #3223, #2674, #397 ) ) ;
#665 = CARTESIAN_POINT ( 'NONE',  ( 0.000000000000000000, 26.90000000000001279, 0.000000000000000000 ) ) ;
#666 = CARTESIAN_POINT ( 'NONE',  ( -2.319298998660989763, 19.25262592974431541, -1.339047901208151536 ) ) ;
#667 = CARTESIAN_POINT ( 'NONE',  ( -1.800241603548966340, 18.93297455179784450, -1.039369974415358833 ) ) ;
#668 = ADVANCED_FACE ( 'NONE', ( #1296 ), #2923, .T. ) ;
#669 = LINE ( 'NONE', #4453, #5182 ) ;
#670 = EDGE_CURVE ( 'NONE', #4778, #5199, #2628, .T. ) ;
#671 = CARTESIAN_POINT ( 'NONE',  ( -0.9001208017744819490, 22.68297455179781963, 1.559054961623039581 ) ) ;
#672 = VERTEX_POINT ( 'NONE', #3794 ) ;
#673 = ORIENTED_EDGE ( 'NONE', *, *, #1746, .F. ) ;
#674 = CARTESIAN_POINT ( 'NONE',  ( -2.319298998660988875, 16.90262592974432820, 2.311850455225577264E-14 ) ) ;
#675 = EDGE_CURVE ( 'NONE', #56, #1530, #4106, .T. ) ;
#676 = CARTESIAN_POINT ( 'NONE',  ( 0.000000000000000000, 0.000000000000000000, 2.500000000000005773 ) ) ;
#677 = ORIENTED_EDGE ( 'NONE', *, *, #2129, .F. ) ;
#678 = CARTESIAN_POINT ( 'NONE',  ( -5.988145724973692907, -12.59938930172725691, 3.600000000000000089 ) ) ;
#679 = CARTESIAN_POINT ( 'NONE',  ( -5.347303371426899614E-15, 23.03297455179782105, -2.078739948830718109 ) ) ;
#680 = DIRECTION ( 'NONE',  ( -0.000000000000000000, -0.000000000000000000, 1.000000000000000000 ) ) ;
#681 = DIRECTION ( 'NONE',  ( 0.000000000000000000, 0.000000000000000000, -1.000000000000000000 ) ) ;
#682 = VECTOR ( 'NONE', #1173, 1000.000000000000000 ) ;
#683 = CARTESIAN_POINT ( 'NONE',  ( -2.861037394075269802, -8.242525614142152790, 0.000000000000000000 ) ) ;
#684 = EDGE_CURVE ( 'NONE', #3602, #4627, #1708, .T. ) ;
#685 = ORIENTED_EDGE ( 'NONE', *, *, #573, .F. ) ;
#686 = CARTESIAN_POINT ( 'NONE',  ( -9.949999999999981526, 0.000000000000000000, 3.600000000000000089 ) ) ;
#687 = ORIENTED_EDGE ( 'NONE', *, *, #2219, .F. ) ;
#688 = CARTESIAN_POINT ( 'NONE',  ( 4.919582178358630883E-16, 20.65262592974430689, 2.678095802416302629 ) ) ;
#689 = AXIS2_PLACEMENT_3D ( 'NONE', #4251, #5099, #4713 ) ;
#690 = EDGE_CURVE ( 'NONE', #2307, #3587, #4229, .T. ) ;
#691 = ORIENTED_EDGE ( 'NONE', *, *, #3854, .F. ) ;
#692 = DIRECTION ( 'NONE',  ( -0.000000000000000000, -0.000000000000000000, -1.000000000000000000 ) ) ;
#693 = ORIENTED_EDGE ( 'NONE', *, *, #5061, .F. ) ;
#694 = DIRECTION ( 'NONE',  ( -1.000000000000000000, 0.000000000000000000, 0.000000000000000000 ) ) ;
#695 = AXIS2_PLACEMENT_3D ( 'NONE', #846, #5428, #2531 ) ;
#696 = CARTESIAN_POINT ( 'NONE',  ( -1.159649499330493327, 18.80262592974431612, 2.008571851812229081 ) ) ;
#697 = CARTESIAN_POINT ( 'NONE',  ( 1.800241603548965674, 21.13297455179783313, -1.039369974415359499 ) ) ;
#698 = LINE ( 'NONE', #4430, #974 ) ;
#699 = CARTESIAN_POINT ( 'NONE',  ( -1.800241603548966118, 21.98297455179782389, 0.000000000000000000 ) ) ;
#700 = EDGE_LOOP ( 'NONE', ( #2314, #4231, #4693, #4442 ) ) ;
#701 = EDGE_LOOP ( 'NONE', ( #3844, #1546, #609, #1575 ) ) ;
#702 = ADVANCED_FACE ( 'NONE', ( #3841 ), #1744, .T. ) ;
#703 = DIRECTION ( 'NONE',  ( 0.000000000000000000, 0.000000000000000000, -1.000000000000000000 ) ) ;
#704 = AXIS2_PLACEMENT_3D ( 'NONE', #3248, #4522, #3711 ) ;
#705 = AXIS2_PLACEMENT_3D ( 'NONE', #764, #2946, #4608 ) ;
#706 = DIRECTION ( 'NONE',  ( 1.000000000000000000, 0.000000000000000000, 0.000000000000000000 ) ) ;
#707 = ORIENTED_EDGE ( 'NONE', *, *, #3621, .F. ) ;
#708 = DIRECTION ( 'NONE',  ( 1.000000000000000000, 0.000000000000000000, 0.000000000000000000 ) ) ;
#709 = CARTESIAN_POINT ( 'NONE',  ( -0.9001208017744815049, 23.88297455179781181, 1.559054961623039803 ) ) ;
#710 = DIRECTION ( 'NONE',  ( -0.3131454660569122361, 0.6339873161885795083, 0.7071067811865484609 ) ) ;
#711 = CIRCLE ( 'NONE', #1418, 9.949999999999979750 ) ;
#712 = LINE ( 'NONE', #241, #682 ) ;
#713 = EDGE_CURVE ( 'NONE', #3479, #5281, #4539, .T. ) ;
#714 = CIRCLE ( 'NONE', #3952, 9.949999999999981526 ) ;
#715 = CARTESIAN_POINT ( 'NONE',  ( -4.674855165198197327, -13.14337206292280591, 3.600000000000000089 ) ) ;
#716 = ORIENTED_EDGE ( 'NONE', *, *, #3398, .T. ) ;
#717 = DIRECTION ( 'NONE',  ( -0.9031820287976454198, -0.4292577580626461553, 0.000000000000000000 ) ) ;
#718 = ORIENTED_EDGE ( 'NONE', *, *, #3795, .T. ) ;
#719 = CARTESIAN_POINT ( 'NONE',  ( 2.319298998660988431, 20.25262592974430831, -1.339047901208152425 ) ) ;
#720 = ORIENTED_EDGE ( 'NONE', *, *, #5247, .F. ) ;
#721 = CARTESIAN_POINT ( 'NONE',  ( -1.076668784884635688, 24.62116370011823463, -2.022347418760481297 ) ) ;
#722 = EDGE_LOOP ( 'NONE', ( #1091, #4550, #1099, #4831 ) ) ;
#723 = CARTESIAN_POINT ( 'NONE',  ( 1.159649499330495992, 18.30262592974431968, 2.008571851812227749 ) ) ;
#724 = CARTESIAN_POINT ( 'NONE',  ( -0.9001208017744819490, 20.28297455179783526, 1.559054961623039581 ) ) ;
#725 = DIRECTION ( 'NONE',  ( 0.000000000000000000, 0.000000000000000000, -1.000000000000000000 ) ) ;
#726 = CARTESIAN_POINT ( 'NONE',  ( 1.800241603548966118, 24.68297455179780897, -2.204660117478139918E-16 ) ) ;
#727 = DIRECTION ( 'NONE',  ( -0.000000000000000000, -0.000000000000000000, -1.000000000000000000 ) ) ;
#728 = DIRECTION ( 'NONE',  ( 1.000000000000000000, 0.000000000000000000, 0.000000000000000000 ) ) ;
#729 = DIRECTION ( 'NONE',  ( 1.000000000000000000, 0.000000000000000000, 0.000000000000000000 ) ) ;
#730 = ORIENTED_EDGE ( 'NONE', *, *, #3669, .F. ) ;
#731 = LINE ( 'NONE', #2388, #94 ) ;
#732 = CARTESIAN_POINT ( 'NONE',  ( 1.800241603548967673, 22.23297455179782389, 1.039369974415355946 ) ) ;
#733 = LINE ( 'NONE', #2418, #1664 ) ;
#734 = ADVANCED_FACE ( 'NONE', ( #2200 ), #957, .F. ) ;
#735 =( NAMED_UNIT ( * ) SI_UNIT ( $, .STERADIAN. ) SOLID_ANGLE_UNIT ( ) );
#736 = DIRECTION ( 'NONE',  ( -0.000000000000000000, -0.000000000000000000, 1.000000000000000000 ) ) ;
#737 = AXIS2_PLACEMENT_3D ( 'NONE', #3132, #1912, #2272 ) ;
#738 = CARTESIAN_POINT ( 'NONE',  ( 0.000000000000000000, 0.000000000000000000, 0.000000000000000000 ) ) ;
#739 = ORIENTED_EDGE ( 'NONE', *, *, #2993, .F. ) ;
#740 = DIRECTION ( 'NONE',  ( -0.000000000000000000, -0.000000000000000000, -1.000000000000000000 ) ) ;
#741 = EDGE_LOOP ( 'NONE', ( #18, #2161, #2203, #3285 ) ) ;
#742 = CARTESIAN_POINT ( 'NONE',  ( -1.159649499330492883, 19.40262592974431399, 2.008571851812228193 ) ) ;
#743 = EDGE_CURVE ( 'NONE', #4755, #3269, #2014, .T. ) ;
#744 = EDGE_CURVE ( 'NONE', #1917, #4627, #509, .T. ) ;
#745 = ORIENTED_EDGE ( 'NONE', *, *, #3925, .T. ) ;
#746 = FACE_OUTER_BOUND ( 'NONE', #4145, .T. ) ;
#747 = ORIENTED_EDGE ( 'NONE', *, *, #442, .T. ) ;
#748 = CARTESIAN_POINT ( 'NONE',  ( 1.800241603548965674, 20.53297455179783526, -1.039369974415359499 ) ) ;
#749 = VECTOR ( 'NONE', #2042, 1000.000000000000000 ) ;
#750 = DIRECTION ( 'NONE',  ( -2.308051624033910069E-13, 0.000000000000000000, 1.000000000000000000 ) ) ;
#751 = CARTESIAN_POINT ( 'NONE',  ( -1.800241603548966340, 21.93297455179783029, -1.039369974415358833 ) ) ;
#752 = EDGE_LOOP ( 'NONE', ( #491, #70, #5398, #4765 ) ) ;
#753 = DIRECTION ( 'NONE',  ( 0.000000000000000000, -0.000000000000000000, -1.000000000000000000 ) ) ;
#754 = DIRECTION ( 'NONE',  ( 0.000000000000000000, 0.000000000000000000, 1.000000000000000000 ) ) ;
#755 = LINE ( 'NONE', #1586, #4215 ) ;
#756 = ORIENTED_EDGE ( 'NONE', *, *, #1515, .F. ) ;
#757 = LINE ( 'NONE', #4109, #2713 ) ;
#758 = CARTESIAN_POINT ( 'NONE',  ( 1.800241603548966118, 19.88297455179783668, -1.014366516978699917E-14 ) ) ;
#759 = COLOUR_RGB ( '',0.3333333333333333148, 0.3333333333333333148, 0.3333333333333333148 ) ;
#760 = CARTESIAN_POINT ( 'NONE',  ( 12.59938930172719473, 5.988145724973826134, 3.600000000000000089 ) ) ;
#761 = CARTESIAN_POINT ( 'NONE',  ( -1.963539324655644291, 24.62464931672257862, -1.157365477786458374 ) ) ;
#762 = FILL_AREA_STYLE ('',( #407 ) ) ;
#763 = CARTESIAN_POINT ( 'NONE',  ( -1.159649499330501765, 18.00262592974432252, -2.008571851812222864 ) ) ;
#764 = CARTESIAN_POINT ( 'NONE',  ( 0.000000000000000000, 0.000000000000000000, 1.300000000000000044 ) ) ;
#765 = CARTESIAN_POINT ( 'NONE',  ( -2.399999999999999911, 16.25903842913881903, -5.374671945734867004E-13 ) ) ;
#766 = VERTEX_POINT ( 'NONE', #2672 ) ;
#767 = LINE ( 'NONE', #5381, #2692 ) ;
#768 = EDGE_CURVE ( 'NONE', #5267, #1226, #514, .T. ) ;
#769 = CARTESIAN_POINT ( 'NONE',  ( -1.159649499330492883, 22.40262592974429268, 2.008571851812228193 ) ) ;
#770 = ADVANCED_FACE ( 'NONE', ( #3495 ), #2643, .T. ) ;
#771 = ORIENTED_EDGE ( 'NONE', *, *, #2795, .F. ) ;
#772 = CARTESIAN_POINT ( 'NONE',  ( 8.242525614142142132, 2.861037394075298224, 0.000000000000000000 ) ) ;
#773 = ORIENTED_EDGE ( 'NONE', *, *, #3059, .F. ) ;
#774 = CARTESIAN_POINT ( 'NONE',  ( 0.9001208017744838363, 19.78297455179783881, 1.559054961623038471 ) ) ;
#775 = CIRCLE ( 'NONE', #5157, 4.000000000000000000 ) ;
#776 = ADVANCED_FACE ( 'NONE', ( #3085, #2175, #597, #544, #1866, #2226, #5155, #4688, #3056 ), #81, .T. ) ;
#777 = CARTESIAN_POINT ( 'NONE',  ( -8.090586884989688699, -2.767075332439445035, 6.000000000000000000 ) ) ;
#778 = CARTESIAN_POINT ( 'NONE',  ( -0.9001208017744819490, 20.28297455179783526, 1.559054961623039581 ) ) ;
#779 = CIRCLE ( 'NONE', #5244, 11.95000000000001350 ) ;
#780 = VERTEX_POINT ( 'NONE', #4363 ) ;
#781 = DIRECTION ( 'NONE',  ( -0.000000000000000000, -0.000000000000000000, -1.000000000000000000 ) ) ;
#782 = DIRECTION ( 'NONE',  ( -0.000000000000000000, -0.000000000000000000, 1.000000000000000000 ) ) ;
#783 = FACE_OUTER_BOUND ( 'NONE', #5328, .T. ) ;
#784 = ORIENTED_EDGE ( 'NONE', *, *, #870, .F. ) ;
#785 = FACE_OUTER_BOUND ( 'NONE', #165, .T. ) ;
#786 = CIRCLE ( 'NONE', #3687, 13.94999999999999929 ) ;
#787 = CARTESIAN_POINT ( 'NONE',  ( -1.476904900198306125E-14, 20.63297455179783668, -2.078739948830718109 ) ) ;
#788 = LINE ( 'NONE', #1288, #4021 ) ;
#789 = CARTESIAN_POINT ( 'NONE',  ( -2.319298998660988875, 16.90262592974432820, 2.311850455225577264E-14 ) ) ;
#790 =( NAMED_UNIT ( * ) SI_UNIT ( $, .STERADIAN. ) SOLID_ANGLE_UNIT ( ) );
#791 = AXIS2_PLACEMENT_3D ( 'NONE', #4495, #1121, #654 ) ;
#792 = EDGE_CURVE ( 'NONE', #2236, #2430, #3766, .T. ) ;
#793 = VECTOR ( 'NONE', #4794, 1000.000000000000000 ) ;
#794 = CARTESIAN_POINT ( 'NONE',  ( 2.319298998660986655, 18.45262592974431826, -1.339047901208155089 ) ) ;
#795 = CARTESIAN_POINT ( 'NONE',  ( -9.007820706583331116, -3.278135129845508366, 0.000000000000000000 ) ) ;
#796 = CARTESIAN_POINT ( 'NONE',  ( 0.000000000000000000, 0.000000000000000000, 0.5000000000000000000 ) ) ;
#797 = EDGE_LOOP ( 'NONE', ( #5282, #3821, #1004, #602 ) ) ;
#798 = DIRECTION ( 'NONE',  ( -1.000000000000000000, 0.000000000000000000, 0.000000000000000000 ) ) ;
#799 = AXIS2_PLACEMENT_3D ( 'NONE', #1640, #2554, #4137 ) ;
#800 = DIRECTION ( 'NONE',  ( 0.000000000000000000, -0.000000000000000000, -1.000000000000000000 ) ) ;
#801 = CARTESIAN_POINT ( 'NONE',  ( -2.319298998660988875, 16.25262592974433318, -1.339047901208151092 ) ) ;
#802 = VECTOR ( 'NONE', #1190, 1000.000000000000000 ) ;
#803 = EDGE_LOOP ( 'NONE', ( #2896, #3210, #1824, #3875 ) ) ;
#804 = CARTESIAN_POINT ( 'NONE',  ( 7.256854249492449505, 5.656854249492308639, 0.000000000000000000 ) ) ;
#805 = ORIENTED_EDGE ( 'NONE', *, *, #4567, .T. ) ;
#806 = AXIS2_PLACEMENT_3D ( 'NONE', #2482, #2093, #1648 ) ;
#807 = CARTESIAN_POINT ( 'NONE',  ( 1.800241603548965674, 18.13297455179785089, -1.039369974415359499 ) ) ;
#808 = DIRECTION ( 'NONE',  ( 0.000000000000000000, 0.000000000000000000, 1.000000000000000000 ) ) ;
#809 = CARTESIAN_POINT ( 'NONE',  ( -1.800241603548965674, 18.43297455179784805, 1.039369974415360165 ) ) ;
#810 = VERTEX_POINT ( 'NONE', #4334 ) ;
#811 = DIRECTION ( 'NONE',  ( -0.000000000000000000, -0.000000000000000000, 1.000000000000000000 ) ) ;
#812 = CARTESIAN_POINT ( 'NONE',  ( -5.992533075003815281E-13, 15.85262592974431328, 2.678095802416303517 ) ) ;
#813 = EDGE_CURVE ( 'NONE', #1223, #1961, #5074, .T. ) ;
#814 = CARTESIAN_POINT ( 'NONE',  ( 0.000000000000000000, 0.000000000000000000, 0.000000000000000000 ) ) ;
#815 = ADVANCED_FACE ( 'NONE', ( #3949 ), #2613, .F. ) ;
#816 = VERTEX_POINT ( 'NONE', #5124 ) ;
#817 = LINE ( 'NONE', #3729, #1146 ) ;
#818 = CARTESIAN_POINT ( 'NONE',  ( 0.9001208017744766199, 20.58297455179783242, -1.559054961623042468 ) ) ;
#819 = DIRECTION ( 'NONE',  ( -0.9031820287976439765, -0.4292577580626492084, 0.000000000000000000 ) ) ;
#820 = CARTESIAN_POINT ( 'NONE',  ( 4.056854249492451103, 5.656854249492308639, 0.000000000000000000 ) ) ;
#821 = CARTESIAN_POINT ( 'NONE',  ( 2.319298998660977773, 20.25262592974430831, -1.339047901208170188 ) ) ;
#822 = CYLINDRICAL_SURFACE ( 'NONE', #3349, 1.050000000000000488 ) ;
#823 = FACE_OUTER_BOUND ( 'NONE', #169, .T. ) ;
#824 = EDGE_LOOP ( 'NONE', ( #141, #4172, #2233, #1947, #4993, #4059, #3572, #4312, #865 ) ) ;
#825 = CARTESIAN_POINT ( 'NONE',  ( -12.59938930172723559, 5.988145724973737316, 3.600000000000000089 ) ) ;
#826 = CARTESIAN_POINT ( 'NONE',  ( 0.000000000000000000, 0.000000000000000000, 0.000000000000000000 ) ) ;
#827 = CARTESIAN_POINT ( 'NONE',  ( -1.639860726119543710E-16, 16.15262592974433531, -2.678095802416302629 ) ) ;
#828 = VECTOR ( 'NONE', #4865, 1000.000000000000227 ) ;
#829 = ORIENTED_EDGE ( 'NONE', *, *, #3715, .T. ) ;
#830 = DIRECTION ( 'NONE',  ( -0.000000000000000000, -0.000000000000000000, -1.000000000000000000 ) ) ;
#831 = VERTEX_POINT ( 'NONE', #1322 ) ;
#832 = CARTESIAN_POINT ( 'NONE',  ( -0.9001208017744832812, 18.88297455179784379, -1.559054961623038693 ) ) ;
#833 = DIRECTION ( 'NONE',  ( 1.000000000000000000, 0.000000000000000000, -0.000000000000000000 ) ) ;
#834 = CARTESIAN_POINT ( 'NONE',  ( -1.800241603548966340, 19.53297455179784237, -1.039369974415358833 ) ) ;
#835 = ORIENTED_EDGE ( 'NONE', *, *, #501, .T. ) ;
#836 = ORIENTED_EDGE ( 'NONE', *, *, #4511, .T. ) ;
#837 = CARTESIAN_POINT ( 'NONE',  ( -12.53263308999197179, 6.126631034397157727, 1.300000000000000044 ) ) ;
#838 = ADVANCED_FACE ( 'NONE', ( #3893 ), #1403, .F. ) ;
#839 = VECTOR ( 'NONE', #4668, 1000.000000000000114 ) ;
#840 = EDGE_CURVE ( 'NONE', #4499, #4256, #3004, .T. ) ;
#841 = DIRECTION ( 'NONE',  ( -1.000000000000000000, 0.000000000000000000, 0.000000000000000000 ) ) ;
#842 = VERTEX_POINT ( 'NONE', #1120 ) ;
#843 = LINE ( 'NONE', #4625, #1138 ) ;
#844 = AXIS2_PLACEMENT_3D ( 'NONE', #3415, #3518, #4687 ) ;
#845 = CARTESIAN_POINT ( 'NONE',  ( 0.9001208017744761758, 19.98297455179783810, -1.559054961623042690 ) ) ;
#846 = CARTESIAN_POINT ( 'NONE',  ( 0.000000000000000000, 0.000000000000000000, 3.600000000000000089 ) ) ;
#847 = CARTESIAN_POINT ( 'NONE',  ( -2.237826899184107265, 24.64947163962741072, -0.2732088051291443609 ) ) ;
#848 = EDGE_CURVE ( 'NONE', #4367, #1097, #3155, .T. ) ;
#849 =( NAMED_UNIT ( * ) SI_UNIT ( $, .STERADIAN. ) SOLID_ANGLE_UNIT ( ) );
#850 = CARTESIAN_POINT ( 'NONE',  ( 2.319298998660988875, 19.60262592974430973, -1.232240938900631442E-14 ) ) ;
#851 = FACE_OUTER_BOUND ( 'NONE', #3010, .T. ) ;
#852 = DIRECTION ( 'NONE',  ( -1.000000000000000000, 0.000000000000000000, 0.000000000000000000 ) ) ;
#853 = PLANE ( 'NONE',  #1807 ) ;
#854 = CYLINDRICAL_SURFACE ( 'NONE', #1041, 9.949999999999981526 ) ;
#855 = CARTESIAN_POINT ( 'NONE',  ( 1.159649499330493994, 19.10262592974431328, -2.008571851812227305 ) ) ;
#856 = EDGE_CURVE ( 'NONE', #4738, #5240, #239, .T. ) ;
#857 = ORIENTED_EDGE ( 'NONE', *, *, #2535, .T. ) ;
#858 = DIRECTION ( 'NONE',  ( 0.000000000000000000, 0.000000000000000000, -1.000000000000000000 ) ) ;
#859 = ORIENTED_EDGE ( 'NONE', *, *, #2671, .T. ) ;
#860 = CARTESIAN_POINT ( 'NONE',  ( -0.9001208017744819490, 16.68297455179786226, 1.559054961623039581 ) ) ;
#861 = CIRCLE ( 'NONE', #242, 9.949999999999979750 ) ;
#862 = EDGE_CURVE ( 'NONE', #1556, #4108, #4882, .T. ) ;
#863 = DIRECTION ( 'NONE',  ( 0.7071067811865413555, 0.7071067811865535679, 0.000000000000000000 ) ) ;
#864 = CARTESIAN_POINT ( 'NONE',  ( 1.800241603548966784, 21.03297455179783526, 1.039369974415358611 ) ) ;
#865 = ORIENTED_EDGE ( 'NONE', *, *, #3107, .F. ) ;
#866 = CARTESIAN_POINT ( 'NONE',  ( -2.399999999999999911, 16.25903842913881903, -5.374671945734867004E-13 ) ) ;
#867 = CARTESIAN_POINT ( 'NONE',  ( 1.159649499330495992, 23.10262592974428841, 2.008571851812227749 ) ) ;
#868 = VECTOR ( 'NONE', #879, 1000.000000000000000 ) ;
#869 = CARTESIAN_POINT ( 'NONE',  ( -6.125352388204457377, 12.53325808081513948, 4.000000000000006217 ) ) ;
#870 = EDGE_CURVE ( 'NONE', #780, #321, #1044, .T. ) ;
#871 = DIRECTION ( 'NONE',  ( -0.000000000000000000, -0.000000000000000000, -1.000000000000000000 ) ) ;
#872 = VERTEX_POINT ( 'NONE', #3652 ) ;
#873 = CARTESIAN_POINT ( 'NONE',  ( -2.035291079899388077E-15, 18.23297455179784876, -2.078739948830718109 ) ) ;
#874 = PLANE ( 'NONE',  #3424 ) ;
#875 = CARTESIAN_POINT ( 'NONE',  ( -2.221287949812744245, 24.64608201090837269, -0.4046433457812356194 ) ) ;
#876 = CARTESIAN_POINT ( 'NONE',  ( 8.979480742587969023E-15, 20.05262592974430902, 2.678095802416302629 ) ) ;
#877 = DIRECTION ( 'NONE',  ( -0.000000000000000000, -0.000000000000000000, -1.000000000000000000 ) ) ;
#878 = LINE ( 'NONE', #1432, #1285 ) ;
#879 = DIRECTION ( 'NONE',  ( -0.000000000000000000, -0.000000000000000000, -1.000000000000000000 ) ) ;
#880 = AXIS2_PLACEMENT_3D ( 'NONE', #3683, #1178, #4496 ) ;
#881 = CARTESIAN_POINT ( 'NONE',  ( -1.159649499330494660, 19.20262592974431470, -2.008571851812227305 ) ) ;
#882 = EDGE_CURVE ( 'NONE', #1054, #4256, #2754, .T. ) ;
#883 = AXIS2_PLACEMENT_3D ( 'NONE', #2697, #1375, #1345 ) ;
#884 = ORIENTED_EDGE ( 'NONE', *, *, #368, .F. ) ;
#885 = LINE ( 'NONE', #4615, #4950 ) ;
#886 = EDGE_LOOP ( 'NONE', ( #1870, #1930, #5130, #1900 ) ) ;
#887 = CARTESIAN_POINT ( 'NONE',  ( -1.800241603548965674, 17.23297455179785587, 1.039369974415360165 ) ) ;
#888 = CIRCLE ( 'NONE', #1506, 1.050000000000004041 ) ;
#889 = DIRECTION ( 'NONE',  ( -0.3351150656056154364, -0.9421772088116672217, 0.000000000000000000 ) ) ;
#890 = CARTESIAN_POINT ( 'NONE',  ( 1.800241603548966118, 19.88297455179783668, -2.204660117478139918E-16 ) ) ;
#891 = AXIS2_PLACEMENT_3D ( 'NONE', #449, #1716, #2133 ) ;
#892 = EDGE_LOOP ( 'NONE', ( #4535, #4912, #730, #1779 ) ) ;
#893 = DIRECTION ( 'NONE',  ( 1.000000000000000000, 0.000000000000000000, 0.000000000000000000 ) ) ;
#894 = CARTESIAN_POINT ( 'NONE',  ( -2.319298998660988875, 22.35262592974429552, 1.339047901208153091 ) ) ;
#895 = CARTESIAN_POINT ( 'NONE',  ( 0.000000000000000000, 0.000000000000000000, 3.600000000000000089 ) ) ;
#896 = CARTESIAN_POINT ( 'NONE',  ( -6.027731435572791479E-15, 22.75262592974429765, -2.678095802416302629 ) ) ;
#897 = ORIENTED_EDGE ( 'NONE', *, *, #4493, .F. ) ;
#898 = CARTESIAN_POINT ( 'NONE',  ( 1.018417559815791488E-14, 17.33297455179785374, 2.078739948830718109 ) ) ;
#899 = APPLICATION_CONTEXT ( 'automotive_design' ) ;
#900 = SHAPE_DEFINITION_REPRESENTATION ( #4377, #4585 ) ;
#901 = SURFACE_SIDE_STYLE ('',( #3919 ) ) ;
#902 = DIRECTION ( 'NONE',  ( -1.000000000000000000, 0.000000000000000000, 0.000000000000000000 ) ) ;
#903 = LINE ( 'NONE', #2612, #2780 ) ;
#904 = DIRECTION ( 'NONE',  ( -0.000000000000000000, -0.000000000000000000, 1.000000000000000000 ) ) ;
#905 = CARTESIAN_POINT ( 'NONE',  ( 1.159649499330493994, 17.30262592974432678, -2.008571851812227305 ) ) ;
#906 = VECTOR ( 'NONE', #93, 1000.000000000000000 ) ;
#907 = VERTEX_POINT ( 'NONE', #4824 ) ;
#908 = CARTESIAN_POINT ( 'NONE',  ( 8.317514421272337088, -6.717514421272065661, -1.224646799147351420E-17 ) ) ;
#909 = ORIENTED_EDGE ( 'NONE', *, *, #3897, .F. ) ;
#910 = EDGE_CURVE ( 'NONE', #4449, #4088, #1069, .T. ) ;
#911 = CARTESIAN_POINT ( 'NONE',  ( -1.800241603548966340, 16.53297455179785658, -1.039369974415358833 ) ) ;
#912 = VECTOR ( 'NONE', #3699, 1000.000000000000000 ) ;
#913 = EDGE_CURVE ( 'NONE', #4757, #119, #4374, .T. ) ;
#914 = CARTESIAN_POINT ( 'NONE',  ( -13.14337206292275795, 4.674855165198334994, 3.600000000000000089 ) ) ;
#915 = CARTESIAN_POINT ( 'NONE',  ( -1.800241603548965674, 17.23297455179785587, 1.039369974415360165 ) ) ;
#916 = CIRCLE ( 'NONE', #4337, 9.949999999999981526 ) ;
#917 = ORIENTED_EDGE ( 'NONE', *, *, #1888, .T. ) ;
#918 = LINE ( 'NONE', #453, #906 ) ;
#919 = CARTESIAN_POINT ( 'NONE',  ( 2.319298998660990652, 23.75262592974428699, 1.339047901208151092 ) ) ;
#920 = CARTESIAN_POINT ( 'NONE',  ( 12.59938930172727822, -5.988145724973651163, 3.600000000000000089 ) ) ;
#921 = DIRECTION ( 'NONE',  ( -0.000000000000000000, -0.000000000000000000, -1.000000000000000000 ) ) ;
#922 = ORIENTED_EDGE ( 'NONE', *, *, #2176, .F. ) ;
#923 = CARTESIAN_POINT ( 'NONE',  ( -0.9001208017744685153, 16.68297455179786226, 1.559054961623047131 ) ) ;
#924 = CARTESIAN_POINT ( 'NONE',  ( 0.000000000000000000, 0.000000000000000000, 0.000000000000000000 ) ) ;
#925 = APPLICATION_PROTOCOL_DEFINITION ( 'draft international standard', 'automotive_design', 1998, #2134 ) ;
#926 = CIRCLE ( 'NONE', #2164, 1.050000000000002265 ) ;
#927 = CARTESIAN_POINT ( 'NONE',  ( 0.000000000000000000, 0.000000000000000000, 3.600000000000000089 ) ) ;
#928 =( REPRESENTATION_RELATIONSHIP ('NONE','NONE', #2879, #4585 ) REPRESENTATION_RELATIONSHIP_WITH_TRANSFORMATION ( #5311 )SHAPE_REPRESENTATION_RELATIONSHIP( ) );
#929 = DIRECTION ( 'NONE',  ( 0.7658968286282783478, 0.3640098508181506265, -0.5299989400031789311 ) ) ;
#930 = CARTESIAN_POINT ( 'NONE',  ( 2.778967435556481291, 0.1924264824948780095, 0.000000000000000000 ) ) ;
#931 = DIRECTION ( 'NONE',  ( -0.000000000000000000, 0.000000000000000000, 1.000000000000000000 ) ) ;
#932 = ORIENTED_EDGE ( 'NONE', *, *, #5126, .F. ) ;
#933 = EDGE_CURVE ( 'NONE', #907, #1407, #3419, .T. ) ;
#934 = CARTESIAN_POINT ( 'NONE',  ( 8.986661186536641921, -4.271114692723134709, 0.5000000000000000000 ) ) ;
#935 = ORIENTED_EDGE ( 'NONE', *, *, #4177, .F. ) ;
#937 = EDGE_CURVE ( 'NONE', #223, #5148, #1126, .T. ) ;
#936 = CARTESIAN_POINT ( 'NONE',  ( -1.159649499330494660, 24.00262592974428344, -2.008571851812227305 ) ) ;
#938 = DIRECTION ( 'NONE',  ( -0.000000000000000000, -0.000000000000000000, -1.000000000000000000 ) ) ;
#939 = ORIENTED_EDGE ( 'NONE', *, *, #442, .F. ) ;
#940 = CARTESIAN_POINT ( 'NONE',  ( -1.800241603548966118, 15.98297455179786120, 0.000000000000000000 ) ) ;
#941 = ORIENTED_EDGE ( 'NONE', *, *, #4306, .T. ) ;
#942 = CARTESIAN_POINT ( 'NONE',  ( 0.000000000000000000, 0.000000000000000000, 1.300000000000000044 ) ) ;
#943 = CARTESIAN_POINT ( 'NONE',  ( -2.319298998660989763, 23.50262592974428699, 0.000000000000000000 ) ) ;
#944 = AXIS2_PLACEMENT_3D ( 'NONE', #139, #931, #1867 ) ;
#945 = AXIS2_PLACEMENT_3D ( 'NONE', #1055, #252, #1027 ) ;
#946 = CARTESIAN_POINT ( 'NONE',  ( -0.4111691851901141948, 0.2290932099710376868, 6.000000000000000000 ) ) ;
#947 = CARTESIAN_POINT ( 'NONE',  ( -2.319298998660989763, 18.05262592974432323, -1.339047901208151536 ) ) ;
#948 = CARTESIAN_POINT ( 'NONE',  ( -1.159649499330493105, 23.60262592974428841, 2.008571851812227749 ) ) ;
#949 = EDGE_LOOP ( 'NONE', ( #2898, #536, #3555, #4899 ) ) ;
#950 = CARTESIAN_POINT ( 'NONE',  ( -1.800241603548959679, 16.63297455179785800, 1.039369974415370823 ) ) ;
#951 = LINE ( 'NONE', #3889, #5387 ) ;
#952 = DIRECTION ( 'NONE',  ( 1.000000000000000000, 0.000000000000000000, 0.000000000000000000 ) ) ;
#953 = CARTESIAN_POINT ( 'NONE',  ( 0.000000000000000000, 0.000000000000000000, 2.500000000000005773 ) ) ;
#954 = FACE_OUTER_BOUND ( 'NONE', #1529, .T. ) ;
#955 = CYLINDRICAL_SURFACE ( 'NONE', #319, 1.050000000000003153 ) ;
#956 = VECTOR ( 'NONE', #1094, 1000.000000000000114 ) ;
#957 = PLANE ( 'NONE',  #2806 ) ;
#958 = EDGE_CURVE ( 'NONE', #3656, #1519, #3219, .T. ) ;
#959 = CARTESIAN_POINT ( 'NONE',  ( 2.778967435556481291, 0.1924264824948780095, 6.000000000000000000 ) ) ;
#960 = ORIENTED_EDGE ( 'NONE', *, *, #3567, .T. ) ;
#961 = DIRECTION ( 'NONE',  ( 1.000000000000000000, 0.000000000000000000, 0.000000000000000000 ) ) ;
#962 = ORIENTED_EDGE ( 'NONE', *, *, #4702, .F. ) ;
#963 = AXIS2_PLACEMENT_3D ( 'NONE', #738, #2509, #4580 ) ;
#964 = CARTESIAN_POINT ( 'NONE',  ( -2.319298998660987987, 24.15262592974428557, 1.339047901208152647 ) ) ;
#965 = CIRCLE ( 'NONE', #1410, 11.95000000000001350 ) ;
#966 = AXIS2_PLACEMENT_3D ( 'NONE', #3352, #1697, #841 ) ;
#967 = VERTEX_POINT ( 'NONE', #4055 ) ;
#968 = CARTESIAN_POINT ( 'NONE',  ( -0.9001208017744819490, 16.08297455179786439, 1.559054961623039581 ) ) ;
#969 = ORIENTED_EDGE ( 'NONE', *, *, #3504, .F. ) ;
#970 = CARTESIAN_POINT ( 'NONE',  ( 0.000000000000000000, 0.000000000000000000, -6.218749999999967137 ) ) ;
#971 = AXIS2_PLACEMENT_3D ( 'NONE', #4822, #1066, #5014 ) ;
#972 = CARTESIAN_POINT ( 'NONE',  ( -2.319298998660989763, 22.90262592974429268, 0.000000000000000000 ) ) ;
#973 = CARTESIAN_POINT ( 'NONE',  ( -1.800241603548966340, 22.53297455179782460, -1.039369974415358833 ) ) ;
#974 = VECTOR ( 'NONE', #5196, 1000.000000000000000 ) ;
#975 = DIRECTION ( 'NONE',  ( -1.000000000000000000, 0.000000000000000000, 0.000000000000000000 ) ) ;
#976 = CARTESIAN_POINT ( 'NONE',  ( 2.319298998660989319, 16.65262592974432820, -1.339047901208152647 ) ) ;
#977 = CARTESIAN_POINT ( 'NONE',  ( 1.159649499330492661, 23.30262592974428770, -2.008571851812228193 ) ) ;
#978 = ORIENTED_EDGE ( 'NONE', *, *, #550, .F. ) ;
#979 = CARTESIAN_POINT ( 'NONE',  ( 8.656742263400751670E-15, 19.13297455179784379, 2.078739948830718109 ) ) ;
#980 = CARTESIAN_POINT ( 'NONE',  ( -4.271114692723288364, 8.986661186536567314, 3.599999999999999201 ) ) ;
#981 = EDGE_CURVE ( 'NONE', #2399, #1639, #1837, .T. ) ;
#982 = ADVANCED_FACE ( 'NONE', ( #4797 ), #3973, .T. ) ;
#983 = AXIS2_PLACEMENT_3D ( 'NONE', #3824, #889, #1276 ) ;
#984 = EDGE_CURVE ( 'NONE', #2155, #780, #2331, .T. ) ;
#985 = CARTESIAN_POINT ( 'NONE',  ( -1.162044386198238837E-16, 15.80903842913884283, 2.400000000000000355 ) ) ;
#986 = CARTESIAN_POINT ( 'NONE',  ( 0.000000000000000000, 0.000000000000000000, 6.000000000000000000 ) ) ;
#987 = DIRECTION ( 'NONE',  ( 0.8965934609264100130, 0.4428545650933295441, 0.000000000000000000 ) ) ;
#988 = CARTESIAN_POINT ( 'NONE',  ( 5.117514421272336911, -6.717514421272065661, 6.000000000000000000 ) ) ;
#989 = ORIENTED_EDGE ( 'NONE', *, *, #1514, .F. ) ;
#990 = DIRECTION ( 'NONE',  ( 0.7071067811865512365, -0.7071067811865437980, 0.000000000000000000 ) ) ;
#991 = ORIENTED_EDGE ( 'NONE', *, *, #4801, .T. ) ;
#992 = CARTESIAN_POINT ( 'NONE',  ( -2.319298998660988875, 25.30262592974427704, 0.000000000000000000 ) ) ;
#993 = VERTEX_POINT ( 'NONE', #298 ) ;
#994 = CARTESIAN_POINT ( 'NONE',  ( 1.800241603548966784, 16.23297455179786297, 1.039369974415358611 ) ) ;
#995 = EDGE_LOOP ( 'NONE', ( #2510, #5031, #2903, #1868, #5109 ) ) ;
#996 = DIRECTION ( 'NONE',  ( 3.304235192336768412E-15, -1.000000000000000000, 0.000000000000000000 ) ) ;
#997 = CARTESIAN_POINT ( 'NONE',  ( -1.639860726119544942E-16, 21.55262592974430191, -2.678095802416303517 ) ) ;
#998 = CARTESIAN_POINT ( 'NONE',  ( 1.800241603548965674, 22.93297455179781963, -1.039369974415359499 ) ) ;
#999 = APPLICATION_CONTEXT ( 'automotive_design' ) ;
#1000 = AXIS2_PLACEMENT_3D ( 'NONE', #4357, #703, #1087 ) ;
#1001 = CARTESIAN_POINT ( 'NONE',  ( 0.000000000000000000, 0.000000000000000000, 0.000000000000000000 ) ) ;
#1002 = CARTESIAN_POINT ( 'NONE',  ( -1.639860726119544942E-16, 15.55262592974433922, -2.678095802416303517 ) ) ;
#1003 = CARTESIAN_POINT ( 'NONE',  ( -2.319298998660991096, 22.25262592974429765, -1.339047901208148428 ) ) ;
#1004 = ORIENTED_EDGE ( 'NONE', *, *, #3995, .F. ) ;
#1005 = ADVANCED_FACE ( 'NONE', ( #1979 ), #2778, .F. ) ;
#1006 = CARTESIAN_POINT ( 'NONE',  ( 1.800241603548977887, 16.23297455179786297, 1.039369974415338627 ) ) ;
#1007 = DIRECTION ( 'NONE',  ( 0.000000000000000000, 0.000000000000000000, 1.000000000000000000 ) ) ;
#1008 = AXIS2_PLACEMENT_3D ( 'NONE', #1602, #3874, #4313 ) ;
#1009 =( LENGTH_UNIT ( ) NAMED_UNIT ( * ) SI_UNIT ( .MILLI., .METRE. ) );
#1010 = EDGE_CURVE ( 'NONE', #4444, #4155, #733, .T. ) ;
#1011 = CARTESIAN_POINT ( 'NONE',  ( 5.400664541149613029, 10.65998698469982209, 6.000000000000000000 ) ) ;
#1012 = CARTESIAN_POINT ( 'NONE',  ( 0.000000000000000000, 0.000000000000000000, 3.600000000000000089 ) ) ;
#1013 = CARTESIAN_POINT ( 'NONE',  ( 0.9001208017744855017, 23.98297455179781323, 1.559054961623037361 ) ) ;
#1014 = CARTESIAN_POINT ( 'NONE',  ( -9.949999999999979750, 0.000000000000000000, 38.74284989122453737 ) ) ;
#1015 = CARTESIAN_POINT ( 'NONE',  ( 13.14337206292275795, -4.674855165198334994, 3.600000000000000089 ) ) ;
#1016 = VECTOR ( 'NONE', #1354, 1000.000000000000000 ) ;
#1017 = ORIENTED_EDGE ( 'NONE', *, *, #2701, .T. ) ;
#1018 = CARTESIAN_POINT ( 'NONE',  ( 0.000000000000000000, 0.000000000000000000, 3.600000000000000089 ) ) ;
#1019 = VERTEX_POINT ( 'NONE', #1673 ) ;
#1020 = AXIS2_PLACEMENT_3D ( 'NONE', #464, #1732, #1760 ) ;
#1021 = CARTESIAN_POINT ( 'NONE',  ( -2.319298998660988875, 23.50262592974428699, 0.000000000000000000 ) ) ;
#1022 = ADVANCED_FACE ( 'NONE', ( #3326 ), #3769, .T. ) ;
#1023 = ORIENTED_EDGE ( 'NONE', *, *, #3227, .T. ) ;
#1024 = AXIS2_PLACEMENT_3D ( 'NONE', #1755, #5095, #952 ) ;
#1025 = DIRECTION ( 'NONE',  ( 0.000000000000000000, 0.000000000000000000, 1.000000000000000000 ) ) ;
#1026 = ORIENTED_EDGE ( 'NONE', *, *, #1914, .T. ) ;
#1027 = DIRECTION ( 'NONE',  ( -3.491481338843133355E-15, 1.000000000000000000, 0.000000000000000000 ) ) ;
#1028 = CARTESIAN_POINT ( 'NONE',  ( -1.159649499330493327, 20.00262592974430831, 2.008571851812229081 ) ) ;
#1029 = CARTESIAN_POINT ( 'NONE',  ( 0.9001208017744826151, 23.58297455179781466, -1.559054961623038915 ) ) ;
#1030 = EDGE_CURVE ( 'NONE', #1019, #56, #2719, .T. ) ;
#1031 = CARTESIAN_POINT ( 'NONE',  ( 9.007820706583331116, -3.278135129845508366, 0.000000000000000000 ) ) ;
#1032 = CARTESIAN_POINT ( 'NONE',  ( -1.159649499330495104, 16.80262592974433034, -2.008571851812227749 ) ) ;
#1033 = CARTESIAN_POINT ( 'NONE',  ( -2.319298998660983990, 21.15262592974430333, 1.339047901208160640 ) ) ;
#1034 = EDGE_LOOP ( 'NONE', ( #3147, #3370, #2649, #2925, #3256, #1635 ) ) ;
#1035 = CARTESIAN_POINT ( 'NONE',  ( -1.348663076390069548, 15.59844929580395068, 2.335952970598542677 ) ) ;
#1036 = AXIS2_PLACEMENT_3D ( 'NONE', #1148, #3680, #3653 ) ;
#1037 = DIRECTION ( 'NONE',  ( 0.000000000000000000, -0.000000000000000000, -1.000000000000000000 ) ) ;
#1038 = CARTESIAN_POINT ( 'NONE',  ( 0.000000000000000000, 0.000000000000000000, 3.600000000000000089 ) ) ;
#1039 = CARTESIAN_POINT ( 'NONE',  ( -1.800241603548967007, 23.73297455179782034, -1.039369974415357056 ) ) ;
#1040 = CARTESIAN_POINT ( 'NONE',  ( -1.159649499330461797, 15.80262592974433744, 2.008571851812245956 ) ) ;
#1041 = AXIS2_PLACEMENT_3D ( 'NONE', #4968, #5048, #2149 ) ;
#1042 = CYLINDRICAL_SURFACE ( 'NONE', #1828, 11.95000000000001350 ) ;
#1043 = FACE_OUTER_BOUND ( 'NONE', #308, .T. ) ;
#1044 =( BOUNDED_CURVE ( )  B_SPLINE_CURVE ( 2, ( #3627, #2360, #2833, #5260, #1564, #2390, #1951, #4080, #4906, #5232, #1040, #2724, #4026 ),
 .UNSPECIFIED., .F., .T. ) 
 B_SPLINE_CURVE_WITH_KNOTS ( ( 3, 2, 2, 2, 2, 2, 3 ),
 ( 0.8750000000000024425, 0.8854166666666694052, 0.8958333333333365900, 0.9062500000000035527, 0.9166666666666706265, 0.9270833333333377002, 0.9375000000000047740 ),
 .UNSPECIFIED. ) 
 CURVE ( )  GEOMETRIC_REPRESENTATION_ITEM ( )  RATIONAL_B_SPLINE_CURVE ( ( 0.9999999999999685807, 0.8660254037844701269, 1.000000000000000000, 0.8660254037844387076, 1.000000000000000000, 0.8660254037844387076, 1.000000000000000000, 0.8660254037844387076, 1.000000000000000000, 0.8660254037844387076, 1.000000000000000000, 0.8660254037843773123, 1.000000000000061506 ) ) 
 REPRESENTATION_ITEM ( '' )  );
#1045 = ORIENTED_EDGE ( 'NONE', *, *, #1600, .T. ) ;
#1046 = DIRECTION ( 'NONE',  ( -0.3640098508181371928, -0.7658968286282846760, 0.5299989400031789311 ) ) ;
#1047 = ORIENTED_EDGE ( 'NONE', *, *, #2315, .F. ) ;
#1048 = CARTESIAN_POINT ( 'NONE',  ( -1.639860726119543710E-16, 22.75262592974429765, -2.678095802416302629 ) ) ;
#1049 = EDGE_CURVE ( 'NONE', #2594, #3624, #3707, .T. ) ;
#1050 = PRODUCT ( 'shaft_Varsay考an', 'shaft_Varsay考an', '', ( #2609 ) ) ;
#1051 = ADVANCED_FACE ( 'NONE', ( #2058 ), #3732, .F. ) ;
#1052 = ORIENTED_EDGE ( 'NONE', *, *, #3138, .T. ) ;
#1053 = CARTESIAN_POINT ( 'NONE',  ( 0.000000000000000000, 0.000000000000000000, 3.600000000000000089 ) ) ;
#1054 = VERTEX_POINT ( 'NONE', #21 ) ;
#1055 = CARTESIAN_POINT ( 'NONE',  ( 0.000000000000000000, 0.000000000000000000, 1.300000000000000044 ) ) ;
#1056 = CARTESIAN_POINT ( 'NONE',  ( 1.159649499330494438, 20.90262592974430333, -2.008571851812228193 ) ) ;
#1057 = CARTESIAN_POINT ( 'NONE',  ( -1.272861112297636013E-16, 23.63297455179781892, -2.078739948830717665 ) ) ;
#1058 = DIRECTION ( 'NONE',  ( 0.9031820287976484174, 0.4292577580626398270, 0.000000000000000000 ) ) ;
#1059 = CARTESIAN_POINT ( 'NONE',  ( -2.319298998660989763, 17.45262592974432536, -1.339047901208151536 ) ) ;
#1060 = CIRCLE ( 'NONE', #2648, 9.949999999999979750 ) ;
#1061 = VERTEX_POINT ( 'NONE', #1701 ) ;
#1062 = ORIENTED_EDGE ( 'NONE', *, *, #4632, .F. ) ;
#1063 = CARTESIAN_POINT ( 'NONE',  ( 0.000000000000000000, 0.000000000000000000, 0.000000000000000000 ) ) ;
#1064 = AXIS2_PLACEMENT_3D ( 'NONE', #5332, #750, #4153 ) ;
#1065 = DIRECTION ( 'NONE',  ( 0.2841770072801243496, -0.7989646751445391715, 0.5299989400031790421 ) ) ;
#1066 = DIRECTION ( 'NONE',  ( -0.000000000000000000, -0.000000000000000000, -1.000000000000000000 ) ) ;
#1067 = DIRECTION ( 'NONE',  ( -0.000000000000000000, -0.000000000000000000, -1.000000000000000000 ) ) ;
#1068 = VECTOR ( 'NONE', #2573, 1000.000000000000000 ) ;
#1069 = LINE ( 'NONE', #5208, #1311 ) ;
#1070 = CARTESIAN_POINT ( 'NONE',  ( -3.321864870154459748, -9.185996884128973861, 0.000000000000000000 ) ) ;
#1071 = ORIENTED_EDGE ( 'NONE', *, *, #2626, .T. ) ;
#1072 = CARTESIAN_POINT ( 'NONE',  ( -4.271114692723289252, 8.986661186536569090, 3.600000000000000089 ) ) ;
#1073 = ORIENTED_EDGE ( 'NONE', *, *, #4870, .T. ) ;
#1074 = CARTESIAN_POINT ( 'NONE',  ( -1.159649499330492883, 20.00262592974430831, 2.008571851812228193 ) ) ;
#1075 = EDGE_CURVE ( 'NONE', #5199, #1961, #1259, .T. ) ;
#1076 = EDGE_LOOP ( 'NONE', ( #1548, #4102 ) ) ;
#1077 = DIRECTION ( 'NONE',  ( -1.000000000000000000, 0.000000000000000000, 0.000000000000000000 ) ) ;
#1078 = ORIENTED_EDGE ( 'NONE', *, *, #862, .F. ) ;
#1079 = DIRECTION ( 'NONE',  ( 1.000000000000000000, 2.220446049250312765E-14, 0.000000000000000000 ) ) ;
#1080 = CARTESIAN_POINT ( 'NONE',  ( -2.319298998660989763, 21.05262592974430902, -1.339047901208151536 ) ) ;
#1081 = EDGE_CURVE ( 'NONE', #1097, #4162, #3677, .T. ) ;
#1082 = CARTESIAN_POINT ( 'NONE',  ( 3.818583336892907545E-16, 23.33297455179781821, 2.078739948830717665 ) ) ;
#1083 = CARTESIAN_POINT ( 'NONE',  ( -13.14337206292275440, 4.674855165198334106, 2.500000000000006661 ) ) ;
#1084 = CARTESIAN_POINT ( 'NONE',  ( 1.800241603548965674, 23.53297455179781394, -1.039369974415359499 ) ) ;
#1085 = ORIENTED_EDGE ( 'NONE', *, *, #2726, .F. ) ;
#1086 = ORIENTED_EDGE ( 'NONE', *, *, #2694, .T. ) ;
#1087 = DIRECTION ( 'NONE',  ( -1.000000000000000000, 0.000000000000000000, 0.000000000000000000 ) ) ;
#1088 = AXIS2_PLACEMENT_3D ( 'NONE', #1933, #4319, #3148 ) ;
#1089 = EDGE_CURVE ( 'NONE', #4529, #4942, #1642, .T. ) ;
#1090 = DIRECTION ( 'NONE',  ( -1.000000000000000000, 0.000000000000000000, 0.000000000000000000 ) ) ;
#1091 = ORIENTED_EDGE ( 'NONE', *, *, #4561, .T. ) ;
#1092 = PLANE ( 'NONE',  #3522 ) ;
#1093 = CARTESIAN_POINT ( 'NONE',  ( -1.272861112297635766E-16, 24.83297455179781110, -2.078739948830718109 ) ) ;
#1094 = DIRECTION ( 'NONE',  ( -0.8514888055975258219, 0.5243727814657230812, -1.965280120606063796E-13 ) ) ;
#1095 = DIRECTION ( 'NONE',  ( 1.000000000000000000, 0.000000000000000000, 0.000000000000000000 ) ) ;
#1096 = CARTESIAN_POINT ( 'NONE',  ( 4.271114692723227080, 8.986661186536599288, 3.600000000000000089 ) ) ;
#1097 = VERTEX_POINT ( 'NONE', #4544 ) ;
#1098 = LINE ( 'NONE', #2730, #4607 ) ;
#1099 = ORIENTED_EDGE ( 'NONE', *, *, #1194, .T. ) ;
#1100 = CARTESIAN_POINT ( 'NONE',  ( -2.319298998660988875, 21.70262592974429694, 0.000000000000000000 ) ) ;
#1101 = AXIS2_PLACEMENT_3D ( 'NONE', #2096, #331, #2485 ) ;
#1102 = EDGE_CURVE ( 'NONE', #1061, #1019, #788, .T. ) ;
#1103 = AXIS2_PLACEMENT_3D ( 'NONE', #488, #1347, #4744 ) ;
#1104 = ORIENTED_EDGE ( 'NONE', *, *, #4488, .F. ) ;
#1105 = LINE ( 'NONE', #4398, #307 ) ;
#1106 = VERTEX_POINT ( 'NONE', #2444 ) ;
#1107 = DIRECTION ( 'NONE',  ( -0.9031820287976543016, 0.4292577580626272260, 0.000000000000000000 ) ) ;
#1108 = CARTESIAN_POINT ( 'NONE',  ( 4.919582178358633841E-16, 18.85262592974432039, 2.678095802416303517 ) ) ;
#1109 = CARTESIAN_POINT ( 'NONE',  ( -0.9001208017744819490, 19.08297455179784308, 1.559054961623039581 ) ) ;
#1110 = FACE_OUTER_BOUND ( 'NONE', #3115, .T. ) ;
#1111 = CARTESIAN_POINT ( 'NONE',  ( 0.9001208017744838363, 22.18297455179782318, 1.559054961623038471 ) ) ;
#1112 = VERTEX_POINT ( 'NONE', #2913 ) ;
#1113 = ORIENTED_EDGE ( 'NONE', *, *, #5201, .F. ) ;
#1114 = CARTESIAN_POINT ( 'NONE',  ( -2.319298998661009747, 16.85262592974433105, -1.339047901208116897 ) ) ;
#1115 = PRODUCT_DEFINITION ( 'UNKNOWN', '', #2434, #2596 ) ;
#1116 = DIRECTION ( 'NONE',  ( 0.000000000000000000, -0.000000000000000000, 1.000000000000000000 ) ) ;
#1117 = ORIENTED_EDGE ( 'NONE', *, *, #4678, .T. ) ;
#1118 = CARTESIAN_POINT ( 'NONE',  ( -2.714623668879432294, 15.48910671664152261, -6.265491567598064048E-13 ) ) ;
#1119 = CARTESIAN_POINT ( 'NONE',  ( 0.9001208017744862788, 22.78297455179782105, 1.559054961623036917 ) ) ;
#1120 = CARTESIAN_POINT ( 'NONE',  ( 2.767075332439473012, -8.090586884989679817, 0.000000000000000000 ) ) ;
#1121 = DIRECTION ( 'NONE',  ( 0.000000000000000000, 0.000000000000000000, 1.000000000000000000 ) ) ;
#1122 = EDGE_LOOP ( 'NONE', ( #4124, #5090, #747, #3552, #452, #4339 ) ) ;
#1123 = CARTESIAN_POINT ( 'NONE',  ( -8.986661186536613499, 4.271114692723197770, 3.600000000000000089 ) ) ;
#1124 = ORIENTED_EDGE ( 'NONE', *, *, #5202, .T. ) ;
#1125 = CARTESIAN_POINT ( 'NONE',  ( 1.159649499330493994, 20.30262592974430547, -2.008571851812227305 ) ) ;
#1126 = CIRCLE ( 'NONE', #2452, 13.94999999999999929 ) ;
#1127 = ORIENTED_EDGE ( 'NONE', *, *, #2061, .T. ) ;
#1128 = CARTESIAN_POINT ( 'NONE',  ( -1.947567645727450003, 24.75369619145125455, -0.9322544283991389680 ) ) ;
#1129 = ORIENTED_EDGE ( 'NONE', *, *, #1885, .T. ) ;
#1130 = CARTESIAN_POINT ( 'NONE',  ( -1.639860726119544942E-16, 18.55262592974431612, -2.678095802416303517 ) ) ;
#1131 = CARTESIAN_POINT ( 'NONE',  ( -1.800241603548966340, 21.33297455179783242, -1.039369974415358833 ) ) ;
#1132 = CARTESIAN_POINT ( 'NONE',  ( -3.334394902775769332, -9.374663227676105492, 3.600000000000000089 ) ) ;
#1133 = CARTESIAN_POINT ( 'NONE',  ( -1.800241603548965674, 22.63297455179781892, 1.039369974415360165 ) ) ;
#1134 = EDGE_LOOP ( 'NONE', ( #3145, #932, #1610, #939, #2136 ) ) ;
#1135 = DIRECTION ( 'NONE',  ( 0.4867236165772265699, 0.8735560205653585264, 0.000000000000000000 ) ) ;
#1136 = CARTESIAN_POINT ( 'NONE',  ( -6.969267952917433989E-13, 15.64844929580395316, 3.114603960798457472 ) ) ;
#1137 = AXIS2_PLACEMENT_3D ( 'NONE', #4085, #2011, #852 ) ;
#1138 = VECTOR ( 'NONE', #871, 1000.000000000000000 ) ;
#1139 = DIRECTION ( 'NONE',  ( 1.000000000000000000, 0.000000000000000000, 0.000000000000000000 ) ) ;
#1140 = AXIS2_PLACEMENT_3D ( 'NONE', #4849, #1533, #3970 ) ;
#1141 = ORIENTED_EDGE ( 'NONE', *, *, #5370, .F. ) ;
#1142 = DIRECTION ( 'NONE',  ( 1.000000000000000000, 2.575717417130363489E-14, 0.000000000000000000 ) ) ;
#1143 = EDGE_CURVE ( 'NONE', #2450, #2592, #1170, .T. ) ;
#1144 = CARTESIAN_POINT ( 'NONE',  ( -1.800241603548960567, 20.23297455179783810, 1.039369974415367937 ) ) ;
#1145 = DIRECTION ( 'NONE',  ( 0.000000000000000000, 0.000000000000000000, -1.000000000000000000 ) ) ;
#1146 = VECTOR ( 'NONE', #2966, 999.9999999999998863 ) ;
#1147 = EDGE_CURVE ( 'NONE', #4691, #766, #779, .T. ) ;
#1148 = CARTESIAN_POINT ( 'NONE',  ( 0.000000000000000000, 25.00000000000000000, 0.000000000000000000 ) ) ;
#1149 = CIRCLE ( 'NONE', #2478, 9.949999999999981526 ) ;
#1150 = CARTESIAN_POINT ( 'NONE',  ( 9.185996884128961426, 3.321864870154491722, 0.000000000000000000 ) ) ;
#1151 = DIRECTION ( 'NONE',  ( -1.000000000000000000, 0.000000000000000000, 0.000000000000000000 ) ) ;
#1152 = VERTEX_POINT ( 'NONE', #3356 ) ;
#1153 = CARTESIAN_POINT ( 'NONE',  ( -3.916927671089122521E-16, 1.861608775391043937E-16, -6.218749999999967137 ) ) ;
#1154 = EDGE_LOOP ( 'NONE', ( #4204, #4211, #829, #2408 ) ) ;
#1155 = CARTESIAN_POINT ( 'NONE',  ( -2.319298998660988875, 21.05262592974430902, -1.339047901208151092 ) ) ;
#1156 = ORIENTED_EDGE ( 'NONE', *, *, #3693, .T. ) ;
#1157 = CARTESIAN_POINT ( 'NONE',  ( -1.602280883546307599, 24.68382606972230420, -1.549152107415807667 ) ) ;
#1158 = VERTEX_POINT ( 'NONE', #4518 ) ;
#1159 = CARTESIAN_POINT ( 'NONE',  ( -1.800241603548965674, 20.83297455179783597, 1.039369974415360165 ) ) ;
#1160 = DIRECTION ( 'NONE',  ( 1.000000000000000000, 0.000000000000000000, 0.000000000000000000 ) ) ;
#1161 = CARTESIAN_POINT ( 'NONE',  ( 3.818583336892907545E-16, 22.13297455179782602, 2.078739948830717665 ) ) ;
#1162 = EDGE_LOOP ( 'NONE', ( #1792, #5161, #3422, #4600, #1817 ) ) ;
#1163 = ORIENTED_EDGE ( 'NONE', *, *, #2158, .T. ) ;
#1164 = DIRECTION ( 'NONE',  ( 0.000000000000000000, 1.000000000000000000, 0.000000000000000000 ) ) ;
#1165 = CARTESIAN_POINT ( 'NONE',  ( 4.328135129845541051, -9.007820706583318682, 0.000000000000000000 ) ) ;
#1166 = ADVANCED_FACE ( 'NONE', ( #2503 ), #4934, .F. ) ;
#1167 = ORIENTED_EDGE ( 'NONE', *, *, #5145, .T. ) ;
#1168 = CYLINDRICAL_SURFACE ( 'NONE', #3417, 1.599999999999998979 ) ;
#1169 = CARTESIAN_POINT ( 'NONE',  ( -0.9001208017744872780, 21.28297455179782816, -1.559054961623036251 ) ) ;
#1170 = LINE ( 'NONE', #760, #3072 ) ;
#1171 = EDGE_CURVE ( 'NONE', #2784, #4449, #352, .T. ) ;
#1172 = CARTESIAN_POINT ( 'NONE',  ( -2.247890481520463446, 24.65602206248329864, -0.007729697413490377138 ) ) ;
#1173 = DIRECTION ( 'NONE',  ( 0.000000000000000000, -0.000000000000000000, -1.000000000000000000 ) ) ;
#1174 = CARTESIAN_POINT ( 'NONE',  ( -1.159649499330492217, 18.20262592974431826, 2.008571851812228637 ) ) ;
#1175 = APPLICATION_CONTEXT ( 'automotive_design' ) ;
#1176 = DIRECTION ( 'NONE',  ( 0.000000000000000000, 0.000000000000000000, -1.000000000000000000 ) ) ;
#1177 = CIRCLE ( 'NONE', #4948, 1.900000000000002354 ) ;
#1178 = DIRECTION ( 'NONE',  ( -0.000000000000000000, -0.000000000000000000, -1.000000000000000000 ) ) ;
#1179 = ORIENTED_EDGE ( 'NONE', *, *, #4799, .T. ) ;
#1180 = DIRECTION ( 'NONE',  ( -1.000000000000000000, 0.000000000000000000, 0.000000000000000000 ) ) ;
#1181 = EDGE_CURVE ( 'NONE', #642, #4499, #3758, .T. ) ;
#1182 = CARTESIAN_POINT ( 'NONE',  ( -2.319298998660988875, 22.25262592974429765, -1.339047901208151092 ) ) ;
#1183 = VECTOR ( 'NONE', #4150, 1000.000000000000000 ) ;
#1184 = ORIENTED_EDGE ( 'NONE', *, *, #1143, .T. ) ;
#1185 = LINE ( 'NONE', #3312, #3122 ) ;
#1186 = ORIENTED_EDGE ( 'NONE', *, *, #220, .F. ) ;
#1187 = SHAPE_REPRESENTATION ( 'motor lower part_Varsay考an', ( #4805 ), #1998 ) ;
#1188 = CARTESIAN_POINT ( 'NONE',  ( 1.800241603548965674, 19.93297455179784095, -1.039369974415359499 ) ) ;
#1189 = AXIS2_PLACEMENT_3D ( 'NONE', #1018, #4366, #990 ) ;
#1190 = DIRECTION ( 'NONE',  ( -0.000000000000000000, 0.000000000000000000, -1.000000000000000000 ) ) ;
#1191 = CARTESIAN_POINT ( 'NONE',  ( 1.800241603548966784, 21.63297455179782958, 1.039369974415358611 ) ) ;
#1192 = ORIENTED_EDGE ( 'NONE', *, *, #3213, .F. ) ;
#1193 = ORIENTED_EDGE ( 'NONE', *, *, #3133, .F. ) ;
#1194 = EDGE_CURVE ( 'NONE', #3166, #1581, #3848, .T. ) ;
#1195 = FACE_OUTER_BOUND ( 'NONE', #3225, .T. ) ;
#1196 = CARTESIAN_POINT ( 'NONE',  ( 0.000000000000000000, 0.000000000000000000, 6.000000000000000000 ) ) ;
#1197 = EDGE_LOOP ( 'NONE', ( #1358, #3593, #1062, #2617, #3471 ) ) ;
#1198 = DIRECTION ( 'NONE',  ( 0.000000000000000000, 0.000000000000000000, -1.000000000000000000 ) ) ;
#1199 = CARTESIAN_POINT ( 'NONE',  ( -0.9001208017744876111, 20.68297455179783384, -1.559054961623036029 ) ) ;
#1200 = CARTESIAN_POINT ( 'NONE',  ( -3.841151052554462380E-16, 7.776708625381701350E-16, 17.95000000000004192 ) ) ;
#1201 = CARTESIAN_POINT ( 'NONE',  ( 0.000000000000000000, 0.000000000000000000, 6.000000000000000000 ) ) ;
#1202 =( LENGTH_UNIT ( ) NAMED_UNIT ( * ) SI_UNIT ( .MILLI., .METRE. ) );
#1203 = CARTESIAN_POINT ( 'NONE',  ( 2.319298998661002198, 18.95262592974431826, 1.339047901208128666 ) ) ;
#1204 = DIRECTION ( 'NONE',  ( -0.8983966372754098595, 0.4391850203868931102, 0.000000000000000000 ) ) ;
#1205 = CARTESIAN_POINT ( 'NONE',  ( 13.94999999999999929, 1.708382284810557565E-15, 0.000000000000000000 ) ) ;
#1206 = ORIENTED_EDGE ( 'NONE', *, *, #1643, .F. ) ;
#1207 = DIRECTION ( 'NONE',  ( -0.2841770072801130809, -0.7989646751445430573, -0.5299989400031789311 ) ) ;
#1208 = CARTESIAN_POINT ( 'NONE',  ( 0.000000000000000000, 0.000000000000000000, 3.600000000000000089 ) ) ;
#1209 = VECTOR ( 'NONE', #921, 1000.000000000000000 ) ;
#1210 = CARTESIAN_POINT ( 'NONE',  ( -1.639860726119543710E-16, 16.75262592974432962, -2.678095802416302629 ) ) ;
#1211 = VECTOR ( 'NONE', #2392, 1000.000000000000227 ) ;
#1212 = EDGE_LOOP ( 'NONE', ( #3014, #3576, #3619, #5237 ) ) ;
#1213 = DIRECTION ( 'NONE',  ( -0.000000000000000000, -0.000000000000000000, -1.000000000000000000 ) ) ;
#1214 = EDGE_LOOP ( 'NONE', ( #470, #3992, #1766, #285, #2788 ) ) ;
#1215 = EDGE_CURVE ( 'NONE', #1226, #2307, #343, .T. ) ;
#1216 = CARTESIAN_POINT ( 'NONE',  ( 0.9001208017744838363, 18.58297455179784663, 1.559054961623038471 ) ) ;
#1217 = ADVANCED_FACE ( 'NONE', ( #5372 ), #874, .T. ) ;
#1218 = CIRCLE ( 'NONE', #77, 9.949999999999977973 ) ;
#1219 = CARTESIAN_POINT ( 'NONE',  ( -8.242525614142142132, 2.861037394075298224, 6.000000000000000000 ) ) ;
#1220 = CARTESIAN_POINT ( 'NONE',  ( -0.9001208017744819490, 18.48297455179784521, 1.559054961623039581 ) ) ;
#1221 = CIRCLE ( 'NONE', #4286, 9.949999999999979750 ) ;
#1222 = ORIENTED_EDGE ( 'NONE', *, *, #375, .F. ) ;
#1223 = VERTEX_POINT ( 'NONE', #4328 ) ;
#1224 = CARTESIAN_POINT ( 'NONE',  ( 2.778967435556481291, 0.1924264824948780095, 0.000000000000000000 ) ) ;
#1225 = CARTESIAN_POINT ( 'NONE',  ( 0.000000000000000000, 0.000000000000000000, 1.300000000000000044 ) ) ;
#1226 = VERTEX_POINT ( 'NONE', #1370 ) ;
#1227 = DIRECTION ( 'NONE',  ( 1.000000000000000000, 0.000000000000000000, 0.000000000000000000 ) ) ;
#1228 = CIRCLE ( 'NONE', #3164, 13.95000000000000284 ) ;
#1229 = CARTESIAN_POINT ( 'NONE',  ( -1.800241603548966118, 20.18297455179783739, 3.527456187965023868E-15 ) ) ;
#1230 = DIRECTION ( 'NONE',  ( -0.000000000000000000, 0.000000000000000000, -1.000000000000000000 ) ) ;
#1231 = FACE_OUTER_BOUND ( 'NONE', #1405, .T. ) ;
#1232 = CIRCLE ( 'NONE', #3361, 9.949999999999977973 ) ;
#1233 = CIRCLE ( 'NONE', #1499, 2.399999999999999911 ) ;
#1234 = CARTESIAN_POINT ( 'NONE',  ( 2.319298998660987987, 20.85262592974430262, -1.339047901208153091 ) ) ;
#1235 = DIRECTION ( 'NONE',  ( -1.000000000000000000, 0.000000000000000000, 0.000000000000000000 ) ) ;
#1236 = SURFACE_SIDE_STYLE ('',( #3363 ) ) ;
#1237 = ORIENTED_EDGE ( 'NONE', *, *, #1845, .T. ) ;
#1238 = CARTESIAN_POINT ( 'NONE',  ( 9.925054528176918467, -3.789194927251613443, 6.000000000000000000 ) ) ;
#1239 = AXIS2_PLACEMENT_3D ( 'NONE', #4411, #4490, #708 ) ;
#1240 = DIRECTION ( 'NONE',  ( 0.000000000000000000, 0.000000000000000000, -1.000000000000000000 ) ) ;
#1241 = CARTESIAN_POINT ( 'NONE',  ( -1.639860726119543710E-16, 17.95262592974432181, -2.678095802416302629 ) ) ;
#1242 = VERTEX_POINT ( 'NONE', #5093 ) ;
#1243 = EDGE_CURVE ( 'NONE', #2666, #3716, #1728, .T. ) ;
#1244 = FACE_OUTER_BOUND ( 'NONE', #1819, .T. ) ;
#1245 = ORIENTED_EDGE ( 'NONE', *, *, #3300, .T. ) ;
#1246 = VECTOR ( 'NONE', #2860, 1000.000000000000227 ) ;
#1248 = EDGE_CURVE ( 'NONE', #2428, #1975, #1317, .T. ) ;
#1247 = CARTESIAN_POINT ( 'NONE',  ( 1.800241603548965674, 15.73297455179786475, -1.039369974415359499 ) ) ;
#1249 = CARTESIAN_POINT ( 'NONE',  ( 10.95942401119258847, 0.1924264824948780095, 0.000000000000000000 ) ) ;
#1250 = CARTESIAN_POINT ( 'NONE',  ( -0.9001208017744832812, 21.28297455179782816, -1.559054961623038693 ) ) ;
#1251 = ORIENTED_EDGE ( 'NONE', *, *, #7, .F. ) ;
#1252 = EDGE_CURVE ( 'NONE', #2280, #4572, #4970, .T. ) ;
#1253 = DIRECTION ( 'NONE',  ( -0.000000000000000000, -0.000000000000000000, 1.000000000000000000 ) ) ;
#1254 = DIRECTION ( 'NONE',  ( 0.000000000000000000, 0.000000000000000000, 1.000000000000000000 ) ) ;
#1255 = DIRECTION ( 'NONE',  ( 0.000000000000000000, -0.000000000000000000, 1.000000000000000000 ) ) ;
#1256 = ORIENTED_EDGE ( 'NONE', *, *, #205, .F. ) ;
#1257 = FACE_OUTER_BOUND ( 'NONE', #3402, .T. ) ;
#1258 = CARTESIAN_POINT ( 'NONE',  ( -0.9001208017744705137, 19.68297455179783739, 1.559054961623046021 ) ) ;
#1259 = LINE ( 'NONE', #1200, #4812 ) ;
#1260 = CARTESIAN_POINT ( 'NONE',  ( -2.241114415678655991, 24.65919744599446162, 0.1274888265174153323 ) ) ;
#1261 = ADVANCED_FACE ( 'NONE', ( #2583 ), #1341, .T. ) ;
#1262 = PRESENTATION_STYLE_ASSIGNMENT (( #1703 ) ) ;
#1263 = CARTESIAN_POINT ( 'NONE',  ( -2.319298998660982658, 19.95262592974430760, 1.339047901208161750 ) ) ;
#1264 = DIRECTION ( 'NONE',  ( -0.000000000000000000, -0.000000000000000000, 1.000000000000000000 ) ) ;
#1265 = CARTESIAN_POINT ( 'NONE',  ( -12.50747877992344215, -6.177821183051905862, 1.300000000000000044 ) ) ;
#1266 = CARTESIAN_POINT ( 'NONE',  ( -3.782692346233624381, -10.12946815411574519, 0.000000000000000000 ) ) ;
#1267 = CARTESIAN_POINT ( 'NONE',  ( -0.1924264824948876962, 2.778967435556480403, 1.300000000000000044 ) ) ;
#1268 = ADVANCED_FACE ( 'NONE', ( #460 ), #4767, .F. ) ;
#1269 = CARTESIAN_POINT ( 'NONE',  ( -2.319298998660987987, 16.95262592974432891, 1.339047901208152647 ) ) ;
#1270 = CONICAL_SURFACE ( 'NONE', #4861, 13.94999999999999929, 1.012197011451335449 ) ;
#1271 = ORIENTED_EDGE ( 'NONE', *, *, #1352, .T. ) ;
#1272 = DIRECTION ( 'NONE',  ( -0.000000000000000000, 0.000000000000000000, -1.000000000000000000 ) ) ;
#1273 = EDGE_LOOP ( 'NONE', ( #5013, #1426, #4864, #2709, #1184 ) ) ;
#1274 = CARTESIAN_POINT ( 'NONE',  ( -0.9001208017744832812, 17.68297455179785160, -1.559054961623038693 ) ) ;
#1275 = EDGE_CURVE ( 'NONE', #58, #4566, #3590, .T. ) ;
#1276 = DIRECTION ( 'NONE',  ( 0.9421772088116672217, -0.3351150656056154364, 0.000000000000000000 ) ) ;
#1277 = VECTOR ( 'NONE', #2162, 1000.000000000000000 ) ;
#1278 = CARTESIAN_POINT ( 'NONE',  ( -0.9001208017744832812, 18.88297455179784379, -1.559054961623038693 ) ) ;
#1279 = VERTEX_POINT ( 'NONE', #2169 ) ;
#1280 = DIRECTION ( 'NONE',  ( 0.000000000000000000, 0.000000000000000000, 1.000000000000000000 ) ) ;
#1281 = CARTESIAN_POINT ( 'NONE',  ( -2.319298998660988875, 23.55262592974428770, 1.339047901208153091 ) ) ;
#1282 = VECTOR ( 'NONE', #4087, 1000.000000000000000 ) ;
#1283 = CARTESIAN_POINT ( 'NONE',  ( 0.000000000000000000, 0.000000000000000000, 3.600000000000000089 ) ) ;
#1284 = CARTESIAN_POINT ( 'NONE',  ( 12.50747877992344215, 6.177821183051905862, 1.300000000000000044 ) ) ;
#1285 = VECTOR ( 'NONE', #543, 1000.000000000000000 ) ;
#1286 = ORIENTED_EDGE ( 'NONE', *, *, #1769, .F. ) ;
#1287 = CARTESIAN_POINT ( 'NONE',  ( 0.9001208017744758427, 19.38297455179784023, -1.559054961623042912 ) ) ;
#1288 = CARTESIAN_POINT ( 'NONE',  ( 3.334394902775834613, 9.374663227676082400, 3.600000000000000089 ) ) ;
#1289 = APPLICATION_CONTEXT ( 'automotive_design' ) ;
#1290 = DIRECTION ( 'NONE',  ( 0.000000000000000000, 0.000000000000000000, -1.000000000000000000 ) ) ;
#1291 = EDGE_CURVE ( 'NONE', #3750, #4750, #1221, .T. ) ;
#1292 =( NAMED_UNIT ( * ) PLANE_ANGLE_UNIT ( ) SI_UNIT ( $, .RADIAN. ) );
#1293 = CARTESIAN_POINT ( 'NONE',  ( 1.159649499330507538, 19.50262592974431186, 2.008571851812219755 ) ) ;
#1294 = LINE ( 'NONE', #4197, #4734 ) ;
#1295 = LINE ( 'NONE', #2013, #314 ) ;
#1296 = FACE_OUTER_BOUND ( 'NONE', #1122, .T. ) ;
#1297 = CARTESIAN_POINT ( 'NONE',  ( -2.319298998660988875, 17.50262592974432252, 0.000000000000000000 ) ) ;
#1298 = PRESENTATION_LAYER_ASSIGNMENT (  '', '', ( #1730 ) ) ;
#1299 = EDGE_LOOP ( 'NONE', ( #5224, #1521, #2989, #5191 ) ) ;
#1300 = PLANE ( 'NONE',  #1008 ) ;
#1301 = ORIENTED_EDGE ( 'NONE', *, *, #1386, .T. ) ;
#1302 = CARTESIAN_POINT ( 'NONE',  ( 0.9001208017744826151, 16.38297455179785800, -1.559054961623038915 ) ) ;
#1303 = AXIS2_PLACEMENT_3D ( 'NONE', #2332, #214, #1952 ) ;
#1304 = DIRECTION ( 'NONE',  ( -0.000000000000000000, -0.000000000000000000, -1.000000000000000000 ) ) ;
#1305 = CARTESIAN_POINT ( 'NONE',  ( -1.272861112297636013E-16, 20.63297455179783668, -2.078739948830717665 ) ) ;
#1306 = ORIENTED_EDGE ( 'NONE', *, *, #1447, .F. ) ;
#1307 = DIRECTION ( 'NONE',  ( -0.000000000000000000, -0.000000000000000000, 1.000000000000000000 ) ) ;
#1308 = CARTESIAN_POINT ( 'NONE',  ( 4.919582178358633841E-16, 22.45262592974429694, 2.678095802416303517 ) ) ;
#1309 = MANIFOLD_SOLID_BREP ( 'Kes-S�p�r5', #3199 ) ;
#1310 = EDGE_CURVE ( 'NONE', #3008, #4101, #4682, .T. ) ;
#1311 = VECTOR ( 'NONE', #624, 1000.000000000000000 ) ;
#1312 = CARTESIAN_POINT ( 'NONE',  ( 4.271114692723351425, -8.986661186536537116, 3.599999999999999201 ) ) ;
#1313 = CARTESIAN_POINT ( 'NONE',  ( 1.159649499330497546, 23.10262592974428841, 2.008571851812225528 ) ) ;
#1314 = ORIENTED_EDGE ( 'NONE', *, *, #4874, .F. ) ;
#1315 = UNCERTAINTY_MEASURE_WITH_UNIT (LENGTH_MEASURE( 1.000000000000000082E-05 ), #4141, 'distance_accuracy_value', 'NONE');
#1316 = CARTESIAN_POINT ( 'NONE',  ( 1.800241603548966118, 17.48297455179785231, -2.469887920391783160E-14 ) ) ;
#1317 = LINE ( 'NONE', #72, #4546 ) ;
#1318 = CARTESIAN_POINT ( 'NONE',  ( 1.251850725440860845, 24.78586889862742737, 1.708972928017491233 ) ) ;
#1319 = EDGE_CURVE ( 'NONE', #2450, #3166, #5067, .T. ) ;
#1320 = CARTESIAN_POINT ( 'NONE',  ( 5.656854249492450748, 5.656854249492308639, 6.000000000000000000 ) ) ;
#1321 = CARTESIAN_POINT ( 'NONE',  ( 0.000000000000000000, 0.000000000000000000, -6.218749999999967137 ) ) ;
#1322 = CARTESIAN_POINT ( 'NONE',  ( -5.248260993623335757, -10.73583981544117982, 6.000000000000000000 ) ) ;
#1323 = EDGE_CURVE ( 'NONE', #4673, #4529, #951, .T. ) ;
#1324 = CARTESIAN_POINT ( 'NONE',  ( 2.319298998660988431, 18.45262592974432181, -1.339047901208152425 ) ) ;
#1325 = AXIS2_PLACEMENT_3D ( 'NONE', #4077, #3242, #1509 ) ;
#1326 = VERTEX_POINT ( 'NONE', #980 ) ;
#1327 = DIRECTION ( 'NONE',  ( 0.000000000000000000, -0.000000000000000000, 1.000000000000000000 ) ) ;
#1328 = ORIENTED_EDGE ( 'NONE', *, *, #4577, .F. ) ;
#1329 = CARTESIAN_POINT ( 'NONE',  ( 1.800241603548965674, 16.93297455179785516, -1.039369974415359499 ) ) ;
#1330 = CIRCLE ( 'NONE', #5263, 11.95000000000000995 ) ;
#1331 = DIRECTION ( 'NONE',  ( 1.000000000000000000, 0.000000000000000000, 0.000000000000000000 ) ) ;
#1332 = CARTESIAN_POINT ( 'NONE',  ( 1.800241603548965674, 20.53297455179783526, -1.039369974415359499 ) ) ;
#1333 = CIRCLE ( 'NONE', #2467, 6.080456575636104866 ) ;
#1334 = ORIENTED_EDGE ( 'NONE', *, *, #333, .F. ) ;
#1335 = DIRECTION ( 'NONE',  ( -0.000000000000000000, 0.000000000000000000, -1.000000000000000000 ) ) ;
#1336 = CARTESIAN_POINT ( 'NONE',  ( -1.639860726119544942E-16, 23.95262592974428628, -2.678095802416303517 ) ) ;
#1337 = DIRECTION ( 'NONE',  ( 0.000000000000000000, 0.000000000000000000, -1.000000000000000000 ) ) ;
#1338 = CARTESIAN_POINT ( 'NONE',  ( -3.693830857380534663E-16, 24.25262592974427989, 2.678095802416302629 ) ) ;
#1339 = ORIENTED_EDGE ( 'NONE', *, *, #3340, .F. ) ;
#1340 = CARTESIAN_POINT ( 'NONE',  ( 9.165886708319807652E-15, 18.53297455179784592, 2.078739948830718109 ) ) ;
#1341 = PLANE ( 'NONE',  #513 ) ;
#1342 = PRODUCT_CONTEXT ( 'NONE', #5134, 'mechanical' ) ;
#1343 = EDGE_CURVE ( 'NONE', #1242, #4757, #1398, .T. ) ;
#1344 = CARTESIAN_POINT ( 'NONE',  ( 1.631914386579616405, 24.80104714963012214, 1.326842738747127548 ) ) ;
#1345 = DIRECTION ( 'NONE',  ( -1.000000000000000000, 0.000000000000000000, 0.000000000000000000 ) ) ;
#1346 = EDGE_CURVE ( 'NONE', #2782, #4627, #302, .T. ) ;
#1347 = DIRECTION ( 'NONE',  ( 0.000000000000000000, 0.000000000000000000, 1.000000000000000000 ) ) ;
#1348 = DIRECTION ( 'NONE',  ( 1.000000000000000000, 0.000000000000000000, -0.000000000000000000 ) ) ;
#1349 = DIRECTION ( 'NONE',  ( 0.000000000000000000, 0.000000000000000000, -1.000000000000000000 ) ) ;
#1350 = AXIS2_PLACEMENT_3D ( 'NONE', #942, #1280, #4291 ) ;
#1351 = CIRCLE ( 'NONE', #4590, 1.600000000000000755 ) ;
#1352 = EDGE_CURVE ( 'NONE', #2784, #3311, #4408, .T. ) ;
#1353 = VERTEX_POINT ( 'NONE', #4457 ) ;
#1354 = DIRECTION ( 'NONE',  ( -0.000000000000000000, -0.000000000000000000, 1.000000000000000000 ) ) ;
#1355 = ORIENTED_EDGE ( 'NONE', *, *, #1412, .F. ) ;
#1356 = CARTESIAN_POINT ( 'NONE',  ( 1.159649499330495548, 22.50262592974429410, 2.008571851812226861 ) ) ;
#1357 = LINE ( 'NONE', #3038, #282 ) ;
#1358 = ORIENTED_EDGE ( 'NONE', *, *, #3196, .T. ) ;
#1359 = CARTESIAN_POINT ( 'NONE',  ( 1.800241603548965674, 17.53297455179785658, -1.039369974415359499 ) ) ;
#1360 = AXIS2_PLACEMENT_3D ( 'NONE', #2194, #3862, #2221 ) ;
#1361 = EDGE_LOOP ( 'NONE', ( #1026, #3502, #4873, #1023, #1508 ) ) ;
#1362 = DIRECTION ( 'NONE',  ( -0.7989646751445420580, 0.2841770072801158564, -0.5299989400031790421 ) ) ;
#1363 = CARTESIAN_POINT ( 'NONE',  ( 4.919582178358633841E-16, 23.65262592974428912, 2.678095802416303517 ) ) ;
#1364 = CARTESIAN_POINT ( 'NONE',  ( 0.000000000000000000, 25.00000000000000000, -1.900000000000002354 ) ) ;
#1365 = CARTESIAN_POINT ( 'NONE',  ( 2.319298998660990652, 17.75262592974432252, 1.339047901208151092 ) ) ;
#1366 = CARTESIAN_POINT ( 'NONE',  ( 2.319298998660983990, 22.05262592974429836, -1.339047901208159974 ) ) ;
#1367 = EDGE_CURVE ( 'NONE', #3716, #816, #3293, .T. ) ;
#1368 = EDGE_LOOP ( 'NONE', ( #5357, #2830 ) ) ;
#1369 = CARTESIAN_POINT ( 'NONE',  ( -0.9001208017745014889, 16.48297455179786297, -1.559054961623028035 ) ) ;
#1370 = CARTESIAN_POINT ( 'NONE',  ( -9.949999999999981526, 0.000000000000000000, 3.600000000000000089 ) ) ;
#1371 = AXIS2_PLACEMENT_3D ( 'NONE', #142, #547, #4777 ) ;
#1372 =( BOUNDED_CURVE ( )  B_SPLINE_CURVE ( 2, ( #2950, #414, #2097, #3637, #2539, #2372, #4201, #5300, #3308 ),
 .UNSPECIFIED., .F., .T. ) 
 B_SPLINE_CURVE_WITH_KNOTS ( ( 3, 2, 2, 2, 3 ),
 ( 0.2500000000000347500, 0.3333333333333333703, 0.5000000000000000000, 0.6666666666666667407, 0.7500000000000348610 ),
 .UNSPECIFIED. ) 
 CURVE ( )  GEOMETRIC_REPRESENTATION_ITEM ( )  RATIONAL_B_SPLINE_CURVE ( ( 0.9330127018922192983, 0.9330127018922471649, 1.000000000000000000, 0.8660254037844385966, 1.000000000000000000, 0.8660254037844385966, 1.000000000000000000, 0.9330127018921913207, 0.9330127018922192983 ) ) 
 REPRESENTATION_ITEM ( '' )  );
#1373 =( NAMED_UNIT ( * ) SI_UNIT ( $, .STERADIAN. ) SOLID_ANGLE_UNIT ( ) );
#1374 = VECTOR ( 'NONE', #2330, 1000.000000000000000 ) ;
#1375 = DIRECTION ( 'NONE',  ( 0.000000000000000000, 0.000000000000000000, 1.000000000000000000 ) ) ;
#1376 = CARTESIAN_POINT ( 'NONE',  ( -1.827887925148510728, 25.00000000000000000, 0.000000000000000000 ) ) ;
#1377 = DIRECTION ( 'NONE',  ( -0.000000000000000000, -0.000000000000000000, -1.000000000000000000 ) ) ;
#1378 = CARTESIAN_POINT ( 'NONE',  ( -13.14337206292275795, -4.674855165198334994, 3.600000000000000089 ) ) ;
#1379 = ORIENTED_EDGE ( 'NONE', *, *, #4918, .T. ) ;
#1380 = DIRECTION ( 'NONE',  ( 1.000000000000000000, 0.000000000000000000, 0.000000000000000000 ) ) ;
#1381 = EDGE_LOOP ( 'NONE', ( #5292, #1193, #5275, #4086 ) ) ;
#1382 = CARTESIAN_POINT ( 'NONE',  ( 4.919582178358630883E-16, 24.85262592974428131, 2.678095802416302629 ) ) ;
#1383 = ORIENTED_EDGE ( 'NONE', *, *, #2465, .T. ) ;
#1384 = ADVANCED_FACE ( 'NONE', ( #643 ), #3157, .F. ) ;
#1385 = CARTESIAN_POINT ( 'NONE',  ( 3.818583336892907545E-16, 17.33297455179785729, 2.078739948830717665 ) ) ;
#1386 = EDGE_CURVE ( 'NONE', #3587, #3750, #392, .T. ) ;
#1387 = ORIENTED_EDGE ( 'NONE', *, *, #2292, .F. ) ;
#1388 = DIRECTION ( 'NONE',  ( 0.000000000000000000, 0.000000000000000000, 1.000000000000000000 ) ) ;
#1389 = CARTESIAN_POINT ( 'NONE',  ( -2.319298998660988875, 22.95262592974429339, 1.339047901208153091 ) ) ;
#1390 = EDGE_CURVE ( 'NONE', #1582, #780, #4941, .T. ) ;
#1391 = DIRECTION ( 'NONE',  ( 0.000000000000000000, 0.000000000000000000, 1.000000000000000000 ) ) ;
#1392 = AXIS2_PLACEMENT_3D ( 'NONE', #2445, #5404, #381 ) ;
#1393 = DIRECTION ( 'NONE',  ( -0.000000000000000000, -0.000000000000000000, -1.000000000000000000 ) ) ;
#1394 = CARTESIAN_POINT ( 'NONE',  ( 2.319298998660990652, 15.95262592974433602, 1.339047901208151092 ) ) ;
#1395 = CARTESIAN_POINT ( 'NONE',  ( -1.159649499330494882, 24.00262592974428344, -2.008571851812226861 ) ) ;
#1396 = ORIENTED_EDGE ( 'NONE', *, *, #5370, .T. ) ;
#1397 = CARTESIAN_POINT ( 'NONE',  ( -0.9001208017744888323, 18.88297455179784379, -1.559054961623035362 ) ) ;
#1398 = LINE ( 'NONE', #563, #2678 ) ;
#1399 = AXIS2_PLACEMENT_3D ( 'NONE', #1471, #1903, #3579 ) ;
#1400 = CARTESIAN_POINT ( 'NONE',  ( 10.95942401119258847, 0.1924264824948780095, 6.000000000000000000 ) ) ;
#1401 = CARTESIAN_POINT ( 'NONE',  ( 10.73583981544116206, -5.248260993623373061, 1.300000000000000044 ) ) ;
#1402 = AXIS2_PLACEMENT_3D ( 'NONE', #380, #2004, #5016 ) ;
#1403 = PLANE ( 'NONE',  #4016 ) ;
#1404 = DIRECTION ( 'NONE',  ( -1.000000000000000000, 0.000000000000000000, 0.000000000000000000 ) ) ;
#1405 = EDGE_LOOP ( 'NONE', ( #2218, #1141, #4836, #198 ) ) ;
#1406 = CARTESIAN_POINT ( 'NONE',  ( 8.986661186536581525, 4.271114692723256390, 0.000000000000000000 ) ) ;
#1407 = VERTEX_POINT ( 'NONE', #2749 ) ;
#1408 = CIRCLE ( 'NONE', #2640, 9.949999999999979750 ) ;
#1409 = CARTESIAN_POINT ( 'NONE',  ( 1.159649499330493994, 23.90262592974428557, -2.008571851812227305 ) ) ;
#1410 = AXIS2_PLACEMENT_3D ( 'NONE', #1705, #4116, #2536 ) ;
#1411 = AXIS2_PLACEMENT_3D ( 'NONE', #5229, #4820, #4409 ) ;
#1412 = EDGE_CURVE ( 'NONE', #223, #5351, #4020, .T. ) ;
#1413 = ORIENTED_EDGE ( 'NONE', *, *, #2534, .F. ) ;
#1414 = CARTESIAN_POINT ( 'NONE',  ( -1.800241603548966118, 17.78297455179784947, 0.000000000000000000 ) ) ;
#1415 = EDGE_LOOP ( 'NONE', ( #1902, #4838, #401, #1742 ) ) ;
#1416 = ADVANCED_FACE ( 'NONE', ( #1505 ), #3212, .F. ) ;
#1417 = DIRECTION ( 'NONE',  ( -0.000000000000000000, -0.000000000000000000, -1.000000000000000000 ) ) ;
#1418 = AXIS2_PLACEMENT_3D ( 'NONE', #2113, #1198, #4932 ) ;
#1419 = CARTESIAN_POINT ( 'NONE',  ( 2.319298998660989319, 19.65262592974431044, -1.339047901208152647 ) ) ;
#1420 = CARTESIAN_POINT ( 'NONE',  ( -1.800241603548966118, 23.18297455179781608, 0.000000000000000000 ) ) ;
#1421 = VECTOR ( 'NONE', #4482, 1000.000000000000000 ) ;
#1422 = CARTESIAN_POINT ( 'NONE',  ( -8.986661186536613499, 4.271114692723197770, 3.600000000000000089 ) ) ;
#1423 = EDGE_CURVE ( 'NONE', #4040, #3636, #4159, .T. ) ;
#1424 = CARTESIAN_POINT ( 'NONE',  ( -1.159649499330495104, 15.60262592974433637, -2.008571851812227749 ) ) ;
#1425 = CARTESIAN_POINT ( 'NONE',  ( 1.159649499330494660, 24.50262592974428344, -2.008571851812226861 ) ) ;
#1426 = ORIENTED_EDGE ( 'NONE', *, *, #4918, .F. ) ;
#1427 = DIRECTION ( 'NONE',  ( -3.491481338843133355E-15, 1.000000000000000000, 0.000000000000000000 ) ) ;
#1428 = SURFACE_SIDE_STYLE ('',( #104 ) ) ;
#1429 = SURFACE_STYLE_FILL_AREA ( #2584 ) ;
#1430 = CARTESIAN_POINT ( 'NONE',  ( 1.039599286497660646, 24.90241467527146924, -1.726690477880985064 ) ) ;
#1431 = DIRECTION ( 'NONE',  ( -0.9421772088116661115, -0.3351150656056187671, 0.000000000000000000 ) ) ;
#1432 = CARTESIAN_POINT ( 'NONE',  ( 3.334394902775834613, 9.374663227676082400, 3.600000000000000089 ) ) ;
#1433 = CARTESIAN_POINT ( 'NONE',  ( 5.292112052865294736, -10.71429185807060769, 1.300000000000000044 ) ) ;
#1434 = ADVANCED_FACE ( 'NONE', ( #5252 ), #64, .T. ) ;
#1435 = CARTESIAN_POINT ( 'NONE',  ( 4.328135129845541051, -9.007820706583318682, 0.000000000000000000 ) ) ;
#1436 = VERTEX_POINT ( 'NONE', #2439 ) ;
#1437 = CARTESIAN_POINT ( 'NONE',  ( -3.321864870154523697, 9.185996884128948992, 1.300000000000000044 ) ) ;
#1438 = EDGE_LOOP ( 'NONE', ( #2032, #3879, #2484, #156 ) ) ;
#1439 = EDGE_CURVE ( 'NONE', #2430, #4641, #650, .T. ) ;
#1440 = CARTESIAN_POINT ( 'NONE',  ( 1.159649499330493994, 24.50262592974428344, -2.008571851812227305 ) ) ;
#1441 = ORIENTED_EDGE ( 'NONE', *, *, #4894, .F. ) ;
#1442 = CARTESIAN_POINT ( 'NONE',  ( -0.9001208017744819490, 15.48297455179786652, 1.559054961623039581 ) ) ;
#1443 = ORIENTED_EDGE ( 'NONE', *, *, #4306, .F. ) ;
#1444 = FACE_OUTER_BOUND ( 'NONE', #803, .T. ) ;
#1445 = CARTESIAN_POINT ( 'NONE',  ( -2.319298998660988875, 19.95262592974431470, 1.339047901208153091 ) ) ;
#1446 = CARTESIAN_POINT ( 'NONE',  ( 0.9001208017744838363, 24.58297455179781110, 1.559054961623038471 ) ) ;
#1447 = EDGE_CURVE ( 'NONE', #4449, #3724, #3470, .T. ) ;
#1448 = MECHANICAL_DESIGN_GEOMETRIC_PRESENTATION_REPRESENTATION (  '', ( #1620 ), #1797 ) ;
#1449 = DIRECTION ( 'NONE',  ( -1.000000000000000000, 0.000000000000000000, 0.000000000000000000 ) ) ;
#1450 = CARTESIAN_POINT ( 'NONE',  ( -1.159649499330495104, 17.40262592974432465, -2.008571851812227749 ) ) ;
#1451 = CARTESIAN_POINT ( 'NONE',  ( 2.319298998660987987, 21.45262592974430049, -1.339047901208152425 ) ) ;
#1452 = VERTEX_POINT ( 'NONE', #4132 ) ;
#1453 = DIRECTION ( 'NONE',  ( -0.000000000000000000, -0.000000000000000000, -1.000000000000000000 ) ) ;
#1454 = VECTOR ( 'NONE', #830, 1000.000000000000000 ) ;
#1455 = CARTESIAN_POINT ( 'NONE',  ( 6.972266317189437950E-16, 24.93465206644485832, -1.965347933555152471 ) ) ;
#1456 = PLANE ( 'NONE',  #272 ) ;
#1457 = CARTESIAN_POINT ( 'NONE',  ( 8.910027786083452089E-16, 23.93297455179781608, 2.078739948830718109 ) ) ;
#1458 = ADVANCED_FACE ( 'NONE', ( #1195 ), #2878, .F. ) ;
#1459 = DIRECTION ( 'NONE',  ( 3.304235192336768412E-15, -1.000000000000000000, 0.000000000000000000 ) ) ;
#1460 = CARTESIAN_POINT ( 'NONE',  ( -1.800241603548966118, 24.98297455179780613, 0.000000000000000000 ) ) ;
#1461 = VECTOR ( 'NONE', #3977, 1000.000000000000000 ) ;
#1462 = CARTESIAN_POINT ( 'NONE',  ( 9.374663227676069965, -3.334394902775867475, 0.5000000000000000000 ) ) ;
#1463 = ORIENTED_EDGE ( 'NONE', *, *, #415, .T. ) ;
#1464 = FACE_OUTER_BOUND ( 'NONE', #4421, .T. ) ;
#1465 = ORIENTED_EDGE ( 'NONE', *, *, #3532, .T. ) ;
#1466 = CARTESIAN_POINT ( 'NONE',  ( 2.319298998660988431, 24.45262592974428273, -1.339047901208152425 ) ) ;
#1467 = CIRCLE ( 'NONE', #2873, 9.949999999999981526 ) ;
#1468 = ORIENTED_EDGE ( 'NONE', *, *, #1747, .F. ) ;
#1469 = CARTESIAN_POINT ( 'NONE',  ( 0.9001208017744826151, 16.38297455179785800, -1.559054961623038915 ) ) ;
#1470 = EDGE_LOOP ( 'NONE', ( #2600, #2843, #5384, #3176 ) ) ;
#1471 = CARTESIAN_POINT ( 'NONE',  ( 0.000000000000000000, 0.000000000000000000, 1.300000000000000044 ) ) ;
#1472 = CARTESIAN_POINT ( 'NONE',  ( 2.319298998660989763, 20.20262592974430760, -2.840322094975842506E-16 ) ) ;
#1473 = CARTESIAN_POINT ( 'NONE',  ( 3.818583336892907545E-16, 22.73297455179782389, 2.078739948830717665 ) ) ;
#1474 = FACE_BOUND ( 'NONE', #4018, .T. ) ;
#1475 = CARTESIAN_POINT ( 'NONE',  ( 2.319298998660989763, 16.60262592974433460, -2.840322094975842506E-16 ) ) ;
#1476 = EDGE_LOOP ( 'NONE', ( #424, #4355, #4233, #4300 ) ) ;
#1477 = DIRECTION ( 'NONE',  ( 3.491481338843133355E-15, -1.000000000000000000, 0.000000000000000000 ) ) ;
#1478 = PRESENTATION_LAYER_ASSIGNMENT (  '', '', ( #3756 ) ) ;
#1479 = CARTESIAN_POINT ( 'NONE',  ( 8.986661186536643697, -4.271114692723135597, 3.600000000000000089 ) ) ;
#1480 = DIRECTION ( 'NONE',  ( -1.047444401652940007E-14, 1.000000000000000000, 0.000000000000000000 ) ) ;
#1481 = DIRECTION ( 'NONE',  ( 1.000000000000000000, 0.000000000000000000, 0.000000000000000000 ) ) ;
#1482 = DIRECTION ( 'NONE',  ( -1.000000000000000000, 0.000000000000000000, 0.000000000000000000 ) ) ;
#1483 = ADVANCED_FACE ( 'NONE', ( #4597 ), #1270, .T. ) ;
#1484 = AXIS2_PLACEMENT_3D ( 'NONE', #3334, #1240, #26 ) ;
#1485 = EDGE_CURVE ( 'NONE', #3313, #3942, #1710, .T. ) ;
#1486 = FACE_OUTER_BOUND ( 'NONE', #949, .T. ) ;
#1487 = AXIS2_PLACEMENT_3D ( 'NONE', #4194, #432, #4629 ) ;
#1488 = ADVANCED_FACE ( 'NONE', ( #3752 ), #3320, .T. ) ;
#1489 = ORIENTED_EDGE ( 'NONE', *, *, #2603, .T. ) ;
#1490 = CARTESIAN_POINT ( 'NONE',  ( -1.861608775391084612E-16, 3.916927671089103292E-16, -6.218749999999967137 ) ) ;
#1491 = VERTEX_POINT ( 'NONE', #4538 ) ;
#1492 = CARTESIAN_POINT ( 'NONE',  ( -1.639860726119543710E-16, 20.95262592974430405, -2.678095802416302629 ) ) ;
#1493 = ORIENTED_EDGE ( 'NONE', *, *, #1252, .F. ) ;
#1494 = CARTESIAN_POINT ( 'NONE',  ( -5.248260993623338422, -10.73583981544117982, 1.300000000000000044 ) ) ;
#1495 = ORIENTED_EDGE ( 'NONE', *, *, #2404, .T. ) ;
#1496 = PLANE ( 'NONE',  #945 ) ;
#1497 = CARTESIAN_POINT ( 'NONE',  ( -1.159649499330495104, 21.60262592974429907, -2.008571851812227749 ) ) ;
#1498 = CIRCLE ( 'NONE', #806, 9.949999999999979750 ) ;
#1499 = AXIS2_PLACEMENT_3D ( 'NONE', #2471, #376, #1638 ) ;
#1500 = DIRECTION ( 'NONE',  ( 1.000000000000000000, 0.000000000000000000, 0.000000000000000000 ) ) ;
#1501 = CARTESIAN_POINT ( 'NONE',  ( 0.9001208017744838363, 22.78297455179782105, 1.559054961623038471 ) ) ;
#1502 = VECTOR ( 'NONE', #4248, 1000.000000000000114 ) ;
#1503 = ORIENTED_EDGE ( 'NONE', *, *, #3925, .F. ) ;
#1504 = ORIENTED_EDGE ( 'NONE', *, *, #76, .F. ) ;
#1505 = FACE_OUTER_BOUND ( 'NONE', #752, .T. ) ;
#1506 = AXIS2_PLACEMENT_3D ( 'NONE', #2377, #3617, #229 ) ;
#1507 = CARTESIAN_POINT ( 'NONE',  ( -10.71429185807062723, -5.292112052865257432, 1.300000000000000044 ) ) ;
#1508 = ORIENTED_EDGE ( 'NONE', *, *, #5080, .T. ) ;
#1509 = DIRECTION ( 'NONE',  ( -1.000000000000000000, 0.000000000000000000, 0.000000000000000000 ) ) ;
#1510 = CARTESIAN_POINT ( 'NONE',  ( 0.9001208017744812828, 23.58297455179781466, -1.559054961623040025 ) ) ;
#1511 = VECTOR ( 'NONE', #2888, 1000.000000000000114 ) ;
#1512 = CARTESIAN_POINT ( 'NONE',  ( -1.800241603548966118, 15.98297455179783988, -4.155050556724601509E-13 ) ) ;
#1513 = LINE ( 'NONE', #4001, #2541 ) ;
#1514 = EDGE_CURVE ( 'NONE', #4206, #1226, #3119, .T. ) ;
#1515 = EDGE_CURVE ( 'NONE', #3117, #3630, #4074, .T. ) ;
#1516 = LINE ( 'NONE', #683, #3603 ) ;
#1517 = ORIENTED_EDGE ( 'NONE', *, *, #913, .T. ) ;
#1518 = DIRECTION ( 'NONE',  ( -0.9421772088116707744, 0.3351150656056055555, 0.000000000000000000 ) ) ;
#1519 = VERTEX_POINT ( 'NONE', #4512 ) ;
#1520 = CARTESIAN_POINT ( 'NONE',  ( 1.159649499330493994, 19.70262592974431115, -2.008571851812227305 ) ) ;
#1521 = ORIENTED_EDGE ( 'NONE', *, *, #2315, .T. ) ;
#1522 = DIRECTION ( 'NONE',  ( -1.000000000000000000, 0.000000000000000000, 0.000000000000000000 ) ) ;
#1523 = EDGE_LOOP ( 'NONE', ( #1622, #363, #3684, #3723, #2081 ) ) ;
#1524 = CARTESIAN_POINT ( 'NONE',  ( -2.861037394075269802, -8.242525614142152790, 0.000000000000000000 ) ) ;
#1525 = CARTESIAN_POINT ( 'NONE',  ( 1.159649499330495992, 18.90262592974431399, 2.008571851812227749 ) ) ;
#1526 = CARTESIAN_POINT ( 'NONE',  ( 1.800241603548966784, 21.03297455179783526, 1.039369974415358611 ) ) ;
#1527 = DIRECTION ( 'NONE',  ( -0.000000000000000000, -0.000000000000000000, -1.000000000000000000 ) ) ;
#1528 = CARTESIAN_POINT ( 'NONE',  ( 0.9001208017744826151, 23.58297455179781466, -1.559054961623038915 ) ) ;
#1529 = EDGE_LOOP ( 'NONE', ( #4900, #2890, #5104, #718 ) ) ;
#1530 = VERTEX_POINT ( 'NONE', #318 ) ;
#1531 = CARTESIAN_POINT ( 'NONE',  ( -2.319298998660989319, 16.30262592974431968, -2.636766400910197481E-13 ) ) ;
#1532 = EDGE_CURVE ( 'NONE', #3459, #3605, #2934, .T. ) ;
#1533 = DIRECTION ( 'NONE',  ( 0.000000000000000000, 0.000000000000000000, -1.000000000000000000 ) ) ;
#1534 = ORIENTED_EDGE ( 'NONE', *, *, #1323, .T. ) ;
#1535 = CARTESIAN_POINT ( 'NONE',  ( 10.71429185807062723, 5.292112052865257432, 1.300000000000000044 ) ) ;
#1536 = CARTESIAN_POINT ( 'NONE',  ( -1.800241603548966118, 24.38297455179781181, 4.409320234956279835E-16 ) ) ;
#1537 = AXIS2_PLACEMENT_3D ( 'NONE', #2817, #692, #1522 ) ;
#1538 = DIRECTION ( 'NONE',  ( 1.000000000000000000, 0.000000000000000000, 0.000000000000000000 ) ) ;
#1539 = DIRECTION ( 'NONE',  ( 0.000000000000000000, 1.000000000000000000, 0.000000000000000000 ) ) ;
#1540 = ORIENTED_EDGE ( 'NONE', *, *, #684, .F. ) ;
#1541 = CARTESIAN_POINT ( 'NONE',  ( -8.242525614142142132, 2.861037394075298224, 0.000000000000000000 ) ) ;
#1542 = ORIENTED_EDGE ( 'NONE', *, *, #2621, .F. ) ;
#1543 = CARTESIAN_POINT ( 'NONE',  ( 1.159649499330495548, 19.50262592974431186, 2.008571851812226861 ) ) ;
#1544 = VECTOR ( 'NONE', #5212, 1000.000000000000000 ) ;
#1545 = CIRCLE ( 'NONE', #403, 9.949999999999977973 ) ;
#1546 = ORIENTED_EDGE ( 'NONE', *, *, #1876, .T. ) ;
#1547 = DIRECTION ( 'NONE',  ( -0.000000000000000000, -0.000000000000000000, -1.000000000000000000 ) ) ;
#1548 = ORIENTED_EDGE ( 'NONE', *, *, #4397, .T. ) ;
#1549 = CARTESIAN_POINT ( 'NONE',  ( -2.319298998660989763, 18.10262592974432039, 0.000000000000000000 ) ) ;
#1550 = CARTESIAN_POINT ( 'NONE',  ( -1.272861112297636013E-16, 20.63297455179783668, -2.078739948830717665 ) ) ;
#1551 = EDGE_CURVE ( 'NONE', #4284, #2236, #2110, .T. ) ;
#1552 = LINE ( 'NONE', #4099, #362 ) ;
#1553 = CARTESIAN_POINT ( 'NONE',  ( -1.800241603548965674, 24.43297455179780897, 1.039369974415360165 ) ) ;
#1554 = ORIENTED_EDGE ( 'NONE', *, *, #4965, .F. ) ;
#1555 = ADVANCED_FACE ( 'NONE', ( #3779 ), #2591, .T. ) ;
#1556 = VERTEX_POINT ( 'NONE', #2052 ) ;
#1557 = CARTESIAN_POINT ( 'NONE',  ( -2.319298998660989763, 16.30262592974430902, -5.193946359114245969E-13 ) ) ;
#1558 =( GEOMETRIC_REPRESENTATION_CONTEXT ( 3 ) GLOBAL_UNCERTAINTY_ASSIGNED_CONTEXT ( ( #1315 ) ) GLOBAL_UNIT_ASSIGNED_CONTEXT ( ( #4141, #1645, #3328 ) ) REPRESENTATION_CONTEXT ( 'NONE', 'WORKASPACE' ) );
#1559 = ITEM_DEFINED_TRANSFORMATION ( 'NONE', 'NONE', #1915,  #4805 ) ;
#1560 = CARTESIAN_POINT ( 'NONE',  ( 0.000000000000000000, 0.000000000000000000, 0.5000000000000000000 ) ) ;
#1561 = ORIENTED_EDGE ( 'NONE', *, *, #2560, .T. ) ;
#1562 = DIRECTION ( 'NONE',  ( 0.000000000000000000, 0.000000000000000000, 1.000000000000000000 ) ) ;
#1563 = CARTESIAN_POINT ( 'NONE',  ( -0.9001208017744838363, 24.28297455179781039, -1.559054961623038249 ) ) ;
#1564 = CARTESIAN_POINT ( 'NONE',  ( 1.159649499330483113, 16.10262592974433105, -2.008571851812233966 ) ) ;
#1565 = CARTESIAN_POINT ( 'NONE',  ( -3.321864870154459748, -9.185996884128973861, 0.000000000000000000 ) ) ;
#1566 = DIRECTION ( 'NONE',  ( -0.000000000000000000, -0.000000000000000000, 1.000000000000000000 ) ) ;
#1567 = FILL_AREA_STYLE ('',( #5379 ) ) ;
#1568 = EDGE_LOOP ( 'NONE', ( #1718, #1804, #5297, #1179, #1798 ) ) ;
#1569 = DIRECTION ( 'NONE',  ( -0.000000000000000000, 0.000000000000000000, -1.000000000000000000 ) ) ;
#1570 = ORIENTED_EDGE ( 'NONE', *, *, #792, .T. ) ;
#1571 = CARTESIAN_POINT ( 'NONE',  ( 2.319298998660989319, 19.55262592974431612, 1.339047901208150648 ) ) ;
#1572 = CIRCLE ( 'NONE', #5423, 8.180456575636107175 ) ;
#1573 = ORIENTED_EDGE ( 'NONE', *, *, #4827, .F. ) ;
#1574 = DIRECTION ( 'NONE',  ( -1.000000000000000000, 0.000000000000000000, 0.000000000000000000 ) ) ;
#1575 = ORIENTED_EDGE ( 'NONE', *, *, #2163, .T. ) ;
#1576 = CARTESIAN_POINT ( 'NONE',  ( 1.800241603548966118, 21.08297455179782887, -2.204660117478139918E-16 ) ) ;
#1577 = ADVANCED_FACE ( 'NONE', ( #3672 ), #374, .F. ) ;
#1578 = DIRECTION ( 'NONE',  ( -1.000000000000000000, 0.000000000000000000, 0.000000000000000000 ) ) ;
#1579 = EDGE_CURVE ( 'NONE', #3548, #3249, #1177, .T. ) ;
#1580 = CARTESIAN_POINT ( 'NONE',  ( 1.800241603548966118, 22.88297455179781892, -2.204660117478139918E-16 ) ) ;
#1581 = VERTEX_POINT ( 'NONE', #1608 ) ;
#1582 = VERTEX_POINT ( 'NONE', #3725 ) ;
#1583 = CARTESIAN_POINT ( 'NONE',  ( 0.000000000000000000, 0.000000000000000000, 2.500000000000005773 ) ) ;
#1584 = CONICAL_SURFACE ( 'NONE', #3253, 13.94999999999999929, 1.012197011451335449 ) ;
#1585 = CIRCLE ( 'NONE', #2284, 9.949999999999979750 ) ;
#1586 = CARTESIAN_POINT ( 'NONE',  ( -0.002930373315771246396, -0.001431306476450056086, 6.000000000000000000 ) ) ;
#1587 = ORIENTED_EDGE ( 'NONE', *, *, #1147, .F. ) ;
#1588 = DIRECTION ( 'NONE',  ( 0.000000000000000000, 0.000000000000000000, -1.000000000000000000 ) ) ;
#1589 = CARTESIAN_POINT ( 'NONE',  ( -5.856447816345954808E-15, 22.43297455179782318, -2.078739948830718109 ) ) ;
#1590 = CARTESIAN_POINT ( 'NONE',  ( 0.000000000000000000, 0.000000000000000000, 6.000000000000000000 ) ) ;
#1591 = CARTESIAN_POINT ( 'NONE',  ( -1.159649499330516420, 17.40262592974432465, -2.008571851812214870 ) ) ;
#1592 = PLANE ( 'NONE',  #1303 ) ;
#1593 = CARTESIAN_POINT ( 'NONE',  ( 2.319298998660988875, 19.00262592974431541, -1.289047380800148312E-14 ) ) ;
#1594 = AXIS2_PLACEMENT_3D ( 'NONE', #2079, #3748, #5417 ) ;
#1595 = DIRECTION ( 'NONE',  ( 3.490405245461930835E-15, -1.000000000000000000, 0.000000000000000000 ) ) ;
#1596 = CARTESIAN_POINT ( 'NONE',  ( 6.717514421272335667, -6.717514421272065661, 6.000000000000000000 ) ) ;
#1597 = ORIENTED_EDGE ( 'NONE', *, *, #4848, .F. ) ;
#1598 = DIRECTION ( 'NONE',  ( 0.000000000000000000, 0.000000000000000000, -1.000000000000000000 ) ) ;
#1599 = CARTESIAN_POINT ( 'NONE',  ( -1.159649499330492883, 21.20262592974430049, 2.008571851812228193 ) ) ;
#1600 = EDGE_CURVE ( 'NONE', #1407, #1353, #3898, .T. ) ;
#1601 = VERTEX_POINT ( 'NONE', #4264 ) ;
#1602 = CARTESIAN_POINT ( 'NONE',  ( -10.73583981544116206, 5.248260993623375725, 1.300000000000000044 ) ) ;
#1603 = EDGE_LOOP ( 'NONE', ( #5187, #3968 ) ) ;
#1604 = CARTESIAN_POINT ( 'NONE',  ( 3.818583336892907545E-16, 20.33297455179783597, 2.078739948830717665 ) ) ;
#1605 = DIRECTION ( 'NONE',  ( -1.000000000000000000, 0.000000000000000000, 0.000000000000000000 ) ) ;
#1606 = CARTESIAN_POINT ( 'NONE',  ( 1.800241603548965674, 22.93297455179781963, -1.039369974415359499 ) ) ;
#1607 = FACE_OUTER_BOUND ( 'NONE', #3961, .T. ) ;
#1608 = CARTESIAN_POINT ( 'NONE',  ( 4.271114692723228856, 8.986661186536601065, 3.600000000000000089 ) ) ;
#1609 = CARTESIAN_POINT ( 'NONE',  ( 7.256854249492450393, 5.656854249492308639, -1.224646799147351420E-17 ) ) ;
#1610 = ORIENTED_EDGE ( 'NONE', *, *, #3532, .F. ) ;
#1611 = DIRECTION ( 'NONE',  ( -1.000000000000000000, 0.000000000000000000, 0.000000000000000000 ) ) ;
#1612 = CARTESIAN_POINT ( 'NONE',  ( 1.800241603548966118, 22.28297455179782460, -8.379937075804487433E-15 ) ) ;
#1613 = DIRECTION ( 'NONE',  ( -0.4292577580626335543, -0.9031820287976514150, 0.000000000000000000 ) ) ;
#1614 = CARTESIAN_POINT ( 'NONE',  ( -1.907332858841416900, 24.68775873388523578, 1.128589154285561502 ) ) ;
#1615 = VECTOR ( 'NONE', #1253, 1000.000000000000000 ) ;
#1616 =( NAMED_UNIT ( * ) PLANE_ANGLE_UNIT ( ) SI_UNIT ( $, .RADIAN. ) );
#1617 = CARTESIAN_POINT ( 'NONE',  ( 2.319298998660988875, 17.80262592974432323, -1.402660264599182052E-14 ) ) ;
#1618 = EDGE_CURVE ( 'NONE', #831, #4942, #2602, .T. ) ;
#1619 = PLANE ( 'NONE',  #4031 ) ;
#1620 = STYLED_ITEM ( 'NONE', ( #2144 ), #1309 ) ;
#1621 = CARTESIAN_POINT ( 'NONE',  ( 2.319298998660993760, 17.75262592974432252, 1.339047901208143987 ) ) ;
#1622 = ORIENTED_EDGE ( 'NONE', *, *, #3764, .T. ) ;
#1623 = DIRECTION ( 'NONE',  ( -0.000000000000000000, -0.000000000000000000, 1.000000000000000000 ) ) ;
#1624 = DIRECTION ( 'NONE',  ( 1.000000000000000000, -1.802484911382380482E-15, 0.000000000000000000 ) ) ;
#1625 = ADVANCED_FACE ( 'NONE', ( #4320 ), #5110, .T. ) ;
#1626 = CARTESIAN_POINT ( 'NONE',  ( 2.319298998660988431, 16.65262592974432820, -1.339047901208152425 ) ) ;
#1627 = VECTOR ( 'NONE', #4039, 1000.000000000000000 ) ;
#1628 = ORIENTED_EDGE ( 'NONE', *, *, #1838, .F. ) ;
#1629 = DIRECTION ( 'NONE',  ( -0.000000000000000000, -0.000000000000000000, 1.000000000000000000 ) ) ;
#1630 = ORIENTED_EDGE ( 'NONE', *, *, #2916, .T. ) ;
#1631 = CARTESIAN_POINT ( 'NONE',  ( 3.818583336892907545E-16, 19.13297455179784379, 2.078739948830717665 ) ) ;
#1632 = VECTOR ( 'NONE', #4913, 1000.000000000000000 ) ;
#1633 = FACE_BOUND ( 'NONE', #4718, .T. ) ;
#1634 = CARTESIAN_POINT ( 'NONE',  ( 0.9001208017744826151, 21.18297455179783029, -1.559054961623038915 ) ) ;
#1635 = ORIENTED_EDGE ( 'NONE', *, *, #3854, .T. ) ;
#1636 = CARTESIAN_POINT ( 'NONE',  ( -12.59938930172715210, -5.988145724973914064, 3.600000000000000089 ) ) ;
#1637 = CARTESIAN_POINT ( 'NONE',  ( -2.319298998660989763, 15.70262592974431470, -5.193946359114245969E-13 ) ) ;
#1638 = DIRECTION ( 'NONE',  ( 0.000000000000000000, 0.000000000000000000, 1.000000000000000000 ) ) ;
#1639 = VERTEX_POINT ( 'NONE', #4782 ) ;
#1640 = CARTESIAN_POINT ( 'NONE',  ( 0.000000000000000000, 0.000000000000000000, 0.000000000000000000 ) ) ;
#1641 = CARTESIAN_POINT ( 'NONE',  ( 1.800241603548957681, 20.53297455179783526, -1.039369974415374154 ) ) ;
#1642 = LINE ( 'NONE', #2856, #2454 ) ;
#1643 = EDGE_CURVE ( 'NONE', #872, #5386, #916, .T. ) ;
#1644 = CARTESIAN_POINT ( 'NONE',  ( -9.374663227676069965, 3.334394902775867031, 3.600000000000000089 ) ) ;
#1645 =( NAMED_UNIT ( * ) PLANE_ANGLE_UNIT ( ) SI_UNIT ( $, .RADIAN. ) );
#1646 = ADVANCED_FACE ( 'NONE', ( #5329 ), #4448, .T. ) ;
#1647 = CARTESIAN_POINT ( 'NONE',  ( -2.319298998660997757, 18.05262592974432323, -1.339047901208135993 ) ) ;
#1648 = DIRECTION ( 'NONE',  ( 1.000000000000000000, 0.000000000000000000, 0.000000000000000000 ) ) ;
#1649 =( LENGTH_UNIT ( ) NAMED_UNIT ( * ) SI_UNIT ( .MILLI., .METRE. ) );
#1650 = EDGE_CURVE ( 'NONE', #2152, #1772, #3980, .T. ) ;
#1651 = ORIENTED_EDGE ( 'NONE', *, *, #3486, .T. ) ;
#1652 = CARTESIAN_POINT ( 'NONE',  ( -2.500000000000000000, 3.061616997868383141E-16, 0.000000000000000000 ) ) ;
#1653 = CARTESIAN_POINT ( 'NONE',  ( 0.000000000000000000, 0.000000000000000000, 4.000000000000006217 ) ) ;
#1654 = CIRCLE ( 'NONE', #159, 11.95000000000000995 ) ;
#1655 = CARTESIAN_POINT ( 'NONE',  ( 1.159649499330495548, 17.70262592974432181, 2.008571851812226861 ) ) ;
#1656 = EDGE_CURVE ( 'NONE', #2280, #321, #2762, .T. ) ;
#1657 = ORIENTED_EDGE ( 'NONE', *, *, #300, .T. ) ;
#1658 = DIRECTION ( 'NONE',  ( -0.000000000000000000, -0.000000000000000000, -1.000000000000000000 ) ) ;
#1659 = EDGE_LOOP ( 'NONE', ( #5355, #182, #2178, #3251 ) ) ;
#1660 = CARTESIAN_POINT ( 'NONE',  ( -0.9001208017744832812, 15.88297455179786510, -1.559054961623038693 ) ) ;
#1661 = VECTOR ( 'NONE', #4758, 1000.000000000000000 ) ;
#1662 = CARTESIAN_POINT ( 'NONE',  ( -4.265336140141315902, 8.725169408049763931, 6.000000000000000000 ) ) ;
#1663 = CARTESIAN_POINT ( 'NONE',  ( -1.800241603548966118, 20.78297455179783171, 0.000000000000000000 ) ) ;
#1664 = VECTOR ( 'NONE', #2884, 1000.000000000000000 ) ;
#1665 = EDGE_LOOP ( 'NONE', ( #1540, #258, #4752, #2074 ) ) ;
#1666 = EDGE_CURVE ( 'NONE', #4038, #3433, #2235, .T. ) ;
#1667 = DIRECTION ( 'NONE',  ( -0.000000000000000000, -0.000000000000000000, -1.000000000000000000 ) ) ;
#1668 = DIRECTION ( 'NONE',  ( -1.000000000000000000, 0.000000000000000000, 0.000000000000000000 ) ) ;
#1669 = DIRECTION ( 'NONE',  ( -1.000000000000000000, 0.000000000000000000, 0.000000000000000000 ) ) ;
#1670 = ORIENTED_EDGE ( 'NONE', *, *, #3376, .T. ) ;
#1671 = LINE ( 'NONE', #5039, #2470 ) ;
#1672 = CARTESIAN_POINT ( 'NONE',  ( 0.9001208017744937173, 19.78297455179783881, 1.559054961623032698 ) ) ;
#1673 = CARTESIAN_POINT ( 'NONE',  ( 3.334394902775835057, 9.374663227676082400, 0.5000000000000000000 ) ) ;
#1674 = CARTESIAN_POINT ( 'NONE',  ( 1.159649499330484224, 17.30262592974432678, -2.008571851812233078 ) ) ;
#1675 = VECTOR ( 'NONE', #877, 1000.000000000000000 ) ;
#1676 = CONICAL_SURFACE ( 'NONE', #5173, 1.900000000000002354, 0.7853981633974452814 ) ;
#1677 = CARTESIAN_POINT ( 'NONE',  ( -1.159649499330479783, 20.60262592974430618, 2.008571851812235742 ) ) ;
#1678 = CYLINDRICAL_SURFACE ( 'NONE', #705, 11.95000000000001350 ) ;
#1679 = DIRECTION ( 'NONE',  ( -0.000000000000000000, -0.000000000000000000, 1.000000000000000000 ) ) ;
#1680 = LINE ( 'NONE', #825, #2076 ) ;
#1681 = CIRCLE ( 'NONE', #9, 1.050000000000002265 ) ;
#1682 = DIRECTION ( 'NONE',  ( 0.7071067811865512365, -0.7071067811865439090, 0.000000000000000000 ) ) ;
#1683 = EDGE_CURVE ( 'NONE', #1822, #2679, #2947, .T. ) ;
#1684 = CARTESIAN_POINT ( 'NONE',  ( -2.319298998660987987, 18.15262592974432110, 1.339047901208152647 ) ) ;
#1685 = AXIS2_PLACEMENT_3D ( 'NONE', #3259, #2821, #1160 ) ;
#1686 = ORIENTED_EDGE ( 'NONE', *, *, #2028, .F. ) ;
#1687 = CARTESIAN_POINT ( 'NONE',  ( 1.861608775391030132E-16, 3.916927671089129423E-16, -6.218749999999967137 ) ) ;
#1688 = ORIENTED_EDGE ( 'NONE', *, *, #240, .T. ) ;
#1689 = AXIS2_PLACEMENT_3D ( 'NONE', #1150, #2781, #2010 ) ;
#1690 = CARTESIAN_POINT ( 'NONE',  ( 3.818583336892907545E-16, 16.73297455179785587, 2.078739948830717665 ) ) ;
#1691 = CARTESIAN_POINT ( 'NONE',  ( 12.53263308999197179, -6.126631034397157727, 3.999999999999997335 ) ) ;
#1692 = CARTESIAN_POINT ( 'NONE',  ( -1.800241603548965674, 19.63297455179784023, 1.039369974415360165 ) ) ;
#1693 = ADVANCED_FACE ( 'NONE', ( #2787 ), #1978, .T. ) ;
#1694 = ORIENTED_EDGE ( 'NONE', *, *, #3239, .T. ) ;
#1695 = CARTESIAN_POINT ( 'NONE',  ( 0.000000000000000000, 0.000000000000000000, 2.500000000000005773 ) ) ;
#1696 = CARTESIAN_POINT ( 'NONE',  ( 2.778967435556481291, 0.1924264824948780095, 0.000000000000000000 ) ) ;
#1697 = DIRECTION ( 'NONE',  ( 0.000000000000000000, 0.000000000000000000, -1.000000000000000000 ) ) ;
#1698 = EDGE_LOOP ( 'NONE', ( #2575, #2676, #3104, #1078 ) ) ;
#1699 = DIRECTION ( 'NONE',  ( 0.000000000000000000, -0.7071067811865496822, -0.7071067811865453523 ) ) ;
#1700 = CARTESIAN_POINT ( 'NONE',  ( -1.800241603548952352, 17.23297455179785587, 1.039369974415382814 ) ) ;
#1701 = CARTESIAN_POINT ( 'NONE',  ( 3.334394902775834169, 9.374663227676080623, 3.599999999999999201 ) ) ;
#1702 = CARTESIAN_POINT ( 'NONE',  ( -0.9018725588465039689, 24.58745725971408191, -2.133574155678171103 ) ) ;
#1703 = SURFACE_STYLE_USAGE ( .BOTH. , #2479 ) ;
#1704 = CARTESIAN_POINT ( 'NONE',  ( -2.319298998660983102, 20.55262592974430902, 1.339047901208161528 ) ) ;
#1705 = CARTESIAN_POINT ( 'NONE',  ( 0.000000000000000000, 0.000000000000000000, 6.000000000000000000 ) ) ;
#1706 = PRODUCT_DEFINITION_CONTEXT ( 'detailed design', #1775, 'design' ) ;
#1707 = LINE ( 'NONE', #359, #1282 ) ;
#1708 = LINE ( 'NONE', #4636, #868 ) ;
#1709 = CARTESIAN_POINT ( 'NONE',  ( 2.319298998660989319, 18.35262592974432039, 1.339047901208150648 ) ) ;
#1710 = CIRCLE ( 'NONE', #2850, 8.180456575636107175 ) ;
#1711 = EDGE_LOOP ( 'NONE', ( #206, #1954, #1256, #5185 ) ) ;
#1712 = DIRECTION ( 'NONE',  ( -0.000000000000000000, 0.000000000000000000, -1.000000000000000000 ) ) ;
#1713 = ORIENTED_EDGE ( 'NONE', *, *, #1447, .T. ) ;
#1714 = AXIS2_PLACEMENT_3D ( 'NONE', #2271, #157, #1834 ) ;
#1715 = CARTESIAN_POINT ( 'NONE',  ( -1.800241603548966118, 16.58297455179785729, 0.000000000000000000 ) ) ;
#1716 = DIRECTION ( 'NONE',  ( 0.000000000000000000, 0.000000000000000000, -1.000000000000000000 ) ) ;
#1717 = CARTESIAN_POINT ( 'NONE',  ( 1.800241603548966784, 19.23297455179784166, 1.039369974415358611 ) ) ;
#1718 = ORIENTED_EDGE ( 'NONE', *, *, #3109, .T. ) ;
#1719 = CARTESIAN_POINT ( 'NONE',  ( 0.000000000000000000, 0.000000000000000000, 0.000000000000000000 ) ) ;
#1720 = CARTESIAN_POINT ( 'NONE',  ( -2.319298998660989763, 22.30262592974429481, 0.000000000000000000 ) ) ;
#1721 = AXIS2_PLACEMENT_3D ( 'NONE', #3116, #1327, #603 ) ;
#1722 = ADVANCED_FACE ( 'NONE', ( #3610 ), #1901, .T. ) ;
#1723 = PLANE ( 'NONE',  #5354 ) ;
#1724 = EDGE_CURVE ( 'NONE', #4008, #1223, #3982, .T. ) ;
#1725 = CARTESIAN_POINT ( 'NONE',  ( -2.337215957081505819E-15, 23.95262592974428628, -2.678095802416302629 ) ) ;
#1726 = VERTEX_POINT ( 'NONE', #5356 ) ;
#1727 = CARTESIAN_POINT ( 'NONE',  ( -1.800241603548966118, 18.98297455179784166, 1.720080617510459925E-14 ) ) ;
#1728 = LINE ( 'NONE', #4270, #1924 ) ;
#1729 = CARTESIAN_POINT ( 'NONE',  ( 1.800241603548965674, 24.73297455179781323, -1.039369974415359499 ) ) ;
#1730 = STYLED_ITEM ( 'NONE', ( #3863 ), #2736 ) ;
#1731 = CARTESIAN_POINT ( 'NONE',  ( -10.73583981544116206, 5.248260993623375725, 1.300000000000000044 ) ) ;
#1732 = DIRECTION ( 'NONE',  ( 0.000000000000000000, 0.000000000000000000, 1.000000000000000000 ) ) ;
#1733 = FACE_OUTER_BOUND ( 'NONE', #1361, .T. ) ;
#1734 = CARTESIAN_POINT ( 'NONE',  ( -1.159649499330494660, 17.40262592974432820, -2.008571851812227305 ) ) ;
#1735 = ORIENTED_EDGE ( 'NONE', *, *, #1756, .F. ) ;
#1736 = LINE ( 'NONE', #575, #660 ) ;
#1737 = ORIENTED_EDGE ( 'NONE', *, *, #2770, .T. ) ;
#1738 = CARTESIAN_POINT ( 'NONE',  ( -1.800241603548965674, 16.03297455179786368, 1.039369974415360165 ) ) ;
#1739 = AXIS2_PLACEMENT_3D ( 'NONE', #1565, #3246, #4081 ) ;
#1740 = FACE_OUTER_BOUND ( 'NONE', #3643, .T. ) ;
#1741 = CARTESIAN_POINT ( 'NONE',  ( 0.9001208017744826151, 19.98297455179783810, -1.559054961623038915 ) ) ;
#1742 = ORIENTED_EDGE ( 'NONE', *, *, #2916, .F. ) ;
#1743 = CARTESIAN_POINT ( 'NONE',  ( 4.271114692723227080, 8.986661186536599288, 3.600000000000000089 ) ) ;
#1744 = CONICAL_SURFACE ( 'NONE', #248, 13.94999999999999929, 1.012197011451335449 ) ;
#1745 = CARTESIAN_POINT ( 'NONE',  ( -1.639860726119544942E-16, 22.75262592974429765, -2.678095802416303517 ) ) ;
#1746 = EDGE_CURVE ( 'NONE', #3724, #2927, #4863, .T. ) ;
#1747 = EDGE_CURVE ( 'NONE', #1833, #872, #1105, .T. ) ;
#1748 = AXIS2_PLACEMENT_3D ( 'NONE', #4111, #1613, #2476 ) ;
#1749 = FACE_OUTER_BOUND ( 'NONE', #4808, .T. ) ;
#1750 = CARTESIAN_POINT ( 'NONE',  ( 2.319298998660988875, 24.40262592974428202, 4.619112407262317779E-16 ) ) ;
#1751 = ORIENTED_EDGE ( 'NONE', *, *, #2935, .T. ) ;
#1752 = UNCERTAINTY_MEASURE_WITH_UNIT (LENGTH_MEASURE( 1.000000000000000082E-05 ), #1922, 'distance_accuracy_value', 'NONE');
#1753 = CARTESIAN_POINT ( 'NONE',  ( 0.9001208017745067069, 16.78297455179785658, 1.559054961623025148 ) ) ;
#1754 = CARTESIAN_POINT ( 'NONE',  ( -2.399999999999999911, 15.65903842913882116, -5.374671945734867004E-13 ) ) ;
#1755 = CARTESIAN_POINT ( 'NONE',  ( 0.000000000000000000, 0.000000000000000000, 0.000000000000000000 ) ) ;
#1756 = EDGE_CURVE ( 'NONE', #4399, #2581, #284, .T. ) ;
#1757 = CARTESIAN_POINT ( 'NONE',  ( 1.855903920965394915, 24.86669399255161750, -0.8415163534798993927 ) ) ;
#1758 = AXIS2_PLACEMENT_3D ( 'NONE', #411, #2537, #4609 ) ;
#1759 = LINE ( 'NONE', #1118, #3438 ) ;
#1760 = DIRECTION ( 'NONE',  ( 1.000000000000000000, 0.000000000000000000, 0.000000000000000000 ) ) ;
#1761 = CARTESIAN_POINT ( 'NONE',  ( 0.000000000000000000, 0.000000000000000000, 6.000000000000000000 ) ) ;
#1762 = CYLINDRICAL_SURFACE ( 'NONE', #3151, 9.949999999999979750 ) ;
#1763 = CIRCLE ( 'NONE', #1325, 13.95000000000000284 ) ;
#1764 = EDGE_LOOP ( 'NONE', ( #1245, #1396, #1587, #349, #1104, #960, #196, #2259, #2981, #969, #1085, #1443, #4503 ) ) ;
#1765 = DIRECTION ( 'NONE',  ( -0.000000000000000000, -0.000000000000000000, 1.000000000000000000 ) ) ;
#1766 = ORIENTED_EDGE ( 'NONE', *, *, #2163, .F. ) ;
#1767 = CARTESIAN_POINT ( 'NONE',  ( -1.800241603548966118, 18.38297455179784734, 0.000000000000000000 ) ) ;
#1768 = AXIS2_PLACEMENT_3D ( 'NONE', #1031, #614, #1605 ) ;
#1769 = EDGE_CURVE ( 'NONE', #3130, #3997, #2595, .T. ) ;
#1770 = DIRECTION ( 'NONE',  ( 0.3351150656056154364, 0.9421772088116672217, -0.000000000000000000 ) ) ;
#1771 = CARTESIAN_POINT ( 'NONE',  ( 1.800241603548966784, 17.43297455179785516, 1.039369974415358611 ) ) ;
#1772 = VERTEX_POINT ( 'NONE', #4890 ) ;
#1773 = DIRECTION ( 'NONE',  ( -0.4292577580626366629, -0.9031820287976499717, 0.000000000000000000 ) ) ;
#1774 = CARTESIAN_POINT ( 'NONE',  ( -2.319298998660989763, 24.10262592974428486, 0.000000000000000000 ) ) ;
#1775 = APPLICATION_CONTEXT ( 'automotive_design' ) ;
#1776 = DIRECTION ( 'NONE',  ( -1.000000000000000000, 0.000000000000000000, 0.000000000000000000 ) ) ;
#1777 = CARTESIAN_POINT ( 'NONE',  ( 2.319298998660989763, 17.80262592974432323, -2.840322094975842506E-16 ) ) ;
#1778 = CARTESIAN_POINT ( 'NONE',  ( -1.159649499330488442, 22.40262592974429268, 2.008571851812230413 ) ) ;
#1779 = ORIENTED_EDGE ( 'NONE', *, *, #862, .T. ) ;
#1780 = CARTESIAN_POINT ( 'NONE',  ( 1.800241603548957015, 19.33297455179784308, -1.039369974415375042 ) ) ;
#1781 = FILL_AREA_STYLE ('',( #484 ) ) ;
#1782 = DIRECTION ( 'NONE',  ( 1.000000000000000000, 0.000000000000000000, 0.000000000000000000 ) ) ;
#1783 = PRESENTATION_STYLE_ASSIGNMENT (( #2223 ) ) ;
#1784 = DIRECTION ( 'NONE',  ( -0.000000000000000000, -0.000000000000000000, -1.000000000000000000 ) ) ;
#1785 = CARTESIAN_POINT ( 'NONE',  ( -1.850411247934784953, 25.00000000000000000, -0.2927605747569784200 ) ) ;
#1786 = CARTESIAN_POINT ( 'NONE',  ( 0.000000000000000000, 0.000000000000000000, 6.000000000000000000 ) ) ;
#1787 = DIRECTION ( 'NONE',  ( -0.000000000000000000, -0.000000000000000000, 1.000000000000000000 ) ) ;
#1788 = VECTOR ( 'NONE', #811, 1000.000000000000000 ) ;
#1789 = EDGE_CURVE ( 'NONE', #1790, #2192, #5020, .T. ) ;
#1790 = VERTEX_POINT ( 'NONE', #4064 ) ;
#1791 = DIRECTION ( 'NONE',  ( -3.304235192336768412E-15, 1.000000000000000000, 0.000000000000000000 ) ) ;
#1792 = ORIENTED_EDGE ( 'NONE', *, *, #3509, .T. ) ;
#1793 = CARTESIAN_POINT ( 'NONE',  ( -1.159649499330494660, 22.80262592974429126, -2.008571851812227305 ) ) ;
#1794 = CARTESIAN_POINT ( 'NONE',  ( 8.242525614142142132, 2.861037394075298224, 6.000000000000000000 ) ) ;
#1795 = ORIENTED_EDGE ( 'NONE', *, *, #2632, .F. ) ;
#1796 = CARTESIAN_POINT ( 'NONE',  ( -1.800241603548966118, 17.18297455179785516, 0.000000000000000000 ) ) ;
#1797 =( GEOMETRIC_REPRESENTATION_CONTEXT ( 3 ) GLOBAL_UNCERTAINTY_ASSIGNED_CONTEXT ( ( #5091 ) ) GLOBAL_UNIT_ASSIGNED_CONTEXT ( ( #2997, #3461, #4656 ) ) REPRESENTATION_CONTEXT ( 'NONE', 'WORKASPACE' ) );
#1798 = ORIENTED_EDGE ( 'NONE', *, *, #4234, .T. ) ;
#1799 = DIRECTION ( 'NONE',  ( 0.000000000000000000, -0.000000000000000000, 1.000000000000000000 ) ) ;
#1800 = CARTESIAN_POINT ( 'NONE',  ( 1.159649499330495992, 23.70262592974428628, 2.008571851812227749 ) ) ;
#1801 = CARTESIAN_POINT ( 'NONE',  ( 5.656854249492450748, 5.656854249492308639, 0.000000000000000000 ) ) ;
#1802 = CARTESIAN_POINT ( 'NONE',  ( -1.639860726119544942E-16, 16.15262592974433531, -2.678095802416303517 ) ) ;
#1803 = CARTESIAN_POINT ( 'NONE',  ( -5.371787145124974685E-15, 23.35262592974429197, -2.678095802416302629 ) ) ;
#1804 = ORIENTED_EDGE ( 'NONE', *, *, #4462, .F. ) ;
#1805 = CARTESIAN_POINT ( 'NONE',  ( -1.800241603548973446, 17.13297455179785445, -1.039369974415345954 ) ) ;
#1806 = CARTESIAN_POINT ( 'NONE',  ( -10.71429185807062723, -5.292112052865257432, 1.300000000000000044 ) ) ;
#1807 = AXIS2_PLACEMENT_3D ( 'NONE', #3389, #4943, #3713 ) ;
#1808 = CARTESIAN_POINT ( 'NONE',  ( 0.000000000000000000, 0.000000000000000000, 0.000000000000000000 ) ) ;
#1809 = CIRCLE ( 'NONE', #3743, 1.050000000000004041 ) ;
#1810 = DIRECTION ( 'NONE',  ( 0.000000000000000000, 0.000000000000000000, 1.000000000000000000 ) ) ;
#1811 = EDGE_CURVE ( 'NONE', #3602, #2024, #4775, .T. ) ;
#1812 = DIRECTION ( 'NONE',  ( -1.000000000000000000, 0.000000000000000000, 0.000000000000000000 ) ) ;
#1813 = DIRECTION ( 'NONE',  ( -1.000000000000000000, 0.000000000000000000, 0.000000000000000000 ) ) ;
#1814 = CARTESIAN_POINT ( 'NONE',  ( 11.95000000000001350, 0.000000000000000000, 1.300000000000000044 ) ) ;
#1815 = EDGE_CURVE ( 'NONE', #3497, #2666, #3255, .T. ) ;
#1816 = ADVANCED_FACE ( 'NONE', ( #746 ), #4094, .F. ) ;
#1817 = ORIENTED_EDGE ( 'NONE', *, *, #4395, .T. ) ;
#1818 = CARTESIAN_POINT ( 'NONE',  ( 3.278135129845476392, 9.007820706583343551, 0.000000000000000000 ) ) ;
#1819 = EDGE_LOOP ( 'NONE', ( #3660, #4433, #2871, #2324 ) ) ;
#1820 = CARTESIAN_POINT ( 'NONE',  ( -0.9001208017744819490, 15.48297455179786652, 1.559054961623039581 ) ) ;
#1821 = EDGE_CURVE ( 'NONE', #458, #3367, #653, .T. ) ;
#1822 = VERTEX_POINT ( 'NONE', #772 ) ;
#1823 = CARTESIAN_POINT ( 'NONE',  ( 0.000000000000000000, 0.000000000000000000, 0.000000000000000000 ) ) ;
#1824 = ORIENTED_EDGE ( 'NONE', *, *, #3803, .F. ) ;
#1825 = FACE_OUTER_BOUND ( 'NONE', #5363, .T. ) ;
#1826 = CARTESIAN_POINT ( 'NONE',  ( -2.319298998660989763, 24.65262592974428202, -1.339047901208151536 ) ) ;
#1827 = CARTESIAN_POINT ( 'NONE',  ( -0.9001208017744819490, 24.48297455179780968, 1.559054961623039581 ) ) ;
#1828 = AXIS2_PLACEMENT_3D ( 'NONE', #3842, #1787, #3469 ) ;
#1829 = PLANE ( 'NONE',  #3527 ) ;
#1830 = ADVANCED_FACE ( 'NONE', ( #2926 ), #2456, .F. ) ;
#1831 = CARTESIAN_POINT ( 'NONE',  ( 2.319298998660990652, 16.55262592974433034, 1.339047901208151092 ) ) ;
#1832 = CARTESIAN_POINT ( 'NONE',  ( 1.159649499330493327, 23.90262592974428557, -2.008571851812227749 ) ) ;
#1833 = VERTEX_POINT ( 'NONE', #364 ) ;
#1834 = DIRECTION ( 'NONE',  ( 1.000000000000000000, 0.000000000000000000, 0.000000000000000000 ) ) ;
#1835 = SURFACE_STYLE_USAGE ( .BOTH. , #1428 ) ;
#1836 = DIRECTION ( 'NONE',  ( 1.000000000000000000, 0.000000000000000000, 0.000000000000000000 ) ) ;
#1837 = CIRCLE ( 'NONE', #4898, 1.599999999999999867 ) ;
#1838 = EDGE_CURVE ( 'NONE', #3313, #2430, #5002, .T. ) ;
#1839 = CARTESIAN_POINT ( 'NONE',  ( 1.643361253065035443, 24.87899465023865631, -1.184040833056523967 ) ) ;
#1840 = DIRECTION ( 'NONE',  ( 0.8735560205653585264, -0.4867236165772266254, 0.000000000000000000 ) ) ;
#1841 = CARTESIAN_POINT ( 'NONE',  ( -2.778967435556481291, 0.1924264824948780095, 0.000000000000000000 ) ) ;
#1842 = DIRECTION ( 'NONE',  ( 1.000000000000000000, 0.000000000000000000, 0.000000000000000000 ) ) ;
#1843 = DIRECTION ( 'NONE',  ( -1.000000000000000000, 0.000000000000000000, 0.000000000000000000 ) ) ;
#1844 = ORIENTED_EDGE ( 'NONE', *, *, #933, .F. ) ;
#1845 = EDGE_CURVE ( 'NONE', #3718, #1491, #1185, .T. ) ;
#1846 = DIRECTION ( 'NONE',  ( 0.000000000000000000, 0.000000000000000000, 1.000000000000000000 ) ) ;
#1847 = ORIENTED_EDGE ( 'NONE', *, *, #2391, .T. ) ;
#1848 = CIRCLE ( 'NONE', #4908, 1.599999999999998979 ) ;
#1849 = CARTESIAN_POINT ( 'NONE',  ( 2.319298998660988875, 23.20262592974428983, -2.840322094975841520E-16 ) ) ;
#1850 = AXIS2_PLACEMENT_3D ( 'NONE', #3784, #1588, #2087 ) ;
#1851 = ORIENTED_EDGE ( 'NONE', *, *, #3567, .F. ) ;
#1852 = CARTESIAN_POINT ( 'NONE',  ( 0.9001208017744838363, 16.18297455179785871, 1.559054961623038471 ) ) ;
#1853 = ORIENTED_EDGE ( 'NONE', *, *, #1248, .T. ) ;
#1854 = CARTESIAN_POINT ( 'NONE',  ( 0.000000000000000000, 0.000000000000000000, 6.000000000000000000 ) ) ;
#1855 = AXIS2_PLACEMENT_3D ( 'NONE', #1994, #5360, #833 ) ;
#1856 = CARTESIAN_POINT ( 'NONE',  ( 2.319298998660990652, 20.15262592974431399, 1.339047901208151092 ) ) ;
#1857 = CARTESIAN_POINT ( 'NONE',  ( 1.800241603548966784, 24.63297455179780826, 1.039369974415358611 ) ) ;
#1858 = CARTESIAN_POINT ( 'NONE',  ( 0.000000000000000000, 0.000000000000000000, 3.600000000000000089 ) ) ;
#1859 = CARTESIAN_POINT ( 'NONE',  ( -1.800241603548966118, 24.98297455179780613, 0.000000000000000000 ) ) ;
#1860 = CARTESIAN_POINT ( 'NONE',  ( -2.319298998660995981, 21.05262592974430902, -1.339047901208138658 ) ) ;
#1861 = EDGE_LOOP ( 'NONE', ( #4621, #4716, #2881, #4891, #1186, #1127, #5053 ) ) ;
#1862 = CARTESIAN_POINT ( 'NONE',  ( 2.319298998660985323, 16.65262592974433176, -1.339047901208159308 ) ) ;
#1863 = CARTESIAN_POINT ( 'NONE',  ( -12.59938930172723559, 5.988145724973737316, 3.600000000000000089 ) ) ;
#1864 = CYLINDRICAL_SURFACE ( 'NONE', #4741, 8.180456575636107175 ) ;
#1865 = CARTESIAN_POINT ( 'NONE',  ( -1.800241603548967007, 24.33297455179780755, -1.039369974415357500 ) ) ;
#1866 = FACE_BOUND ( 'NONE', #1932, .T. ) ;
#1867 = DIRECTION ( 'NONE',  ( 1.000000000000000000, 0.000000000000000000, 0.000000000000000000 ) ) ;
#1868 = ORIENTED_EDGE ( 'NONE', *, *, #4350, .F. ) ;
#1869 = CARTESIAN_POINT ( 'NONE',  ( 4.271114692723228856, 8.986661186536601065, 3.600000000000000089 ) ) ;
#1870 = ORIENTED_EDGE ( 'NONE', *, *, #5361, .F. ) ;
#1871 = CARTESIAN_POINT ( 'NONE',  ( 2.319298998660988875, 25.00262592974427989, -2.840322094975841520E-16 ) ) ;
#1872 = ORIENTED_EDGE ( 'NONE', *, *, #503, .F. ) ;
#1873 = CARTESIAN_POINT ( 'NONE',  ( 3.818583336892907545E-16, 16.13297455179786155, 2.078739948830717665 ) ) ;
#1874 = ORIENTED_EDGE ( 'NONE', *, *, #5101, .F. ) ;
#1875 = CYLINDRICAL_SURFACE ( 'NONE', #4509, 2.399999999999999911 ) ;
#1876 = EDGE_CURVE ( 'NONE', #1097, #1061, #4946, .T. ) ;
#1877 = CARTESIAN_POINT ( 'NONE',  ( -2.319298998660988875, 21.75262592974429765, 1.339047901208153091 ) ) ;
#1878 = CARTESIAN_POINT ( 'NONE',  ( -1.800241603548966340, 24.33297455179781110, -1.039369974415358833 ) ) ;
#1879 = PRODUCT_DEFINITION_SHAPE ( 'NONE', 'NONE',  #1115 ) ;
#1880 = VECTOR ( 'NONE', #3265, 1000.000000000000000 ) ;
#1881 = CARTESIAN_POINT ( 'NONE',  ( 3.334394902775964287, -9.374663227676037991, 3.600000000000000089 ) ) ;
#1882 = CARTESIAN_POINT ( 'NONE',  ( 2.319298998660989763, 17.20262592974432536, -2.840322094975842506E-16 ) ) ;
#1883 = VERTEX_POINT ( 'NONE', #2897 ) ;
#1884 = CARTESIAN_POINT ( 'NONE',  ( -2.319298998660690003, 16.25262592974431186, -1.339047901208671121 ) ) ;
#1885 = EDGE_CURVE ( 'NONE', #4048, #1639, #469, .T. ) ;
#1886 = VECTOR ( 'NONE', #4502, 1000.000000000000000 ) ;
#1887 = SHAPE_DEFINITION_REPRESENTATION ( #606, #276 ) ;
#1888 = EDGE_CURVE ( 'NONE', #4416, #3367, #4558, .T. ) ;
#1889 = CYLINDRICAL_SURFACE ( 'NONE', #1411, 9.949999999999981526 ) ;
#1890 = DIRECTION ( 'NONE',  ( 0.000000000000000000, 0.000000000000000000, 1.000000000000000000 ) ) ;
#1891 = CARTESIAN_POINT ( 'NONE',  ( -1.800241603548967451, 23.13297455179781892, -1.039369974415356612 ) ) ;
#1892 = DIRECTION ( 'NONE',  ( -0.000000000000000000, 0.000000000000000000, -1.000000000000000000 ) ) ;
#1893 = DIRECTION ( 'NONE',  ( -0.7071067811865561215, 0.7071067811865389130, 0.000000000000000000 ) ) ;
#1894 = AXIS2_PLACEMENT_3D ( 'NONE', #2616, #5186, #961 ) ;
#1895 = LINE ( 'NONE', #1096, #4657 ) ;
#1896 = EDGE_LOOP ( 'NONE', ( #1163, #384, #909, #4093, #249 ) ) ;
#1897 = DIRECTION ( 'NONE',  ( -0.000000000000000000, -0.000000000000000000, 1.000000000000000000 ) ) ;
#1898 = ORIENTED_EDGE ( 'NONE', *, *, #2826, .T. ) ;
#1899 = CARTESIAN_POINT ( 'NONE',  ( 2.319298998660989319, 22.55262592974429481, 1.339047901208150648 ) ) ;
#1900 = ORIENTED_EDGE ( 'NONE', *, *, #10, .T. ) ;
#1901 = PLANE ( 'NONE',  #4249 ) ;
#1902 = ORIENTED_EDGE ( 'NONE', *, *, #5202, .F. ) ;
#1903 = DIRECTION ( 'NONE',  ( -0.000000000000000000, -0.000000000000000000, 1.000000000000000000 ) ) ;
#1904 = CARTESIAN_POINT ( 'NONE',  ( -1.159649499330493327, 20.60262592974430618, 2.008571851812229081 ) ) ;
#1905 = CARTESIAN_POINT ( 'NONE',  ( -0.9001208017744832812, 23.68297455179781608, -1.559054961623038693 ) ) ;
#1906 = CARTESIAN_POINT ( 'NONE',  ( 4.271114692723350537, -8.986661186536535340, 0.000000000000000000 ) ) ;
#1907 = CARTESIAN_POINT ( 'NONE',  ( 3.818583336892907545E-16, 23.93297455179781252, 2.078739948830717665 ) ) ;
#1908 = ORIENTED_EDGE ( 'NONE', *, *, #1656, .F. ) ;
#1909 = VERTEX_POINT ( 'NONE', #2870 ) ;
#1910 = EDGE_CURVE ( 'NONE', #672, #58, #885, .T. ) ;
#1911 = CIRCLE ( 'NONE', #1036, 1.900000000000002354 ) ;
#1912 = DIRECTION ( 'NONE',  ( 0.000000000000000000, -0.000000000000000000, 1.000000000000000000 ) ) ;
#1913 = ITEM_DEFINED_TRANSFORMATION ( 'NONE', 'NONE', #3405,  #4805 ) ;
#1914 = EDGE_CURVE ( 'NONE', #5290, #5392, #4, .T. ) ;
#1915 = AXIS2_PLACEMENT_3D ( 'NONE', #4304, #4246, #4709 ) ;
#1916 = CARTESIAN_POINT ( 'NONE',  ( 6.717514421272335667, -6.717514421272065661, 6.000000000000000000 ) ) ;
#1917 = VERTEX_POINT ( 'NONE', #5052 ) ;
#1918 = CARTESIAN_POINT ( 'NONE',  ( 9.374663227676069965, 3.334394902775865255, 0.5000000000000000000 ) ) ;
#1919 = CARTESIAN_POINT ( 'NONE',  ( 1.800241603548967007, 24.03297455179781394, 1.039369974415357278 ) ) ;
#1920 = CARTESIAN_POINT ( 'NONE',  ( 9.374663227676071742, 3.334394902775866143, 3.600000000000000089 ) ) ;
#1921 = VECTOR ( 'NONE', #2172, 1000.000000000000114 ) ;
#1922 =( LENGTH_UNIT ( ) NAMED_UNIT ( * ) SI_UNIT ( .MILLI., .METRE. ) );
#1923 = DIRECTION ( 'NONE',  ( 0.000000000000000000, 0.000000000000000000, 1.000000000000000000 ) ) ;
#1924 = VECTOR ( 'NONE', #3836, 1000.000000000000000 ) ;
#1925 = ORIENTED_EDGE ( 'NONE', *, *, #4350, .T. ) ;
#1926 = CARTESIAN_POINT ( 'NONE',  ( -9.374663227676071742, -3.334394902775866143, 3.600000000000000089 ) ) ;
#1927 = ORIENTED_EDGE ( 'NONE', *, *, #4335, .F. ) ;
#1928 = CARTESIAN_POINT ( 'NONE',  ( 2.319298998660988431, 20.85262592974430262, -1.339047901208152425 ) ) ;
#1929 = CONICAL_SURFACE ( 'NONE', #1758, 13.94999999999999929, 1.012197011451335449 ) ;
#1930 = ORIENTED_EDGE ( 'NONE', *, *, #743, .F. ) ;
#1931 = DIRECTION ( 'NONE',  ( 0.3640098508181479620, -0.7658968286282796800, -0.5299989400031790421 ) ) ;
#1932 = EDGE_LOOP ( 'NONE', ( #4879, #28 ) ) ;
#1933 = CARTESIAN_POINT ( 'NONE',  ( 0.000000000000000000, 0.000000000000000000, 3.600000000000000089 ) ) ;
#1934 = CARTESIAN_POINT ( 'NONE',  ( 2.319298998660989319, 19.05262592974431968, -1.339047901208152647 ) ) ;
#1935 = CARTESIAN_POINT ( 'NONE',  ( -1.800241603548966340, 21.93297455179783029, -1.039369974415358833 ) ) ;
#1936 = AXIS2_PLACEMENT_3D ( 'NONE', #422, #2106, #3775 ) ;
#1937 = ADVANCED_FACE ( 'NONE', ( #2489 ), #390, .F. ) ;
#1938 = CIRCLE ( 'NONE', #4299, 13.94999999999999929 ) ;
#1939 = CARTESIAN_POINT ( 'NONE',  ( -6.717514421272188230, 6.717514421272207770, 0.000000000000000000 ) ) ;
#1940 = CARTESIAN_POINT ( 'NONE',  ( -1.800241603548966118, 23.18297455179781608, 0.000000000000000000 ) ) ;
#1941 = AXIS2_PLACEMENT_3D ( 'NONE', #3160, #622, #1142 ) ;
#1942 = ORIENTED_EDGE ( 'NONE', *, *, #53, .T. ) ;
#1943 = EDGE_LOOP ( 'NONE', ( #1542, #4030, #1737, #2837 ) ) ;
#1944 = CARTESIAN_POINT ( 'NONE',  ( -2.448030882802922964E-14, 16.75262592974432962, -2.678095802416303517 ) ) ;
#1945 = VECTOR ( 'NONE', #5248, 1000.000000000000000 ) ;
#1946 = CARTESIAN_POINT ( 'NONE',  ( 0.000000000000000000, 25.00000000000000000, 0.000000000000000000 ) ) ;
#1947 = ORIENTED_EDGE ( 'NONE', *, *, #984, .F. ) ;
#1948 = DIRECTION ( 'NONE',  ( -0.000000000000000000, -0.000000000000000000, -1.000000000000000000 ) ) ;
#1949 = B_SPLINE_CURVE_WITH_KNOTS ( 'NONE', 3,
 ( #3084, #3868, #1785, #1376 ),
 .UNSPECIFIED., .F., .F.,
 ( 4, 4 ),
 ( 0.001545402867971911332, 0.002412610632212785523 ),
 .UNSPECIFIED. ) ;
#1950 = CARTESIAN_POINT ( 'NONE',  ( 1.800241603548966562, 24.63297455179781537, 1.039369974415358611 ) ) ;
#1951 = CARTESIAN_POINT ( 'NONE',  ( 2.319298998660988875, 16.00262592974433673, -3.221040645851972634E-14 ) ) ;
#1952 = DIRECTION ( 'NONE',  ( 1.000000000000000000, 0.000000000000000000, -0.000000000000000000 ) ) ;
#1953 = CARTESIAN_POINT ( 'NONE',  ( -7.957820706583331294, -3.278135129845508366, 0.000000000000000000 ) ) ;
#1954 = ORIENTED_EDGE ( 'NONE', *, *, #5302, .F. ) ;
#1955 = CARTESIAN_POINT ( 'NONE',  ( 2.326828918379973830E-16, 25.00000000000000000, 1.900000000000002354 ) ) ;
#1956 = ORIENTED_EDGE ( 'NONE', *, *, #3006, .F. ) ;
#1957 = CARTESIAN_POINT ( 'NONE',  ( 2.319298998660989319, 20.15262592974431399, 1.339047901208150648 ) ) ;
#1958 = ADVANCED_FACE ( 'NONE', ( #3369 ), #3338, .T. ) ;
#1959 = ADVANCED_FACE ( 'NONE', ( #1244 ), #4587, .F. ) ;
#1960 = EDGE_CURVE ( 'NONE', #2786, #3636, #445, .T. ) ;
#1961 = VERTEX_POINT ( 'NONE', #2154 ) ;
#1962 = CARTESIAN_POINT ( 'NONE',  ( 4.328135129845477991, 9.007820706583343551, 0.000000000000000000 ) ) ;
#1963 = VERTEX_POINT ( 'NONE', #2953 ) ;
#1964 = CARTESIAN_POINT ( 'NONE',  ( 0.000000000000000000, 0.000000000000000000, 6.000000000000000000 ) ) ;
#1965 = CARTESIAN_POINT ( 'NONE',  ( 2.319298998660989319, 20.85262592974430262, -1.339047901208152647 ) ) ;
#1966 = CARTESIAN_POINT ( 'NONE',  ( -1.800241603548966118, 21.38297455179782958, 0.000000000000000000 ) ) ;
#1967 = LINE ( 'NONE', #3721, #802 ) ;
#1968 = CARTESIAN_POINT ( 'NONE',  ( 0.9001208017744838363, 24.58297455179781110, 1.559054961623038471 ) ) ;
#1969 = ORIENTED_EDGE ( 'NONE', *, *, #46, .F. ) ;
#1970 = CARTESIAN_POINT ( 'NONE',  ( -2.778967435556481291, 0.1924264824948780095, 6.000000000000000000 ) ) ;
#1971 = CARTESIAN_POINT ( 'NONE',  ( 1.348663076389026605, 15.69844929580395032, 2.335952970599144862 ) ) ;
#1972 = CONTEXT_DEPENDENT_SHAPE_REPRESENTATION ( #928, #268 ) ;
#1973 = AXIS2_PLACEMENT_3D ( 'NONE', #1063, #1453, #5226 ) ;
#1974 = CARTESIAN_POINT ( 'NONE',  ( 4.328135129845541051, -9.007820706583318682, 6.000000000000000000 ) ) ;
#1975 = VERTEX_POINT ( 'NONE', #2544 ) ;
#1976 = PLANE ( 'NONE',  #3781 ) ;
#1977 = LINE ( 'NONE', #2277, #4082 ) ;
#1978 = CONICAL_SURFACE ( 'NONE', #2156, 1.900000000000002354, 0.7853981633974452814 ) ;
#1979 = FACE_OUTER_BOUND ( 'NONE', #4325, .T. ) ;
#1980 = CYLINDRICAL_SURFACE ( 'NONE', #1739, 1.050000000000003153 ) ;
#1981 = CARTESIAN_POINT ( 'NONE',  ( 0.000000000000000000, 0.000000000000000000, 0.000000000000000000 ) ) ;
#1982 = VERTEX_POINT ( 'NONE', #3820 ) ;
#1983 = DIRECTION ( 'NONE',  ( 0.000000000000000000, -0.000000000000000000, 1.000000000000000000 ) ) ;
#1984 = ORIENTED_EDGE ( 'NONE', *, *, #29, .F. ) ;
#1985 = EDGE_CURVE ( 'NONE', #630, #1833, #2982, .T. ) ;
#1986 = CARTESIAN_POINT ( 'NONE',  ( 2.319298998660989319, 21.35262592974430262, 1.339047901208150648 ) ) ;
#1987 = VECTOR ( 'NONE', #4832, 1000.000000000000114 ) ;
#1988 = ADVANCED_FACE ( 'NONE', ( #3394 ), #1300, .F. ) ;
#1989 = CIRCLE ( 'NONE', #844, 1.050000000000004041 ) ;
#1990 = VERTEX_POINT ( 'NONE', #1406 ) ;
#1991 = CARTESIAN_POINT ( 'NONE',  ( -2.054180817513324264, 24.84581918248667520, 0.000000000000000000 ) ) ;
#1992 = ORIENTED_EDGE ( 'NONE', *, *, #4753, .F. ) ;
#1993 = CARTESIAN_POINT ( 'NONE',  ( -1.800241603548966340, 19.53297455179784237, -1.039369974415358833 ) ) ;
#1994 = CARTESIAN_POINT ( 'NONE',  ( 0.000000000000000000, 0.000000000000000000, 0.000000000000000000 ) ) ;
#1995 = CARTESIAN_POINT ( 'NONE',  ( -1.272861112297636013E-16, 22.43297455179782318, -2.078739948830717665 ) ) ;
#1996 = CARTESIAN_POINT ( 'NONE',  ( -8.986661186536553103, -4.271114692723321227, 3.600000000000000089 ) ) ;
#1997 = CARTESIAN_POINT ( 'NONE',  ( 2.778967435556481291, 0.1924264824948780095, 6.000000000000000000 ) ) ;
#1998 =( GEOMETRIC_REPRESENTATION_CONTEXT ( 3 ) GLOBAL_UNCERTAINTY_ASSIGNED_CONTEXT ( ( #3020 ) ) GLOBAL_UNIT_ASSIGNED_CONTEXT ( ( #3813, #1616, #790 ) ) REPRESENTATION_CONTEXT ( 'NONE', 'WORKASPACE' ) );
#1999 = EDGE_CURVE ( 'NONE', #3202, #4802, #39, .T. ) ;
#2000 = CARTESIAN_POINT ( 'NONE',  ( 1.743066579297358501E-16, 16.10903842913884176, -2.399999999999999467 ) ) ;
#2001 = VERTEX_POINT ( 'NONE', #2281 ) ;
#2002 = CARTESIAN_POINT ( 'NONE',  ( -12.59938930172715210, -5.988145724973914064, 3.600000000000000089 ) ) ;
#2003 = CARTESIAN_POINT ( 'NONE',  ( -1.375076011214495560E-14, 21.83297455179782887, -2.078739948830718109 ) ) ;
#2004 = DIRECTION ( 'NONE',  ( 0.000000000000000000, 0.000000000000000000, -1.000000000000000000 ) ) ;
#2005 = CARTESIAN_POINT ( 'NONE',  ( -2.173301433694126761, 24.66942844883091723, 0.5194864206118154915 ) ) ;
#2006 = CARTESIAN_POINT ( 'NONE',  ( 12.59938930172728178, -5.988145724973652939, 2.500000000000014655 ) ) ;
#2007 = COLOUR_RGB ( '',0.3333333333333333148, 0.3333333333333333148, 0.3333333333333333148 ) ;
#2008 = ADVANCED_FACE ( 'NONE', ( #2230 ), #486, .T. ) ;
#2009 = CARTESIAN_POINT ( 'NONE',  ( 1.159649499330508648, 18.30262592974431968, 2.008571851812218867 ) ) ;
#2010 = DIRECTION ( 'NONE',  ( 1.000000000000000000, 0.000000000000000000, 0.000000000000000000 ) ) ;
#2011 = DIRECTION ( 'NONE',  ( 0.000000000000000000, 0.000000000000000000, 1.000000000000000000 ) ) ;
#2012 = VERTEX_POINT ( 'NONE', #934 ) ;
#2013 = CARTESIAN_POINT ( 'NONE',  ( -3.782692346233624381, -10.12946815411574519, 0.000000000000000000 ) ) ;
#2014 = CIRCLE ( 'NONE', #5239, 1.599999999999998979 ) ;
#2015 = CARTESIAN_POINT ( 'NONE',  ( 4.919582178358630883E-16, 21.25262592974430476, 2.678095802416302629 ) ) ;
#2016 = EDGE_CURVE ( 'NONE', #1917, #2257, #3217, .T. ) ;
#2017 = EDGE_LOOP ( 'NONE', ( #3833, #2757, #4953, #989, #1465, #857, #1413, #707, #5425, #4979, #4341, #4646, #2101, #372, #518, #2841, #4903, #5324, #36, #3453 ) ) ;
#2018 = CARTESIAN_POINT ( 'NONE',  ( -1.856139628325934821, 24.73019892706482281, -1.148273385877673913 ) ) ;
#2019 = ORIENTED_EDGE ( 'NONE', *, *, #4928, .T. ) ;
#2020 = PRODUCT_DEFINITION_CONTEXT ( 'detailed design', #1289, 'design' ) ;
#2021 = CARTESIAN_POINT ( 'NONE',  ( -0.9001208017744832812, 19.48297455179784166, -1.559054961623038693 ) ) ;
#2022 = CARTESIAN_POINT ( 'NONE',  ( -9.007820706583331116, -3.278135129845508366, 0.000000000000000000 ) ) ;
#2023 = CARTESIAN_POINT ( 'NONE',  ( -1.800241603548966340, 23.73297455179781323, -1.039369974415358833 ) ) ;
#2024 = VERTEX_POINT ( 'NONE', #3902 ) ;
#2025 = CARTESIAN_POINT ( 'NONE',  ( 4.271114692723227080, 8.986661186536597512, 0.5000000000000000000 ) ) ;
#2026 = CARTESIAN_POINT ( 'NONE',  ( -1.159649499330943190, 15.80262592974431435, 2.008571851811969289 ) ) ;
#2027 = AXIS2_PLACEMENT_3D ( 'NONE', #3214, #3564, #4459 ) ;
#2028 = EDGE_CURVE ( 'NONE', #3202, #4691, #2704, .T. ) ;
#2029 = CIRCLE ( 'NONE', #1239, 13.94999999999999929 ) ;
#2030 = CARTESIAN_POINT ( 'NONE',  ( 0.000000000000000000, 0.000000000000000000, 3.600000000000000089 ) ) ;
#2031 = EDGE_CURVE ( 'NONE', #4399, #4262, #926, .T. ) ;
#2032 = ORIENTED_EDGE ( 'NONE', *, *, #2357, .F. ) ;
#2033 = CYLINDRICAL_SURFACE ( 'NONE', #799, 2.500000000000000000 ) ;
#2034 = CARTESIAN_POINT ( 'NONE',  ( -1.800241603548966118, 22.58297455179782176, 1.763728093982511934E-15 ) ) ;
#2035 = CARTESIAN_POINT ( 'NONE',  ( 5.292112052865294736, -10.71429185807060769, 1.300000000000000044 ) ) ;
#2036 = LINE ( 'NONE', #1644, #5327 ) ;
#2037 = CIRCLE ( 'NONE', #2741, 9.949999999999981526 ) ;
#2038 = CARTESIAN_POINT ( 'NONE',  ( 1.159649499330470679, 17.90262592974432110, -2.008571851812241071 ) ) ;
#2039 = DIRECTION ( 'NONE',  ( 1.000000000000000000, 0.000000000000000000, 0.000000000000000000 ) ) ;
#2040 = CYLINDRICAL_SURFACE ( 'NONE', #880, 13.94999999999999929 ) ;
#2041 = ORIENTED_EDGE ( 'NONE', *, *, #1532, .F. ) ;
#2042 = DIRECTION ( 'NONE',  ( -0.000000000000000000, 0.000000000000000000, -1.000000000000000000 ) ) ;
#2043 = CARTESIAN_POINT ( 'NONE',  ( 2.319298998660989319, 16.55262592974433034, 1.339047901208150648 ) ) ;
#2044 = ORIENTED_EDGE ( 'NONE', *, *, #1724, .F. ) ;
#2045 = CARTESIAN_POINT ( 'NONE',  ( 5.656854249492450748, 5.656854249492308639, -1.224646799147351420E-17 ) ) ;
#2046 = ORIENTED_EDGE ( 'NONE', *, *, #1789, .T. ) ;
#2047 = CARTESIAN_POINT ( 'NONE',  ( -1.800241603548966118, 19.58297455179783952, 0.000000000000000000 ) ) ;
#2048 = DIRECTION ( 'NONE',  ( 0.6352623544126323463, -0.3105507061111237865, -0.7071067811865485719 ) ) ;
#2049 = CARTESIAN_POINT ( 'NONE',  ( -1.272861112297636013E-16, 19.43297455179783739, -2.078739948830717665 ) ) ;
#2050 = ORIENTED_EDGE ( 'NONE', *, *, #3368, .T. ) ;
#2051 = CARTESIAN_POINT ( 'NONE',  ( 0.000000000000000000, 25.00000000000000000, -2.399999999999999911 ) ) ;
#2052 = CARTESIAN_POINT ( 'NONE',  ( 10.12946815411573098, 3.782692346233659908, 0.000000000000000000 ) ) ;
#2053 = ADVANCED_FACE ( 'NONE', ( #84 ), #3091, .F. ) ;
#2054 = CARTESIAN_POINT ( 'NONE',  ( 0.000000000000000000, 0.000000000000000000, 10.59999999999999964 ) ) ;
#2055 = ORIENTED_EDGE ( 'NONE', *, *, #4666, .F. ) ;
#2056 = LINE ( 'NONE', #1284, #2823 ) ;
#2057 = CARTESIAN_POINT ( 'NONE',  ( 1.800241603548968561, 20.43297455179783739, 1.039369974415354614 ) ) ;
#2058 = FACE_OUTER_BOUND ( 'NONE', #1197, .T. ) ;
#2059 = CARTESIAN_POINT ( 'NONE',  ( -2.024267138118232445, 24.62825401222744404, -1.039600867364786962 ) ) ;
#2060 = VECTOR ( 'NONE', #1667, 1000.000000000000000 ) ;
#2061 = EDGE_CURVE ( 'NONE', #1452, #3783, #2329, .T. ) ;
#2062 =( NAMED_UNIT ( * ) PLANE_ANGLE_UNIT ( ) SI_UNIT ( $, .RADIAN. ) );
#2063 = CARTESIAN_POINT ( 'NONE',  ( -2.319298998660996425, 19.85262592974431328, -1.339047901208137992 ) ) ;
#2064 = CARTESIAN_POINT ( 'NONE',  ( -1.827887925148510728, 25.00000000000000000, 0.000000000000000000 ) ) ;
#2065 = AXIS2_PLACEMENT_3D ( 'NONE', #3918, #234, #3646 ) ;
#2066 = DIRECTION ( 'NONE',  ( -0.000000000000000000, -0.000000000000000000, -1.000000000000000000 ) ) ;
#2067 = ORIENTED_EDGE ( 'NONE', *, *, #2809, .F. ) ;
#2068 = CARTESIAN_POINT ( 'NONE',  ( -6.125352388204457377, 12.53325808081513948, 1.300000000000000044 ) ) ;
#2069 = DIRECTION ( 'NONE',  ( -1.000000000000000000, 0.000000000000000000, 0.000000000000000000 ) ) ;
#2070 = CARTESIAN_POINT ( 'NONE',  ( -2.319298998660987987, 18.75262592974431541, 1.339047901208152647 ) ) ;
#2071 = EDGE_CURVE ( 'NONE', #5281, #842, #222, .T. ) ;
#2072 = EDGE_LOOP ( 'NONE', ( #1597, #4817, #3058, #2528 ) ) ;
#2073 = DIRECTION ( 'NONE',  ( -0.000000000000000000, -0.000000000000000000, -1.000000000000000000 ) ) ;
#2074 = ORIENTED_EDGE ( 'NONE', *, *, #744, .T. ) ;
#2075 = VECTOR ( 'NONE', #5032, 1000.000000000000000 ) ;
#2076 = VECTOR ( 'NONE', #3685, 1000.000000000000000 ) ;
#2077 = CARTESIAN_POINT ( 'NONE',  ( 1.800241603548966784, 17.43297455179785516, 1.039369974415358611 ) ) ;
#2078 = CIRCLE ( 'NONE', #1103, 1.050000000000004041 ) ;
#2079 = CARTESIAN_POINT ( 'NONE',  ( -0.1924264824948682950, -2.778967435556482179, 0.000000000000000000 ) ) ;
#2080 = CARTESIAN_POINT ( 'NONE',  ( -1.800241603548965674, 20.83297455179783597, 1.039369974415360165 ) ) ;
#2081 = ORIENTED_EDGE ( 'NONE', *, *, #2626, .F. ) ;
#2082 = CARTESIAN_POINT ( 'NONE',  ( 8.986661186536585078, 4.271114692723258166, 3.600000000000000089 ) ) ;
#2083 = DIRECTION ( 'NONE',  ( -1.000000000000000000, 0.000000000000000000, 0.000000000000000000 ) ) ;
#2084 = DIRECTION ( 'NONE',  ( -0.000000000000000000, -0.000000000000000000, -1.000000000000000000 ) ) ;
#2085 = EDGE_CURVE ( 'NONE', #3241, #630, #3563, .T. ) ;
#2086 = ORIENTED_EDGE ( 'NONE', *, *, #4753, .T. ) ;
#2087 = DIRECTION ( 'NONE',  ( -1.000000000000000000, 0.000000000000000000, 0.000000000000000000 ) ) ;
#2088 = CARTESIAN_POINT ( 'NONE',  ( -1.800241603548966118, 20.78297455179783171, 3.086524164469395539E-15 ) ) ;
#2089 = DIRECTION ( 'NONE',  ( 0.8983966372754098595, -0.4391850203868931102, 0.000000000000000000 ) ) ;
#2090 = CARTESIAN_POINT ( 'NONE',  ( 1.225920219482705536E-14, 17.05262592974432678, 2.678095802416302629 ) ) ;
#2091 = SHAPE_REPRESENTATION_RELATIONSHIP ( 'NONE' , 'NONE' ,  #1187, #2474 ) ;
#2092 = CARTESIAN_POINT ( 'NONE',  ( -1.760778168772729175E-15, 17.95262592974432181, -2.678095802416302629 ) ) ;
#2093 = DIRECTION ( 'NONE',  ( -0.000000000000000000, -0.000000000000000000, -1.000000000000000000 ) ) ;
#2094 = DIRECTION ( 'NONE',  ( -0.000000000000000000, -0.000000000000000000, -1.000000000000000000 ) ) ;
#2095 = ORIENTED_EDGE ( 'NONE', *, *, #4395, .F. ) ;
#2096 = CARTESIAN_POINT ( 'NONE',  ( -5.656854249492327291, -5.656854249492432096, 0.000000000000000000 ) ) ;
#2097 = CARTESIAN_POINT ( 'NONE',  ( 1.199999999999535660, 15.85903842913882045, 2.078460969082920773 ) ) ;
#2098 = CONICAL_SURFACE ( 'NONE', #4626, 11.95000000000000995, 0.7853981633974469467 ) ;
#2099 = CARTESIAN_POINT ( 'NONE',  ( 1.159649499330493994, 18.50262592974431897, -2.008571851812227305 ) ) ;
#2100 = PRODUCT_RELATED_PRODUCT_CATEGORY ( 'part', '', ( #5206 ) ) ;
#2101 = ORIENTED_EDGE ( 'NONE', *, *, #1102, .T. ) ;
#2102 = DIRECTION ( 'NONE',  ( -0.000000000000000000, -0.000000000000000000, 1.000000000000000000 ) ) ;
#2103 = ORIENTED_EDGE ( 'NONE', *, *, #5080, .F. ) ;
#2104 = CARTESIAN_POINT ( 'NONE',  ( 0.9001208017744826151, 18.18297455179784805, -1.559054961623038915 ) ) ;
#2105 = VECTOR ( 'NONE', #3596, 1000.000000000000000 ) ;
#2106 = DIRECTION ( 'NONE',  ( 0.000000000000000000, -0.000000000000000000, 1.000000000000000000 ) ) ;
#2107 = CARTESIAN_POINT ( 'NONE',  ( -1.800241603548966340, 20.13297455179783668, -1.039369974415358833 ) ) ;
#2108 = ORIENTED_EDGE ( 'NONE', *, *, #5145, .F. ) ;
#2109 = PLANE ( 'NONE',  #636 ) ;
#2110 = LINE ( 'NONE', #16, #1880 ) ;
#2111 = LINE ( 'NONE', #3782, #443 ) ;
#2112 = VERTEX_POINT ( 'NONE', #5103 ) ;
#2113 = CARTESIAN_POINT ( 'NONE',  ( 0.000000000000000000, 0.000000000000000000, 0.5000000000000000000 ) ) ;
#2114 = COLOUR_RGB ( '',1.000000000000000000, 0.000000000000000000, 0.000000000000000000 ) ;
#2115 = CARTESIAN_POINT ( 'NONE',  ( -0.9001208017744711798, 20.88297455179783313, 1.559054961623045577 ) ) ;
#2116 = CARTESIAN_POINT ( 'NONE',  ( 0.000000000000000000, 0.000000000000000000, 1.300000000000000044 ) ) ;
#2117 = CARTESIAN_POINT ( 'NONE',  ( 1.159649499330523525, 17.70262592974432181, 2.008571851812210429 ) ) ;
#2118 = CIRCLE ( 'NONE', #4034, 13.94999999999999929 ) ;
#2119 = CARTESIAN_POINT ( 'NONE',  ( -2.319298998660972000, 18.15262592974432110, 1.339047901208179958 ) ) ;
#2120 = LINE ( 'NONE', #1731, #3616 ) ;
#2121 = CARTESIAN_POINT ( 'NONE',  ( 0.000000000000000000, 0.000000000000000000, 3.600000000000000089 ) ) ;
#2122 = LINE ( 'NONE', #4524, #5045 ) ;
#2123 = DIRECTION ( 'NONE',  ( 1.000000000000000000, -4.440892098500625373E-15, 0.000000000000000000 ) ) ;
#2124 = CARTESIAN_POINT ( 'NONE',  ( -2.319298998660987987, 17.55262592974432678, 1.339047901208152647 ) ) ;
#2125 = AXIS2_PLACEMENT_3D ( 'NONE', #4592, #808, #394 ) ;
#2126 = ORIENTED_EDGE ( 'NONE', *, *, #910, .F. ) ;
#2127 = CARTESIAN_POINT ( 'NONE',  ( -4.056854249492328535, -5.656854249492432096, 0.000000000000000000 ) ) ;
#2128 = EDGE_LOOP ( 'NONE', ( #1463, #3933, #83, #5132, #2524 ) ) ;
#2129 = EDGE_CURVE ( 'NONE', #2581, #391, #4429, .T. ) ;
#2130 = PRODUCT_RELATED_PRODUCT_CATEGORY ( 'part', '', ( #1050 ) ) ;
#2131 = CARTESIAN_POINT ( 'NONE',  ( 3.818583336892907545E-16, 17.93297455179785160, 2.078739948830717665 ) ) ;
#2132 = EDGE_CURVE ( 'NONE', #1452, #3916, #1736, .T. ) ;
#2133 = DIRECTION ( 'NONE',  ( -1.000000000000000000, 0.000000000000000000, 0.000000000000000000 ) ) ;
#2134 = APPLICATION_CONTEXT ( 'automotive_design' ) ;
#2135 = CARTESIAN_POINT ( 'NONE',  ( -0.9001208017744819490, 20.88297455179783313, 1.559054961623039581 ) ) ;
#2136 = ORIENTED_EDGE ( 'NONE', *, *, #4019, .T. ) ;
#2137 = CARTESIAN_POINT ( 'NONE',  ( -12.59938930172723737, 5.988145724973737316, 2.500000000000012434 ) ) ;
#2138 = CARTESIAN_POINT ( 'NONE',  ( -2.319298998660989763, 22.25262592974429765, -1.339047901208151536 ) ) ;
#2139 = FACE_OUTER_BOUND ( 'NONE', #4972, .T. ) ;
#2140 = CARTESIAN_POINT ( 'NONE',  ( 2.319298998660989763, 22.55262592974429126, 1.339047901208148650 ) ) ;
#2141 = EDGE_LOOP ( 'NONE', ( #446, #4926 ) ) ;
#2142 = UNCERTAINTY_MEASURE_WITH_UNIT (LENGTH_MEASURE( 1.000000000000000082E-05 ), #1649, 'distance_accuracy_value', 'NONE');
#2143 = CARTESIAN_POINT ( 'NONE',  ( 0.9001208017744940504, 19.18297455179784095, 1.559054961623032476 ) ) ;
#2144 = PRESENTATION_STYLE_ASSIGNMENT (( #1835 ) ) ;
#2145 = CARTESIAN_POINT ( 'NONE',  ( -1.800241603548966118, 22.58297455179782176, 0.000000000000000000 ) ) ;
#2146 = CARTESIAN_POINT ( 'NONE',  ( 0.1345512007392953846, 24.93041512630379231, -1.969584873696214711 ) ) ;
#2147 = CARTESIAN_POINT ( 'NONE',  ( -13.95000000000000284, 0.000000000000000000, 1.300000000000000044 ) ) ;
#2148 = DIRECTION ( 'NONE',  ( 0.000000000000000000, 0.000000000000000000, -1.000000000000000000 ) ) ;
#2149 = DIRECTION ( 'NONE',  ( -1.000000000000000000, 0.000000000000000000, 0.000000000000000000 ) ) ;
#2150 = CARTESIAN_POINT ( 'NONE',  ( -1.159649499330494660, 18.00262592974432252, -2.008571851812227305 ) ) ;
#2151 = VECTOR ( 'NONE', #782, 1000.000000000000000 ) ;
#2152 = VERTEX_POINT ( 'NONE', #908 ) ;
#2153 = EDGE_CURVE ( 'NONE', #4088, #1054, #3905, .T. ) ;
#2154 = CARTESIAN_POINT ( 'NONE',  ( 10.71429185807062545, 5.292112052865256544, 6.000000000000000000 ) ) ;
#2155 = VERTEX_POINT ( 'NONE', #3033 ) ;
#2156 = AXIS2_PLACEMENT_3D ( 'NONE', #2738, #2342, #3201 ) ;
#2158 = EDGE_CURVE ( 'NONE', #2257, #2550, #3060, .T. ) ;
#2157 = CARTESIAN_POINT ( 'NONE',  ( -0.9001208017744819490, 17.28297455179785302, 1.559054961623039581 ) ) ;
#2159 = CARTESIAN_POINT ( 'NONE',  ( -3.334394902775769332, -9.374663227676105492, 3.600000000000000089 ) ) ;
#2160 = CARTESIAN_POINT ( 'NONE',  ( 1.800241603548966784, 18.63297455179784734, 1.039369974415358611 ) ) ;
#2161 = ORIENTED_EDGE ( 'NONE', *, *, #1310, .T. ) ;
#2162 = DIRECTION ( 'NONE',  ( 0.000000000000000000, -0.000000000000000000, 1.000000000000000000 ) ) ;
#2163 = EDGE_CURVE ( 'NONE', #5138, #4367, #2593, .T. ) ;
#2164 = AXIS2_PLACEMENT_3D ( 'NONE', #1818, #1846, #4692 ) ;
#2165 = DIRECTION ( 'NONE',  ( 0.7071067811865512365, -0.7071067811865437980, 0.000000000000000000 ) ) ;
#2166 = CARTESIAN_POINT ( 'NONE',  ( 2.319298998660989319, 23.75262592974428699, 1.339047901208149760 ) ) ;
#2167 = EDGE_LOOP ( 'NONE', ( #4833, #4614, #3523, #2707, #4478 ) ) ;
#2168 = CARTESIAN_POINT ( 'NONE',  ( 1.800241603548963454, 17.53297455179785302, -1.039369974415363496 ) ) ;
#2169 = CARTESIAN_POINT ( 'NONE',  ( -13.94999999999999929, 0.000000000000000000, 3.600000000000000089 ) ) ;
#2170 =( NAMED_UNIT ( * ) SI_UNIT ( $, .STERADIAN. ) SOLID_ANGLE_UNIT ( ) );
#2171 = CARTESIAN_POINT ( 'NONE',  ( 1.792875111680995115, 24.87077063735308258, -0.9599463103736544101 ) ) ;
#2172 = DIRECTION ( 'NONE',  ( 0.9031820287976454198, 0.4292577580626461553, 0.000000000000000000 ) ) ;
#2173 = DIRECTION ( 'NONE',  ( -1.000000000000000000, 0.000000000000000000, 0.000000000000000000 ) ) ;
#2174 = DIRECTION ( 'NONE',  ( 3.304235192336768412E-15, -1.000000000000000000, 0.000000000000000000 ) ) ;
#2175 = FACE_BOUND ( 'NONE', #4282, .T. ) ;
#2176 = EDGE_CURVE ( 'NONE', #1909, #2594, #2865, .T. ) ;
#2177 = DIRECTION ( 'NONE',  ( 0.9031820287976528583, -0.4292577580626304457, 0.000000000000000000 ) ) ;
#2178 = ORIENTED_EDGE ( 'NONE', *, *, #5061, .T. ) ;
#2179 = CARTESIAN_POINT ( 'NONE',  ( -0.6511448543699772662, 24.58070100133901192, -2.226018468885055501 ) ) ;
#2180 = ORIENTED_EDGE ( 'NONE', *, *, #2809, .T. ) ;
#2181 = CARTESIAN_POINT ( 'NONE',  ( -1.800241603548965674, 16.63297455179785800, 1.039369974415360165 ) ) ;
#2182 = MECHANICAL_DESIGN_GEOMETRIC_PRESENTATION_REPRESENTATION (  '', ( #3756 ), #3661 ) ;
#2183 = DIRECTION ( 'NONE',  ( -0.000000000000000000, 0.000000000000000000, -1.000000000000000000 ) ) ;
#2184 = CARTESIAN_POINT ( 'NONE',  ( -1.800241603548965674, 17.83297455179785018, 1.039369974415360165 ) ) ;
#2185 = ORIENTED_EDGE ( 'NONE', *, *, #3764, .F. ) ;
#2186 = DIRECTION ( 'NONE',  ( -0.000000000000000000, -0.000000000000000000, 1.000000000000000000 ) ) ;
#2187 = AXIS2_PLACEMENT_3D ( 'NONE', #3870, #138, #2699 ) ;
#2188 = CARTESIAN_POINT ( 'NONE',  ( -1.159649499330495104, 24.60262592974428131, -2.008571851812227749 ) ) ;
#2189 = AXIS2_PLACEMENT_3D ( 'NONE', #924, #1007, #3079 ) ;
#2190 = CYLINDRICAL_SURFACE ( 'NONE', #3443, 1.599999999999999867 ) ;
#2191 = CARTESIAN_POINT ( 'NONE',  ( -2.319298998660988875, 23.50262592974428699, 3.901853877665206781E-16 ) ) ;
#2192 = VERTEX_POINT ( 'NONE', #2179 ) ;
#2193 = CARTESIAN_POINT ( 'NONE',  ( 1.800241603548966118, 16.88297455179785800, -1.234832528726513845E-14 ) ) ;
#2194 = CARTESIAN_POINT ( 'NONE',  ( 0.000000000000000000, 0.000000000000000000, 0.5000000000000000000 ) ) ;
#2195 = EDGE_CURVE ( 'NONE', #4980, #4122, #3845, .T. ) ;
#2196 = DIRECTION ( 'NONE',  ( 1.000000000000000000, 0.000000000000000000, 0.000000000000000000 ) ) ;
#2197 = CIRCLE ( 'NONE', #2900, 1.599999999999998979 ) ;
#2198 = CARTESIAN_POINT ( 'NONE',  ( 2.767075332439416613, 8.090586884989699357, 0.000000000000000000 ) ) ;
#2199 = FACE_OUTER_BOUND ( 'NONE', #3959, .T. ) ;
#2200 = FACE_OUTER_BOUND ( 'NONE', #647, .T. ) ;
#2201 = CARTESIAN_POINT ( 'NONE',  ( 2.319298998660988431, 16.05262592974433389, -1.339047901208152425 ) ) ;
#2202 = CIRCLE ( 'NONE', #3089, 9.949999999999981526 ) ;
#2203 = ORIENTED_EDGE ( 'NONE', *, *, #4098, .T. ) ;
#2204 = DIRECTION ( 'NONE',  ( -0.000000000000000000, -0.000000000000000000, -1.000000000000000000 ) ) ;
#2205 = ORIENTED_EDGE ( 'NONE', *, *, #2031, .T. ) ;
#2206 = CARTESIAN_POINT ( 'NONE',  ( -1.800241603548965674, 15.43297455179786581, 1.039369974415360165 ) ) ;
#2207 = CIRCLE ( 'NONE', #184, 1.050000000000001821 ) ;
#2208 = FACE_OUTER_BOUND ( 'NONE', #1943, .T. ) ;
#2209 = ORIENTED_EDGE ( 'NONE', *, *, #2195, .T. ) ;
#2210 = CARTESIAN_POINT ( 'NONE',  ( 0.9001208017744826151, 15.78297455179786191, -1.559054961623038915 ) ) ;
#2211 = AXIS2_PLACEMENT_3D ( 'NONE', #3140, #4800, #5055 ) ;
#2212 = ORIENTED_EDGE ( 'NONE', *, *, #2323, .T. ) ;
#2213 = CARTESIAN_POINT ( 'NONE',  ( -4.271114692723289252, 8.986661186536569090, 3.600000000000000089 ) ) ;
#2214 = CARTESIAN_POINT ( 'NONE',  ( -1.639860726119544942E-16, 23.35262592974429197, -2.678095802416303517 ) ) ;
#2215 = CARTESIAN_POINT ( 'NONE',  ( 3.789194927251648526, -9.925054528176904256, 0.000000000000000000 ) ) ;
#2216 = CARTESIAN_POINT ( 'NONE',  ( 4.919582178358633841E-16, 16.45262592974433247, 2.678095802416303517 ) ) ;
#2217 = CARTESIAN_POINT ( 'NONE',  ( 1.159649499330498434, 21.90262592974429623, 2.008571851812225084 ) ) ;
#2218 = ORIENTED_EDGE ( 'NONE', *, *, #3944, .F. ) ;
#2219 = EDGE_CURVE ( 'NONE', #2869, #3202, #4340, .T. ) ;
#2220 = CARTESIAN_POINT ( 'NONE',  ( -1.833306011641644524E-14, 16.43297455179785871, -2.078739948830718109 ) ) ;
#2221 = DIRECTION ( 'NONE',  ( -1.000000000000000000, 0.000000000000000000, 0.000000000000000000 ) ) ;
#2222 = EDGE_CURVE ( 'NONE', #3750, #412, #4803, .T. ) ;
#2223 = SURFACE_STYLE_USAGE ( .BOTH. , #901 ) ;
#2224 = LINE ( 'NONE', #3083, #3950 ) ;
#2225 = DIRECTION ( 'NONE',  ( -1.000000000000000000, 0.000000000000000000, 0.000000000000000000 ) ) ;
#2226 = FACE_BOUND ( 'NONE', #5117, .T. ) ;
#2227 = EDGE_CURVE ( 'NONE', #56, #3473, #245, .T. ) ;
#2228 = FACE_OUTER_BOUND ( 'NONE', #1861, .T. ) ;
#2229 = ORIENTED_EDGE ( 'NONE', *, *, #4462, .T. ) ;
#2230 = FACE_OUTER_BOUND ( 'NONE', #1470, .T. ) ;
#2231 = ORIENTED_EDGE ( 'NONE', *, *, #1650, .F. ) ;
#2232 = CARTESIAN_POINT ( 'NONE',  ( 2.319298998660988875, 24.40262592974428202, -2.840322094975841520E-16 ) ) ;
#2233 = ORIENTED_EDGE ( 'NONE', *, *, #1390, .T. ) ;
#2234 = CARTESIAN_POINT ( 'NONE',  ( -1.800241603548965674, 15.43297455179786581, 1.039369974415360165 ) ) ;
#2235 = CIRCLE ( 'NONE', #5295, 6.080456575636104866 ) ;
#2236 = VERTEX_POINT ( 'NONE', #5266 ) ;
#2237 = CARTESIAN_POINT ( 'NONE',  ( 0.000000000000000000, 0.000000000000000000, 2.500000000000005773 ) ) ;
#2238 = CARTESIAN_POINT ( 'NONE',  ( -1.159649499330493327, 22.40262592974429268, 2.008571851812229081 ) ) ;
#2239 = CARTESIAN_POINT ( 'NONE',  ( 0.9001208017744826151, 24.78297455179780684, -1.559054961623038915 ) ) ;
#2240 = CARTESIAN_POINT ( 'NONE',  ( 0.000000000000000000, 0.000000000000000000, 3.600000000000000089 ) ) ;
#2241 = CARTESIAN_POINT ( 'NONE',  ( -2.319298998660989763, 15.65262592974433709, -1.339047901208151536 ) ) ;
#2242 = CARTESIAN_POINT ( 'NONE',  ( -2.319298998660989763, 22.85262592974429197, -1.339047901208149316 ) ) ;
#2243 = ORIENTED_EDGE ( 'NONE', *, *, #1323, .F. ) ;
#2244 = CARTESIAN_POINT ( 'NONE',  ( -1.731477122657833959E-14, 17.63297455179785445, -2.078739948830718109 ) ) ;
#2245 = DIRECTION ( 'NONE',  ( -0.4292577580626304457, -0.9031820287976528583, 0.000000000000000000 ) ) ;
#2246 = CIRCLE ( 'NONE', #2955, 13.94999999999999929 ) ;
#2247 = APPLICATION_PROTOCOL_DEFINITION ( 'draft international standard', 'automotive_design', 1998, #4294 ) ;
#2248 = ADVANCED_FACE ( 'NONE', ( #1464 ), #2306, .F. ) ;
#2249 = CARTESIAN_POINT ( 'NONE',  ( 1.958372599118835211, 24.85860903745713557, -0.5918189267633836570 ) ) ;
#2250 = CIRCLE ( 'NONE', #4877, 1.600000000000000755 ) ;
#2251 = DIRECTION ( 'NONE',  ( 0.000000000000000000, 0.000000000000000000, -1.000000000000000000 ) ) ;
#2252 = DIRECTION ( 'NONE',  ( 0.000000000000000000, 0.000000000000000000, 1.000000000000000000 ) ) ;
#2253 = CARTESIAN_POINT ( 'NONE',  ( 0.000000000000000000, 0.000000000000000000, 0.000000000000000000 ) ) ;
#2254 = DIRECTION ( 'NONE',  ( -0.8514888055975258219, 0.5243727814657230812, 0.000000000000000000 ) ) ;
#2255 = ORIENTED_EDGE ( 'NONE', *, *, #1143, .F. ) ;
#2256 = CARTESIAN_POINT ( 'NONE',  ( -10.71429185807062723, -5.292112052865257432, 1.300000000000000044 ) ) ;
#2257 = VERTEX_POINT ( 'NONE', #218 ) ;
#2258 = CARTESIAN_POINT ( 'NONE',  ( -2.319298998660988875, 24.65262592974428202, -1.339047901208151092 ) ) ;
#2259 = ORIENTED_EDGE ( 'NONE', *, *, #2494, .F. ) ;
#2260 = CARTESIAN_POINT ( 'NONE',  ( 1.800241603548966118, 18.08297455179785018, -2.204660117478139918E-16 ) ) ;
#2261 = ORIENTED_EDGE ( 'NONE', *, *, #2410, .T. ) ;
#2262 = DIRECTION ( 'NONE',  ( 0.9421772088116672217, -0.3351150656056154364, 0.000000000000000000 ) ) ;
#2263 = AXIS2_PLACEMENT_3D ( 'NONE', #200, #2710, #5276 ) ;
#2264 = CARTESIAN_POINT ( 'NONE',  ( -2.319298998660989763, 21.70262592974429694, 0.000000000000000000 ) ) ;
#2265 = CARTESIAN_POINT ( 'NONE',  ( 1.800241603548966118, 22.28297455179782460, -2.204660117478139918E-16 ) ) ;
#2266 = AXIS2_PLACEMENT_3D ( 'NONE', #3570, #4414, #273 ) ;
#2267 = DIRECTION ( 'NONE',  ( 0.000000000000000000, 0.000000000000000000, -1.000000000000000000 ) ) ;
#2268 = CARTESIAN_POINT ( 'NONE',  ( 2.319298998660990652, 15.35262592974433993, 1.339047901208151092 ) ) ;
#2269 = CARTESIAN_POINT ( 'NONE',  ( -2.319298998660988875, 21.10262592974430262, 2.662443063747193598E-15 ) ) ;
#2270 = ORIENTED_EDGE ( 'NONE', *, *, #4303, .T. ) ;
#2271 = CARTESIAN_POINT ( 'NONE',  ( 0.000000000000000000, 0.000000000000000000, 2.500000000000005773 ) ) ;
#2272 = DIRECTION ( 'NONE',  ( 1.000000000000000000, 0.000000000000000000, 0.000000000000000000 ) ) ;
#2273 = DIRECTION ( 'NONE',  ( 0.000000000000000000, 0.000000000000000000, 1.000000000000000000 ) ) ;
#2274 = VECTOR ( 'NONE', #5183, 1000.000000000000000 ) ;
#2275 = FACE_OUTER_BOUND ( 'NONE', #5341, .T. ) ;
#2276 = DIRECTION ( 'NONE',  ( 1.000000000000000000, 0.000000000000000000, 0.000000000000000000 ) ) ;
#2277 = CARTESIAN_POINT ( 'NONE',  ( 0.000000000000000000, 0.000000000000000000, -6.218749999999967137 ) ) ;
#2278 = DIRECTION ( 'NONE',  ( 0.000000000000000000, 0.000000000000000000, 1.000000000000000000 ) ) ;
#2279 = CARTESIAN_POINT ( 'NONE',  ( 0.000000000000000000, 0.000000000000000000, 0.000000000000000000 ) ) ;
#2280 = VERTEX_POINT ( 'NONE', #3142 ) ;
#2281 = CARTESIAN_POINT ( 'NONE',  ( -7.957820706583331294, -3.278135129845508366, 6.000000000000000000 ) ) ;
#2282 = EDGE_LOOP ( 'NONE', ( #3254, #3061 ) ) ;
#2283 = CARTESIAN_POINT ( 'NONE',  ( 1.159649499330495548, 24.30262592974428415, 2.008571851812226861 ) ) ;
#2284 = AXIS2_PLACEMENT_3D ( 'NONE', #2882, #3755, #3270 ) ;
#2285 = VERTEX_POINT ( 'NONE', #4391 ) ;
#2286 = ADVANCED_FACE ( 'NONE', ( #4417 ), #2758, .F. ) ;
#2287 = CARTESIAN_POINT ( 'NONE',  ( -1.800241603548965674, 16.03297455179786368, 1.039369974415360165 ) ) ;
#2288 = ORIENTED_EDGE ( 'NONE', *, *, #4335, .T. ) ;
#2289 = CYLINDRICAL_SURFACE ( 'NONE', #1399, 11.95000000000001350 ) ;
#2290 = VECTOR ( 'NONE', #203, 1000.000000000000000 ) ;
#2291 = CARTESIAN_POINT ( 'NONE',  ( -2.319298998660989763, 20.50262592974430476, 0.000000000000000000 ) ) ;
#2292 = EDGE_CURVE ( 'NONE', #4527, #5386, #5291, .T. ) ;
#2293 = CARTESIAN_POINT ( 'NONE',  ( 0.9001208017744838363, 22.18297455179782318, 1.559054961623038471 ) ) ;
#2294 = CIRCLE ( 'NONE', #4133, 9.949999999999981526 ) ;
#2295 = DIRECTION ( 'NONE',  ( 0.000000000000000000, 0.000000000000000000, 1.000000000000000000 ) ) ;
#2296 = CARTESIAN_POINT ( 'NONE',  ( 2.319298998660989763, 15.40262592974433886, -2.840322094975842506E-16 ) ) ;
#2297 = EDGE_LOOP ( 'NONE', ( #3280, #1686, #687, #5213 ) ) ;
#2298 = DIRECTION ( 'NONE',  ( -0.000000000000000000, -0.000000000000000000, 1.000000000000000000 ) ) ;
#2299 = LINE ( 'NONE', #235, #3855 ) ;
#2300 = PLANE ( 'NONE',  #3692 ) ;
#2301 = CARTESIAN_POINT ( 'NONE',  ( -1.800241603548962566, 23.23297455179782034, 1.039369974415365716 ) ) ;
#2302 = DIRECTION ( 'NONE',  ( -0.000000000000000000, -0.000000000000000000, -1.000000000000000000 ) ) ;
#2303 = DIRECTION ( 'NONE',  ( 0.000000000000000000, 0.000000000000000000, 1.000000000000000000 ) ) ;
#2304 = CARTESIAN_POINT ( 'NONE',  ( 0.000000000000000000, 25.00000000000000000, 0.000000000000000000 ) ) ;
#2305 = ORIENTED_EDGE ( 'NONE', *, *, #882, .F. ) ;
#2306 = PLANE ( 'NONE',  #4959 ) ;
#2307 = VERTEX_POINT ( 'NONE', #1926 ) ;
#2308 = CARTESIAN_POINT ( 'NONE',  ( -1.639860726119543710E-16, 23.95262592974428628, -2.678095802416302629 ) ) ;
#2309 = AXIS2_PLACEMENT_3D ( 'NONE', #3805, #3778, #15 ) ;
#2310 =( BOUNDED_CURVE ( )  B_SPLINE_CURVE ( 2, ( #3161, #3948, #3651, #1093, #4881, #3972, #187, #1950, #2358, #238, #4384, #210, #1536, #1865, #1563, #4823, #4770, #4025, #2777, #1919, #1013, #1457, #709, #2722, #2698, #1039, #3543, #5205, #1510, #2753, #3595, #3189, #3136, #4796, #3566, #2301, #4852, #1891, #5231, #679, #269, #3626, #5286, #3218, #1119, #4463, #4362, #5371, #2034, #4574, #3243, #1589, #2912, #4543, #1612, #732, #4193, #4986, #3355, #2443, #4079, #4960, #3272, #2003, #3298, #2475, #4138, #3325, #431, #3676, #3706, #4933, #2854, #2416, #1169, #2883, #3786, #4110, #5015, #4491, #4164, #4905, #2115, #379, #2088, #4517, #1199, #787, #818, #1641, #323, #2057, #3757, #3730, #5401, #1144, #1229, #404, #2502, #5427, #845, #5343, #758, #351, #1672, #20, #1258, #2942, #4602, #2530, #2832, #3861, #1287, #1780, #2968, #3050, #2143, #979, #2556, #5149, #1727, #3888, #1397, #2667, #4707, #3917, #5041, #3810, #44, #1340, #3835, #4220, #2582, #3460, #4628, #873, #459, #2608, #3488, #3021, #4269, #4327, #507, #562, #3434, #3077, #3410, #2244, #5066, #2168, #1316, #2996, #4655, #898, #4680, #1700, #4245, #1805, #483, #2636, #71, #3383, #2193, #537, #1753, #5092, #923, #950, #103, #5118, #1369, #2220, #4301, #131, #4739, #1006, #2690, #4356, #4766, #590, #3105 ),
 .UNSPECIFIED., .F., .T. ) 
 B_SPLINE_CURVE_WITH_KNOTS ( ( 3, 2, 2, 2, 2, 2, 2, 2, 2, 2, 2, 2, 2, 2, 2, 2, 2, 2, 2, 2, 2, 2, 2, 2, 2, 2, 2, 2, 2, 2, 2, 2, 2, 2, 2, 2, 2, 2, 2, 2, 2, 2, 2, 2, 2, 2, 2, 2, 2, 2, 2, 2, 2, 2, 2, 2, 2, 2, 2, 2, 2, 2, 2, 2, 2, 2, 2, 2, 2, 2, 2, 2, 2, 2, 2, 2, 2, 2, 2, 2, 2, 2, 2, 2, 2, 2, 2, 2, 2, 2, 3 ),
 ( 0.000000000000000000, 0.01041666666666669211, 0.02083333333333338422, 0.03125000000000008327, 0.04166666666666676844, 0.05208333333333347442, 0.06250000000000016653, 0.07291666666666686558, 0.08333333333333353687, 0.09375000000000023592, 0.1041666666666669488, 0.1145833333333336340, 0.1250000000000003331, 0.1354166666666670182, 0.1458333333333337312, 0.1562500000000004163, 0.1666666666666670737, 0.1770833333333338144, 0.1875000000000004718, 0.1979166666666671570, 0.2083333333333338977, 0.2187500000000005551, 0.2291666666666672680, 0.2395833333333339532, 0.2500000000000006661, 0.2604166666666673513, 0.2708333333333340365, 0.2812500000000007216, 0.2916666666666674623, 0.3020833333333340920, 0.3125000000000008327, 0.3229166666666675733, 0.3333333333333341475, 0.3437500000000008882, 0.3541666666666676289, 0.3645833333333342585, 0.3750000000000009437, 0.3854166666666676844, 0.3958333333333343140, 0.4062500000000010547, 0.4166666666666677954, 0.4270833333333344251, 0.4375000000000011102, 0.4479166666666678509, 0.4583333333333345361, 0.4687500000000012212, 0.4791666666666679064, 0.4895833333333345916, 0.5000000000000013323, 0.5104166666666679619, 0.5208333333333347026, 0.5312500000000013323, 0.5416666666666680729, 0.5520833333333347026, 0.5625000000000014433, 0.5729166666666680729, 0.5833333333333349247, 0.5937500000000015543, 0.6041666666666681840, 0.6145833333333350357, 0.6250000000000016653, 0.6354166666666682950, 0.6458333333333351467, 0.6562500000000016653, 0.6666666666666682950, 0.6770833333333351467, 0.6875000000000017764, 0.6979166666666684060, 0.7083333333333352577, 0.7187500000000018874, 0.7291666666666685170, 0.7395833333333353687, 0.7500000000000018874, 0.7604166666666685170, 0.7708333333333353687, 0.7812500000000019984, 0.7916666666666686281, 0.8020833333333354798, 0.8125000000000021094, 0.8229166666666688501, 0.8333333333333355908, 0.8437500000000022204, 0.8541666666666688501, 0.8645833333333355908, 0.8750000000000022204, 0.8854166666666689611, 0.8958333333333357018, 0.9062500000000023315, 0.9166666666666690721, 0.9270833333333358128, 0.9375000000000024425 ),
 .UNSPECIFIED. ) 
 CURVE ( )  GEOMETRIC_REPRESENTATION_ITEM ( )  RATIONAL_B_SPLINE_CURVE ( ( 1.000000000000000000, 0.8660254037844387076, 1.000000000000000000, 0.8660254037844387076, 1.000000000000000000, 0.8660254037844387076, 1.000000000000000000, 0.8660254037844387076, 1.000000000000000000, 0.8660254037844387076, 1.000000000000000000, 0.8660254037844387076, 1.000000000000000000, 0.8660254037844387076, 1.000000000000000000, 0.8660254037844387076, 1.000000000000000000, 0.8660254037844387076, 1.000000000000000000, 0.8660254037844387076, 1.000000000000000000, 0.8660254037844387076, 1.000000000000000000, 0.8660254037844387076, 1.000000000000000000, 0.8660254037844387076, 1.000000000000000000, 0.8660254037844387076, 1.000000000000000000, 0.8660254037844387076, 1.000000000000000000, 0.8660254037844387076, 1.000000000000000000, 0.8660254037844387076, 1.000000000000000000, 0.8660254037844387076, 1.000000000000000000, 0.8660254037844387076, 1.000000000000000000, 0.8660254037844387076, 1.000000000000000000, 0.8660254037844387076, 1.000000000000000000, 0.8660254037844387076, 1.000000000000000000, 0.8660254037844387076, 1.000000000000000000, 0.8660254037844387076, 1.000000000000000000, 0.8660254037844387076, 1.000000000000000000, 0.8660254037844387076, 1.000000000000000000, 0.8660254037844387076, 1.000000000000000000, 0.8660254037844387076, 1.000000000000000000, 0.8660254037844387076, 1.000000000000000000, 0.8660254037844387076, 1.000000000000000000, 0.8660254037844387076, 1.000000000000000000, 0.8660254037844387076, 1.000000000000000000, 0.8660254037844387076, 1.000000000000000000, 0.8660254037844387076, 1.000000000000000000, 0.8660254037844387076, 1.000000000000000000, 0.8660254037844387076, 1.000000000000000000, 0.8660254037844387076, 1.000000000000000000, 0.8660254037844387076, 1.000000000000000000, 0.8660254037844387076, 1.000000000000000000, 0.8660254037844387076, 1.000000000000000000, 0.8660254037844387076, 1.000000000000000000, 0.8660254037844387076, 1.000000000000000000, 0.8660254037844387076, 1.000000000000000000, 0.8660254037844387076, 1.000000000000000000, 0.8660254037844387076, 1.000000000000000000, 0.8660254037844387076, 1.000000000000000000, 0.8660254037844387076, 1.000000000000000000, 0.8660254037844387076, 1.000000000000000000, 0.8660254037844387076, 1.000000000000000000, 0.8660254037844387076, 1.000000000000000000, 0.8660254037844387076, 1.000000000000000000, 0.8660254037844387076, 1.000000000000000000, 0.8660254037844387076, 1.000000000000000000, 0.8660254037844387076, 1.000000000000000000, 0.8660254037844387076, 1.000000000000000000, 0.8660254037844387076, 1.000000000000000000, 0.8660254037844387076, 1.000000000000000000, 0.8660254037844387076, 1.000000000000000000, 0.8660254037844387076, 1.000000000000000000, 0.8660254037844387076, 1.000000000000000000, 0.8660254037844387076, 1.000000000000000000, 0.8660254037844387076, 1.000000000000000000, 0.8660254037844387076, 1.000000000000000000, 0.8660254037844387076, 1.000000000000000000, 0.8660254037844387076, 1.000000000000000000, 0.8660254037844387076, 1.000000000000000000, 0.8660254037844387076, 1.000000000000000000, 0.8660254037844387076, 1.000000000000000000, 0.8660254037844387076, 1.000000000000000000, 0.8660254037844387076, 1.000000000000000000, 0.8660254037844387076, 1.000000000000000000, 0.8660254037844387076, 1.000000000000000000, 0.8660254037844387076, 1.000000000000000000, 0.8660254037844387076, 1.000000000000000000, 0.8660254037844387076, 1.000000000000000000, 0.8660254037844387076, 1.000000000000000000, 0.8660254037844387076, 1.000000000000000000, 0.8660254037844387076, 1.000000000000000000, 0.8660254037844387076, 1.000000000000000000, 0.8660254037844387076, 1.000000000000000000, 0.8660254037844387076, 1.000000000000000000, 0.8660254037844387076, 1.000000000000000000, 0.8660254037844387076, 1.000000000000000000, 0.8660254037844387076, 1.000000000000000000, 0.8660254037844387076, 1.000000000000000000, 0.8660254037844387076, 1.000000000000000000, 0.8660254037844387076, 1.000000000000000000, 0.8660254037844387076, 1.000000000000000000, 0.8660254037844387076, 1.000000000000000000, 0.8660254037844072883, 1.000000000000031308 ) ) 
 REPRESENTATION_ITEM ( '' )  );
#2311 = EDGE_CURVE ( 'NONE', #642, #1054, #2396, .T. ) ;
#2312 = ORIENTED_EDGE ( 'NONE', *, *, #2323, .F. ) ;
#2313 = DIRECTION ( 'NONE',  ( 0.000000000000000000, -0.000000000000000000, 1.000000000000000000 ) ) ;
#2314 = ORIENTED_EDGE ( 'NONE', *, *, #2386, .F. ) ;
#2315 = EDGE_CURVE ( 'NONE', #3249, #3688, #3224, .T. ) ;
#2316 = DIRECTION ( 'NONE',  ( -0.000000000000000000, -0.000000000000000000, 1.000000000000000000 ) ) ;
#2317 = CARTESIAN_POINT ( 'NONE',  ( -2.319298998660989763, 20.45262592974430760, -1.339047901208151536 ) ) ;
#2318 = CARTESIAN_POINT ( 'NONE',  ( 1.800241603548966784, 24.03297455179781394, 1.039369974415358611 ) ) ;
#2319 = VECTOR ( 'NONE', #3051, 1000.000000000000000 ) ;
#2320 = DIRECTION ( 'NONE',  ( -0.7071067811865462405, -0.7071067811865487940, 0.000000000000000000 ) ) ;
#2321 = CARTESIAN_POINT ( 'NONE',  ( -1.800241603548966118, 24.38297455179781181, 0.000000000000000000 ) ) ;
#2322 = ORIENTED_EDGE ( 'NONE', *, *, #1147, .T. ) ;
#2323 = EDGE_CURVE ( 'NONE', #1152, #3976, #3604, .T. ) ;
#2324 = ORIENTED_EDGE ( 'NONE', *, *, #370, .F. ) ;
#2325 = CARTESIAN_POINT ( 'NONE',  ( -1.159649499330519307, 16.80262592974433034, -2.008571851812213982 ) ) ;
#2326 = DIRECTION ( 'NONE',  ( -1.000000000000000000, 0.000000000000000000, 0.000000000000000000 ) ) ;
#2327 = ORIENTED_EDGE ( 'NONE', *, *, #3601, .T. ) ;
#2328 = CARTESIAN_POINT ( 'NONE',  ( 0.000000000000000000, 0.000000000000000000, 10.59999999999999964 ) ) ;
#2329 = CIRCLE ( 'NONE', #4868, 1.050000000000003153 ) ;
#2330 = DIRECTION ( 'NONE',  ( 0.000000000000000000, -0.000000000000000000, 1.000000000000000000 ) ) ;
#2331 = LINE ( 'NONE', #1512, #956 ) ;
#2332 = CARTESIAN_POINT ( 'NONE',  ( 0.000000000000000000, 0.000000000000000000, 0.000000000000000000 ) ) ;
#2333 = CIRCLE ( 'NONE', #4690, 11.95000000000001350 ) ;
#2334 = DIRECTION ( 'NONE',  ( 0.000000000000000000, 0.000000000000000000, -1.000000000000000000 ) ) ;
#2335 = ORIENTED_EDGE ( 'NONE', *, *, #96, .T. ) ;
#2336 = DIRECTION ( 'NONE',  ( -0.3351150656056055555, -0.9421772088116707744, 0.000000000000000000 ) ) ;
#2337 = ORIENTED_EDGE ( 'NONE', *, *, #1815, .F. ) ;
#2338 = EDGE_CURVE ( 'NONE', #5235, #2112, #5236, .T. ) ;
#2339 = CARTESIAN_POINT ( 'NONE',  ( -1.639860726119543710E-16, 19.75262592974431541, -2.678095802416302629 ) ) ;
#2340 = ORIENTED_EDGE ( 'NONE', *, *, #4971, .T. ) ;
#2341 = PRESENTATION_LAYER_ASSIGNMENT (  '', '', ( #5227 ) ) ;
#2342 = DIRECTION ( 'NONE',  ( 0.000000000000000000, -1.000000000000000000, 0.000000000000000000 ) ) ;
#2343 = ORIENTED_EDGE ( 'NONE', *, *, #4236, .F. ) ;
#2344 = DIRECTION ( 'NONE',  ( 0.000000000000000000, -0.000000000000000000, 1.000000000000000000 ) ) ;
#2345 = CARTESIAN_POINT ( 'NONE',  ( -1.159649499330495104, 19.20262592974431470, -2.008571851812227749 ) ) ;
#2346 = CARTESIAN_POINT ( 'NONE',  ( -0.9001208017744832812, 21.88297455179782602, -1.559054961623038693 ) ) ;
#2347 = CYLINDRICAL_SURFACE ( 'NONE', #619, 1.599999999999998979 ) ;
#2348 = CARTESIAN_POINT ( 'NONE',  ( -0.9001208017744819490, 23.28297455179781750, 1.559054961623039581 ) ) ;
#2349 = ORIENTED_EDGE ( 'NONE', *, *, #1815, .T. ) ;
#2350 = ORIENTED_EDGE ( 'NONE', *, *, #4801, .F. ) ;
#2351 = CIRCLE ( 'NONE', #4272, 6.080456575636104866 ) ;
#2352 = CARTESIAN_POINT ( 'NONE',  ( -2.319298998661299294, 16.35262592974432039, 1.339047901207994551 ) ) ;
#2353 = CONTEXT_DEPENDENT_SHAPE_REPRESENTATION ( #644, #4035 ) ;
#2354 = DIRECTION ( 'NONE',  ( -1.000000000000000000, 0.000000000000000000, 0.000000000000000000 ) ) ;
#2355 = ORIENTED_EDGE ( 'NONE', *, *, #1423, .F. ) ;
#2356 = FACE_OUTER_BOUND ( 'NONE', #516, .T. ) ;
#2357 = EDGE_CURVE ( 'NONE', #4627, #2731, #4858, .T. ) ;
#2358 = CARTESIAN_POINT ( 'NONE',  ( 0.9001208017744838363, 24.58297455179781110, 1.559054961623038471 ) ) ;
#2359 = PRODUCT_RELATED_PRODUCT_CATEGORY ( 'part', '', ( #211 ) ) ;
#2360 = CARTESIAN_POINT ( 'NONE',  ( -2.319298998660693556, 16.25262592974431541, -1.339047901208298974 ) ) ;
#2361 = AXIS2_PLACEMENT_3D ( 'NONE', #1964, #3365, #694 ) ;
#2362 = EDGE_CURVE ( 'NONE', #1112, #967, #1098, .T. ) ;
#2363 = CARTESIAN_POINT ( 'NONE',  ( 0.000000000000000000, 0.000000000000000000, 0.000000000000000000 ) ) ;
#2364 = VECTOR ( 'NONE', #2089, 1000.000000000000114 ) ;
#2365 = ORIENTED_EDGE ( 'NONE', *, *, #4722, .T. ) ;
#2366 = CARTESIAN_POINT ( 'NONE',  ( -5.656854249492327291, -5.656854249492432096, 6.000000000000000000 ) ) ;
#2367 = ORIENTED_EDGE ( 'NONE', *, *, #3621, .T. ) ;
#2368 = CARTESIAN_POINT ( 'NONE',  ( 2.319298998660988875, 20.20262592974430760, -2.840322094975841520E-16 ) ) ;
#2369 = ORIENTED_EDGE ( 'NONE', *, *, #3205, .F. ) ;
#2370 = CARTESIAN_POINT ( 'NONE',  ( -2.714623668879432294, 15.48910671664152261, -6.265491567598064048E-13 ) ) ;
#2371 = ORIENTED_EDGE ( 'NONE', *, *, #4326, .F. ) ;
#2372 = CARTESIAN_POINT ( 'NONE',  ( 2.400000000000309441, 16.00903842913882613, -1.385640646054565384 ) ) ;
#2373 = CARTESIAN_POINT ( 'NONE',  ( -2.319298998660988875, 18.75262592974431541, 1.339047901208153091 ) ) ;
#2374 = CARTESIAN_POINT ( 'NONE',  ( 1.800241603548966784, 21.63297455179782958, 1.039369974415358611 ) ) ;
#2375 = AXIS2_PLACEMENT_3D ( 'NONE', #5432, #1264, #4964 ) ;
#2376 = CIRCLE ( 'NONE', #3859, 4.000000000000000000 ) ;
#2377 = CARTESIAN_POINT ( 'NONE',  ( 9.185996884128961426, 3.321864870154491722, 0.000000000000000000 ) ) ;
#2378 = CARTESIAN_POINT ( 'NONE',  ( 0.9001208017744826151, 24.78297455179780684, -1.559054961623038915 ) ) ;
#2379 = AXIS2_PLACEMENT_3D ( 'NONE', #2831, #296, #648 ) ;
#2380 = ORIENTED_EDGE ( 'NONE', *, *, #1310, .F. ) ;
#2381 = EDGE_LOOP ( 'NONE', ( #3926, #4456 ) ) ;
#2382 = CARTESIAN_POINT ( 'NONE',  ( 2.697326152779444985, 15.84844929580395245, -1.557301980398626107 ) ) ;
#2383 = CONTEXT_DEPENDENT_SHAPE_REPRESENTATION ( #2979, #3099 ) ;
#2384 = AXIS2_PLACEMENT_3D ( 'NONE', #533, #3884, #3017 ) ;
#2385 = DIRECTION ( 'NONE',  ( 0.000000000000000000, 0.000000000000000000, -1.000000000000000000 ) ) ;
#2386 = EDGE_CURVE ( 'NONE', #2592, #1990, #2783, .T. ) ;
#2387 = ORIENTED_EDGE ( 'NONE', *, *, #4203, .F. ) ;
#2388 = CARTESIAN_POINT ( 'NONE',  ( -7.957820706583331294, -3.278135129845508366, 0.000000000000000000 ) ) ;
#2389 = DIRECTION ( 'NONE',  ( 0.000000000000000000, 0.000000000000000000, 1.000000000000000000 ) ) ;
#2390 = CARTESIAN_POINT ( 'NONE',  ( 2.319298998660985323, 16.05262592974433389, -1.339047901208157532 ) ) ;
#2391 = EDGE_CURVE ( 'NONE', #4499, #4673, #2333, .T. ) ;
#2392 = DIRECTION ( 'NONE',  ( -0.4292577580626492084, 0.9031820287976438655, 0.000000000000000000 ) ) ;
#2393 = PLANE ( 'NONE',  #2918 ) ;
#2394 = ADVANCED_FACE ( 'NONE', ( #4004 ), #3547, .F. ) ;
#2395 = ORIENTED_EDGE ( 'NONE', *, *, #3715, .F. ) ;
#2396 = LINE ( 'NONE', #3250, #3994 ) ;
#2397 = VERTEX_POINT ( 'NONE', #4443 ) ;
#2398 = CARTESIAN_POINT ( 'NONE',  ( 4.919582178358630883E-16, 21.85262592974429907, 2.678095802416302629 ) ) ;
#2399 = VERTEX_POINT ( 'NONE', #304 ) ;
#2400 = CARTESIAN_POINT ( 'NONE',  ( -0.8722069333852128237, 24.60198675075159258, -2.139176668043083041 ) ) ;
#2401 = ORIENTED_EDGE ( 'NONE', *, *, #2153, .F. ) ;
#2402 = PRODUCT_DEFINITION_CONTEXT ( 'detailed design', #4294, 'design' ) ;
#2403 = CARTESIAN_POINT ( 'NONE',  ( 4.919582178358633841E-16, 18.25262592974432252, 2.678095802416303517 ) ) ;
#2404 = EDGE_CURVE ( 'NONE', #4048, #3076, #3039, .T. ) ;
#2405 = CARTESIAN_POINT ( 'NONE',  ( 3.818583336892907545E-16, 19.73297455179784166, 2.078739948830717665 ) ) ;
#2406 = PLANE ( 'NONE',  #1064 ) ;
#2407 = CARTESIAN_POINT ( 'NONE',  ( -1.800241603548966118, 23.78297455179781394, 0.000000000000000000 ) ) ;
#2408 = ORIENTED_EDGE ( 'NONE', *, *, #4402, .T. ) ;
#2409 = CARTESIAN_POINT ( 'NONE',  ( 0.000000000000000000, 0.000000000000000000, 2.500000000000005773 ) ) ;
#2410 = EDGE_CURVE ( 'NONE', #2285, #4844, #366, .T. ) ;
#2411 = DIRECTION ( 'NONE',  ( 0.000000000000000000, 0.000000000000000000, 1.000000000000000000 ) ) ;
#2412 = AXIS2_PLACEMENT_3D ( 'NONE', #2827, #398, #4569 ) ;
#2413 = DIRECTION ( 'NONE',  ( 0.9421772088116684429, -0.3351150656056121613, -0.000000000000000000 ) ) ;
#2414 = ORIENTED_EDGE ( 'NONE', *, *, #3319, .F. ) ;
#2415 = DIRECTION ( 'NONE',  ( 0.000000000000000000, 0.000000000000000000, -1.000000000000000000 ) ) ;
#2416 = CARTESIAN_POINT ( 'NONE',  ( -1.800241603548971892, 21.33297455179783242, -1.039369974415348841 ) ) ;
#2417 = VECTOR ( 'NONE', #1629, 1000.000000000000000 ) ;
#2418 = CARTESIAN_POINT ( 'NONE',  ( -13.94999999999999929, 0.000000000000000000, 6.000000000000000000 ) ) ;
#2419 = DIRECTION ( 'NONE',  ( 0.000000000000000000, 0.000000000000000000, -1.000000000000000000 ) ) ;
#2420 = ADVANCED_FACE ( 'NONE', ( #2511 ), #3793, .F. ) ;
#2421 = DIRECTION ( 'NONE',  ( -0.000000000000000000, -1.000000000000000000, -0.000000000000000000 ) ) ;
#2422 = CARTESIAN_POINT ( 'NONE',  ( 1.743066579297358255E-16, 16.10903842913884176, -2.399999999999999023 ) ) ;
#2423 = ORIENTED_EDGE ( 'NONE', *, *, #2963, .T. ) ;
#2424 = LINE ( 'NONE', #2891, #3476 ) ;
#2425 = ORIENTED_EDGE ( 'NONE', *, *, #768, .F. ) ;
#2426 = CARTESIAN_POINT ( 'NONE',  ( -2.319298998660987987, 19.35262592974431328, 1.339047901208152647 ) ) ;
#2427 = AXIS2_PLACEMENT_3D ( 'NONE', #492, #2675, #517 ) ;
#2428 = VERTEX_POINT ( 'NONE', #1652 ) ;
#2429 = DIRECTION ( 'NONE',  ( -1.000000000000000000, 0.000000000000000000, 0.000000000000000000 ) ) ;
#2430 = VERTEX_POINT ( 'NONE', #1238 ) ;
#2431 = EDGE_CURVE ( 'NONE', #2545, #3066, #3735, .T. ) ;
#2432 = CARTESIAN_POINT ( 'NONE',  ( -0.9001208017744819490, 21.48297455179782744, 1.559054961623039581 ) ) ;
#2433 = AXIS2_PLACEMENT_3D ( 'NONE', #2627, #5058, #893 ) ;
#2434 = PRODUCT_DEFINITION_FORMATION_WITH_SPECIFIED_SOURCE ( 'ANY', '', #3551, .NOT_KNOWN. ) ;
#2435 = FACE_BOUND ( 'NONE', #4915, .T. ) ;
#2436 = CARTESIAN_POINT ( 'NONE',  ( -0.9001208017744832812, 21.88297455179782602, -1.559054961623038693 ) ) ;
#2437 = VERTEX_POINT ( 'NONE', #1266 ) ;
#2438 = LINE ( 'NONE', #4156, #2060 ) ;
#2439 = CARTESIAN_POINT ( 'NONE',  ( -10.12946815411573098, 3.782692346233659908, 6.000000000000000000 ) ) ;
#2440 = CARTESIAN_POINT ( 'NONE',  ( 8.859424011192587045, 0.1924264824948780095, 6.000000000000000000 ) ) ;
#2441 = ORIENTED_EDGE ( 'NONE', *, *, #1075, .T. ) ;
#2442 = LINE ( 'NONE', #2002, #5178 ) ;
#2443 = CARTESIAN_POINT ( 'NONE',  ( -1.800241603548961900, 22.03297455179782816, 1.039369974415366604 ) ) ;
#2444 = CARTESIAN_POINT ( 'NONE',  ( -8.090586884989688699, -2.767075332439445035, 0.000000000000000000 ) ) ;
#2445 = CARTESIAN_POINT ( 'NONE',  ( 0.000000000000000000, 0.000000000000000000, 38.74284989122453737 ) ) ;
#2446 = CIRCLE ( 'NONE', #2263, 9.949999999999981526 ) ;
#2447 = CARTESIAN_POINT ( 'NONE',  ( -1.947790476864230053E-14, 19.15262592974431755, -2.678095802416302629 ) ) ;
#2448 = DIRECTION ( 'NONE',  ( -0.000000000000000000, -0.000000000000000000, -1.000000000000000000 ) ) ;
#2449 = DIRECTION ( 'NONE',  ( 0.000000000000000000, 0.000000000000000000, 1.000000000000000000 ) ) ;
#2450 = VERTEX_POINT ( 'NONE', #4526 ) ;
#2451 = CARTESIAN_POINT ( 'NONE',  ( 11.95000000000001350, 0.000000000000000000, 6.000000000000000000 ) ) ;
#2452 = AXIS2_PLACEMENT_3D ( 'NONE', #3137, #1145, #1482 ) ;
#2453 = CARTESIAN_POINT ( 'NONE',  ( 4.919582178358630883E-16, 22.45262592974429694, 2.678095802416302629 ) ) ;
#2454 = VECTOR ( 'NONE', #5344, 1000.000000000000000 ) ;
#2455 = ORIENTED_EDGE ( 'NONE', *, *, #265, .T. ) ;
#2456 = CYLINDRICAL_SURFACE ( 'NONE', #5035, 1.050000000000000488 ) ;
#2457 = ORIENTED_EDGE ( 'NONE', *, *, #4203, .T. ) ;
#2459 = EDGE_CURVE ( 'NONE', #2869, #3704, #4146, .T. ) ;
#2458 = CARTESIAN_POINT ( 'NONE',  ( 0.9001208017744826151, 19.38297455179784023, -1.559054961623038915 ) ) ;
#2460 = STYLED_ITEM ( 'NONE', ( #1783 ), #3078 ) ;
#2461 = EDGE_CURVE ( 'NONE', #3942, #4641, #2424, .T. ) ;
#2462 = FACE_OUTER_BOUND ( 'NONE', #1523, .T. ) ;
#2463 = CARTESIAN_POINT ( 'NONE',  ( 1.800241603548966118, 19.28297455179784237, -2.204660117478139918E-16 ) ) ;
#2464 = ORIENTED_EDGE ( 'NONE', *, *, #76, .T. ) ;
#2465 = EDGE_CURVE ( 'NONE', #3241, #283, #1680, .T. ) ;
#2466 = ORIENTED_EDGE ( 'NONE', *, *, #2461, .F. ) ;
#2467 = AXIS2_PLACEMENT_3D ( 'NONE', #4002, #625, #1595 ) ;
#2468 = DIRECTION ( 'NONE',  ( 1.000000000000000000, 0.000000000000000000, 0.000000000000000000 ) ) ;
#2469 = VECTOR ( 'NONE', #2084, 1000.000000000000000 ) ;
#2470 = VECTOR ( 'NONE', #3675, 1000.000000000000000 ) ;
#2471 = CARTESIAN_POINT ( 'NONE',  ( 0.000000000000000000, 0.000000000000000000, 0.000000000000000000 ) ) ;
#2472 = VERTEX_POINT ( 'NONE', #385 ) ;
#2473 = DIRECTION ( 'NONE',  ( 0.000000000000000000, 0.000000000000000000, 1.000000000000000000 ) ) ;
#2474 = ADVANCED_BREP_SHAPE_REPRESENTATION ( '', ( #3078, #4805 ), #1998 ) ;
#2475 = CARTESIAN_POINT ( 'NONE',  ( 1.800241603548965008, 21.73297455179782389, -1.039369974415360609 ) ) ;
#2476 = DIRECTION ( 'NONE',  ( 0.9031820287976514150, -0.4292577580626335543, 0.000000000000000000 ) ) ;
#2477 = FACE_OUTER_BOUND ( 'NONE', #2017, .T. ) ;
#2478 = AXIS2_PLACEMENT_3D ( 'NONE', #1858, #2295, #3536 ) ;
#2479 = SURFACE_SIDE_STYLE ('',( #5430 ) ) ;
#2480 = CARTESIAN_POINT ( 'NONE',  ( 1.094731361393142335E-14, 18.25262592974432252, 2.678095802416302629 ) ) ;
#2481 = AXIS2_PLACEMENT_3D ( 'NONE', #3330, #4226, #1235 ) ;
#2482 = CARTESIAN_POINT ( 'NONE',  ( 0.000000000000000000, 0.000000000000000000, 10.59999999999999787 ) ) ;
#2483 = CARTESIAN_POINT ( 'NONE',  ( 0.000000000000000000, 0.000000000000000000, 2.500000000000005773 ) ) ;
#2484 = ORIENTED_EDGE ( 'NONE', *, *, #3695, .F. ) ;
#2485 = DIRECTION ( 'NONE',  ( -1.000000000000000000, 0.000000000000000000, 0.000000000000000000 ) ) ;
#2486 = CARTESIAN_POINT ( 'NONE',  ( -5.247585739100215640, 10.73616989017928525, 6.000000000000000000 ) ) ;
#2487 = CARTESIAN_POINT ( 'NONE',  ( 1.159649499330495548, 17.10262592974432749, 2.008571851812226861 ) ) ;
#2488 = ORIENTED_EDGE ( 'NONE', *, *, #4793, .F. ) ;
#2489 = FACE_OUTER_BOUND ( 'NONE', #886, .T. ) ;
#2490 = ORIENTED_EDGE ( 'NONE', *, *, #195, .T. ) ;
#2491 = CARTESIAN_POINT ( 'NONE',  ( 1.800241603548965674, 18.73297455179784521, -1.039369974415359499 ) ) ;
#2492 = ADVANCED_FACE ( 'NONE', ( #4610 ), #853, .T. ) ;
#2493 = CARTESIAN_POINT ( 'NONE',  ( 5.988145724973781725, 12.59938930172721605, 3.600000000000000089 ) ) ;
#2494 = EDGE_CURVE ( 'NONE', #1961, #2518, #2519, .T. ) ;
#2495 = CARTESIAN_POINT ( 'NONE',  ( 3.818583336892907545E-16, 21.53297455179783171, 2.078739948830717665 ) ) ;
#2496 = ORIENTED_EDGE ( 'NONE', *, *, #2085, .F. ) ;
#2497 = LINE ( 'NONE', #2082, #2588 ) ;
#2498 = CARTESIAN_POINT ( 'NONE',  ( 0.000000000000000000, 0.000000000000000000, 2.500000000000005773 ) ) ;
#2499 = CARTESIAN_POINT ( 'NONE',  ( 8.986661186536643697, -4.271114692723135597, 3.600000000000000089 ) ) ;
#2500 = ORIENTED_EDGE ( 'NONE', *, *, #4591, .F. ) ;
#2501 = CARTESIAN_POINT ( 'NONE',  ( 0.000000000000000000, 25.00000000000000000, -1.900000000000002354 ) ) ;
#2502 = CARTESIAN_POINT ( 'NONE',  ( -0.9001208017744880552, 20.08297455179783597, -1.559054961623035807 ) ) ;
#2503 = FACE_OUTER_BOUND ( 'NONE', #546, .T. ) ;
#2504 = DIRECTION ( 'NONE',  ( -0.000000000000000000, -0.000000000000000000, -1.000000000000000000 ) ) ;
#2505 = AXIS2_PLACEMENT_3D ( 'NONE', #1970, #5010, #346 ) ;
#2506 = CARTESIAN_POINT ( 'NONE',  ( 1.159649499330507316, 20.10262592974430973, 2.008571851812219755 ) ) ;
#2507 = CARTESIAN_POINT ( 'NONE',  ( 7.256854249492449505, 5.656854249492308639, 6.000000000000000000 ) ) ;
#2508 = VECTOR ( 'NONE', #426, 1000.000000000000000 ) ;
#2509 = DIRECTION ( 'NONE',  ( 0.000000000000000000, 0.000000000000000000, 1.000000000000000000 ) ) ;
#2510 = ORIENTED_EDGE ( 'NONE', *, *, #1747, .T. ) ;
#2511 = FACE_OUTER_BOUND ( 'NONE', #2932, .T. ) ;
#2512 = CARTESIAN_POINT ( 'NONE',  ( -9.007820706583331116, -3.278135129845508366, 6.000000000000000000 ) ) ;
#2513 = CARTESIAN_POINT ( 'NONE',  ( -1.159649499330492883, 18.20262592974431826, 2.008571851812228193 ) ) ;
#2514 = VECTOR ( 'NONE', #65, 1000.000000000000000 ) ;
#2515 = EDGE_CURVE ( 'NONE', #4155, #2927, #2246, .T. ) ;
#2516 = EDGE_LOOP ( 'NONE', ( #4470, #3632, #3092, #3804 ) ) ;
#2517 = DIRECTION ( 'NONE',  ( -1.047444401652940007E-14, 1.000000000000000000, 0.000000000000000000 ) ) ;
#2518 = VERTEX_POINT ( 'NONE', #2451 ) ;
#2519 = CIRCLE ( 'NONE', #140, 11.95000000000001350 ) ;
#2520 = CARTESIAN_POINT ( 'NONE',  ( -1.800241603548966118, 17.78297455179784947, 0.000000000000000000 ) ) ;
#2521 = AXIS2_PLACEMENT_3D ( 'NONE', #5259, #2389, #3999 ) ;
#2522 = DIRECTION ( 'NONE',  ( 0.3351150656056055555, 0.9421772088116707744, 0.000000000000000000 ) ) ;
#2523 = CARTESIAN_POINT ( 'NONE',  ( 1.800241603548965674, 21.13297455179783313, -1.039369974415359499 ) ) ;
#2524 = ORIENTED_EDGE ( 'NONE', *, *, #2227, .T. ) ;
#2525 = DIRECTION ( 'NONE',  ( -1.000000000000000000, 0.000000000000000000, 0.000000000000000000 ) ) ;
#2526 = CARTESIAN_POINT ( 'NONE',  ( 2.500000000000000000, 0.000000000000000000, 0.000000000000000000 ) ) ;
#2527 = DIRECTION ( 'NONE',  ( -0.000000000000000000, -0.000000000000000000, 1.000000000000000000 ) ) ;
#2528 = ORIENTED_EDGE ( 'NONE', *, *, #1551, .F. ) ;
#2529 = CARTESIAN_POINT ( 'NONE',  ( -6.126631034397117759, -12.53263308999200021, 3.999999999999982681 ) ) ;
#2530 = CARTESIAN_POINT ( 'NONE',  ( -1.800241603548972558, 19.53297455179784237, -1.039369974415347730 ) ) ;
#2531 = DIRECTION ( 'NONE',  ( -0.7071067811865462405, -0.7071067811865487940, 0.000000000000000000 ) ) ;
#2532 = CARTESIAN_POINT ( 'NONE',  ( -13.14337206292275795, -4.674855165198334994, 3.600000000000000089 ) ) ;
#2533 = CARTESIAN_POINT ( 'NONE',  ( 1.029136932348360261E-14, 18.85262592974431684, 2.678095802416302629 ) ) ;
#2534 = EDGE_CURVE ( 'NONE', #3799, #4527, #4551, .T. ) ;
#2535 = EDGE_CURVE ( 'NONE', #4750, #4527, #571, .T. ) ;
#2536 = DIRECTION ( 'NONE',  ( -3.491481338843133355E-15, 1.000000000000000000, 0.000000000000000000 ) ) ;
#2537 = DIRECTION ( 'NONE',  ( -0.000000000000000000, -0.000000000000000000, 1.000000000000000000 ) ) ;
#2538 = DIRECTION ( 'NONE',  ( 0.000000000000000000, -0.000000000000000000, 1.000000000000000000 ) ) ;
#2539 = CARTESIAN_POINT ( 'NONE',  ( 2.399999999999999911, 15.95903842913882009, 5.371732793416912957E-13 ) ) ;
#2540 = EDGE_CURVE ( 'NONE', #1822, #4038, #1707, .T. ) ;
#2541 = VECTOR ( 'NONE', #4907, 1000.000000000000000 ) ;
#2542 = CARTESIAN_POINT ( 'NONE',  ( -2.319298998660988875, 18.05262592974432323, -1.339047901208151092 ) ) ;
#2543 = EDGE_LOOP ( 'NONE', ( #280, #1925, #2367, #656 ) ) ;
#2544 = CARTESIAN_POINT ( 'NONE',  ( -2.500000000000000000, 3.061616997868383141E-16, 0.5000000000000000000 ) ) ;
#2545 = VERTEX_POINT ( 'NONE', #5409 ) ;
#2546 = CARTESIAN_POINT ( 'NONE',  ( -1.800241603548966340, 18.33297455179785018, -1.039369974415358833 ) ) ;
#2547 = VECTOR ( 'NONE', #4746, 1000.000000000000000 ) ;
#2548 = PLANE ( 'NONE',  #983 ) ;
#2549 = CARTESIAN_POINT ( 'NONE',  ( 1.800241603548965674, 19.93297455179784095, -1.039369974415359499 ) ) ;
#2550 = VERTEX_POINT ( 'NONE', #2949 ) ;
#2551 = CARTESIAN_POINT ( 'NONE',  ( -4.271114692723289252, 8.986661186536569090, 3.600000000000000089 ) ) ;
#2552 = CARTESIAN_POINT ( 'NONE',  ( 2.319298998660989763, 23.80262592974428415, -2.840322094975842506E-16 ) ) ;
#2553 = DIRECTION ( 'NONE',  ( -1.000000000000000000, 0.000000000000000000, 0.000000000000000000 ) ) ;
#2554 = DIRECTION ( 'NONE',  ( -0.000000000000000000, -0.000000000000000000, 1.000000000000000000 ) ) ;
#2555 = ORIENTED_EDGE ( 'NONE', *, *, #2580, .T. ) ;
#2556 = CARTESIAN_POINT ( 'NONE',  ( -0.9001208017744700696, 19.08297455179784308, 1.559054961623046243 ) ) ;
#2557 = DIRECTION ( 'NONE',  ( 1.000000000000000000, 0.000000000000000000, -0.000000000000000000 ) ) ;
#2558 = CARTESIAN_POINT ( 'NONE',  ( -1.159649499330491329, 17.00262592974432607, 2.008571851812229081 ) ) ;
#2559 = AXIS2_PLACEMENT_3D ( 'NONE', #3625, #2415, #3971 ) ;
#2560 = EDGE_CURVE ( 'NONE', #4162, #4040, #2122, .T. ) ;
#2561 = CARTESIAN_POINT ( 'NONE',  ( 1.844893984509650586, 24.81292332586920679, 0.9851552318588029378 ) ) ;
#2562 = CARTESIAN_POINT ( 'NONE',  ( 0.000000000000000000, 0.000000000000000000, -6.218749999999967137 ) ) ;
#2563 = EDGE_CURVE ( 'NONE', #5138, #2786, #767, .T. ) ;
#2564 = DIRECTION ( 'NONE',  ( 0.000000000000000000, 0.000000000000000000, 1.000000000000000000 ) ) ;
#2565 = AXIS2_PLACEMENT_3D ( 'NONE', #4762, #3208, #1500 ) ;
#2566 = DIRECTION ( 'NONE',  ( -0.000000000000000000, -0.000000000000000000, 1.000000000000000000 ) ) ;
#2567 = CARTESIAN_POINT ( 'NONE',  ( 1.159649499330495548, 18.90262592974431399, 2.008571851812226861 ) ) ;
#2568 = AXIS2_PLACEMENT_3D ( 'NONE', #5137, #1770, #3451 ) ;
#2569 = ORIENTED_EDGE ( 'NONE', *, *, #813, .F. ) ;
#2570 = CARTESIAN_POINT ( 'NONE',  ( -3.334394902775899006, 9.374663227676061084, 3.600000000000000089 ) ) ;
#2571 = EDGE_LOOP ( 'NONE', ( #4489, #628, #5380, #2180, #4017 ) ) ;
#2572 = CARTESIAN_POINT ( 'NONE',  ( -0.9001208017744819490, 16.08297455179786439, 1.559054961623039581 ) ) ;
#2573 = DIRECTION ( 'NONE',  ( -0.000000000000000000, -0.000000000000000000, -1.000000000000000000 ) ) ;
#2574 = CARTESIAN_POINT ( 'NONE',  ( -1.272861112297636013E-16, 18.83297455179784663, -2.078739948830717665 ) ) ;
#2575 = ORIENTED_EDGE ( 'NONE', *, *, #2936, .F. ) ;
#2576 = LINE ( 'NONE', #2213, #4428 ) ;
#2577 = CARTESIAN_POINT ( 'NONE',  ( 2.319298998660989763, 22.00262592974429765, -2.840322094975842506E-16 ) ) ;
#2578 = CARTESIAN_POINT ( 'NONE',  ( 0.000000000000000000, 0.000000000000000000, 2.500000000000005773 ) ) ;
#2579 = CARTESIAN_POINT ( 'NONE',  ( 6.355703580796700270E-15, 22.45262592974429694, 2.678095802416302629 ) ) ;
#2580 = EDGE_CURVE ( 'NONE', #2437, #4432, #1295, .T. ) ;
#2581 = VERTEX_POINT ( 'NONE', #413 ) ;
#2582 = CARTESIAN_POINT ( 'NONE',  ( -1.800241603548966118, 18.38297455179784734, 1.764173819860022679E-14 ) ) ;
#2583 = FACE_OUTER_BOUND ( 'NONE', #2167, .T. ) ;
#2584 = FILL_AREA_STYLE ('',( #3080 ) ) ;
#2585 = CARTESIAN_POINT ( 'NONE',  ( 1.028444718102588862, 24.77887581767254943, 1.860010121572970743 ) ) ;
#2586 = CARTESIAN_POINT ( 'NONE',  ( 0.000000000000000000, 0.000000000000000000, 0.000000000000000000 ) ) ;
#2587 = FACE_OUTER_BOUND ( 'NONE', #3, .T. ) ;
#2588 = VECTOR ( 'NONE', #753, 1000.000000000000000 ) ;
#2589 = DIRECTION ( 'NONE',  ( -1.000000000000000000, 0.000000000000000000, 0.000000000000000000 ) ) ;
#2590 = CARTESIAN_POINT ( 'NONE',  ( -1.159649499330492883, 17.60262592974432394, 2.008571851812228193 ) ) ;
#2591 = CONICAL_SURFACE ( 'NONE', #133, 13.94999999999999929, 1.012197011451335449 ) ;
#2592 = VERTEX_POINT ( 'NONE', #5047 ) ;
#2593 = LINE ( 'NONE', #4255, #4078 ) ;
#2594 = VERTEX_POINT ( 'NONE', #2068 ) ;
#2595 = CIRCLE ( 'NONE', #5210, 1.050000000000002265 ) ;
#2596 = PRODUCT_DEFINITION_CONTEXT ( 'detailed design', #899, 'design' ) ;
#2597 = CARTESIAN_POINT ( 'NONE',  ( 0.9001208017744838363, 16.18297455179785871, 1.559054961623038471 ) ) ;
#2598 = DIRECTION ( 'NONE',  ( -0.000000000000000000, -0.000000000000000000, 1.000000000000000000 ) ) ;
#2599 = CARTESIAN_POINT ( 'NONE',  ( 1.800241603548966784, 16.83297455179785729, 1.039369974415358611 ) ) ;
#2600 = ORIENTED_EDGE ( 'NONE', *, *, #4420, .F. ) ;
#2601 = FACE_OUTER_BOUND ( 'NONE', #2128, .T. ) ;
#2602 = LINE ( 'NONE', #4214, #4333 ) ;
#2603 = EDGE_CURVE ( 'NONE', #5148, #5235, #4780, .T. ) ;
#2604 = VECTOR ( 'NONE', #1569, 1000.000000000000000 ) ;
#2605 = DIRECTION ( 'NONE',  ( 1.000000000000000000, 0.000000000000000000, 0.000000000000000000 ) ) ;
#2606 = CARTESIAN_POINT ( 'NONE',  ( -0.6511448543699772662, 24.58070100133901192, -2.226018468885055501 ) ) ;
#2607 = ORIENTED_EDGE ( 'NONE', *, *, #690, .F. ) ;
#2608 = CARTESIAN_POINT ( 'NONE',  ( 1.800241603548956348, 18.13297455179785089, -1.039369974415375930 ) ) ;
#2609 = PRODUCT_CONTEXT ( 'NONE', #2134, 'mechanical' ) ;
#2610 = CARTESIAN_POINT ( 'NONE',  ( 2.057633978034264288, 24.83631345333689566, 0.2083099515511461775 ) ) ;
#2611 = LINE ( 'NONE', #4743, #3086 ) ;
#2612 = CARTESIAN_POINT ( 'NONE',  ( -2.714623668879432294, 16.08910671664152048, -6.079254865147559320E-13 ) ) ;
#2613 = CYLINDRICAL_SURFACE ( 'NONE', #5069, 8.180456575636107175 ) ;
#2614 = FACE_OUTER_BOUND ( 'NONE', #4253, .T. ) ;
#2615 = ORIENTED_EDGE ( 'NONE', *, *, #3900, .T. ) ;
#2616 = CARTESIAN_POINT ( 'NONE',  ( 0.000000000000000000, 0.000000000000000000, 2.500000000000005773 ) ) ;
#2617 = ORIENTED_EDGE ( 'NONE', *, *, #2534, .T. ) ;
#2618 =( GEOMETRIC_REPRESENTATION_CONTEXT ( 3 ) GLOBAL_UNCERTAINTY_ASSIGNED_CONTEXT ( ( #1752 ) ) GLOBAL_UNIT_ASSIGNED_CONTEXT ( ( #1922, #4387, #735 ) ) REPRESENTATION_CONTEXT ( 'NONE', 'WORKASPACE' ) );
#2619 = CARTESIAN_POINT ( 'NONE',  ( -1.159649499330494660, 24.60262592974428131, -2.008571851812227305 ) ) ;
#2620 = AXIS2_PLACEMENT_3D ( 'NONE', #1808, #3516, #1836 ) ;
#2621 = EDGE_CURVE ( 'NONE', #2763, #3380, #2078, .T. ) ;
#2622 = CARTESIAN_POINT ( 'NONE',  ( 4.000000000000000000, 4.898587196589412829E-16, 6.000000000000000000 ) ) ;
#2623 = ORIENTED_EDGE ( 'NONE', *, *, #4869, .F. ) ;
#2624 = CARTESIAN_POINT ( 'NONE',  ( -0.9001208017744832812, 15.88297455179786510, -1.559054961623038693 ) ) ;
#2625 = ORIENTED_EDGE ( 'NONE', *, *, #1683, .F. ) ;
#2626 = EDGE_CURVE ( 'NONE', #303, #780, #903, .T. ) ;
#2627 = CARTESIAN_POINT ( 'NONE',  ( -2.778967435556481291, 0.1924264824948780095, 0.000000000000000000 ) ) ;
#2628 = CIRCLE ( 'NONE', #75, 13.94999999999999929 ) ;
#2629 = CARTESIAN_POINT ( 'NONE',  ( -1.159649499330495104, 23.40262592974428912, -2.008571851812227749 ) ) ;
#2630 = COLOUR_RGB ( '',0.3333333333333333148, 0.3333333333333333148, 0.3333333333333333148 ) ;
#2631 = PLANE ( 'NONE',  #2384 ) ;
#2632 = EDGE_CURVE ( 'NONE', #1019, #4040, #878, .T. ) ;
#2633 = CARTESIAN_POINT ( 'NONE',  ( 1.159649499330494438, 17.90262592974432110, -2.008571851812228193 ) ) ;
#2634 = CARTESIAN_POINT ( 'NONE',  ( 2.319298998660988875, 24.35262592974428486, 1.339047901208151092 ) ) ;
#2635 = EDGE_LOOP ( 'NONE', ( #1713, #2952, #3887, #2340, #2682, #3090 ) ) ;
#2636 = CARTESIAN_POINT ( 'NONE',  ( -3.259425137325728203E-14, 17.03297455179785658, -2.078739948830718109 ) ) ;
#2637 = CARTESIAN_POINT ( 'NONE',  ( -1.200000000000463807, 15.75903842913882080, 2.078460969082384757 ) ) ;
#2638 =( NAMED_UNIT ( * ) PLANE_ANGLE_UNIT ( ) SI_UNIT ( $, .RADIAN. ) );
#2639 = DIRECTION ( 'NONE',  ( 0.000000000000000000, 0.000000000000000000, 1.000000000000000000 ) ) ;
#2640 = AXIS2_PLACEMENT_3D ( 'NONE', #796, #4940, #357 ) ;
#2641 = DIRECTION ( 'NONE',  ( -0.000000000000000000, -0.000000000000000000, -1.000000000000000000 ) ) ;
#2642 = CARTESIAN_POINT ( 'NONE',  ( -3.321864870154523697, 9.185996884128948992, 0.000000000000000000 ) ) ;
#2643 = CYLINDRICAL_SURFACE ( 'NONE', #4635, 13.94999999999999929 ) ;
#2644 = ADVANCED_FACE ( 'NONE', ( #2587 ), #4176, .T. ) ;
#2645 = AXIS2_PLACEMENT_3D ( 'NONE', #4696, #2598, #1331 ) ;
#2646 = AXIS2_PLACEMENT_3D ( 'NONE', #5396, #2851, #1139 ) ;
#2647 = CARTESIAN_POINT ( 'NONE',  ( 0.000000000000000000, 0.000000000000000000, 3.600000000000000089 ) ) ;
#2648 = AXIS2_PLACEMENT_3D ( 'NONE', #3920, #2251, #902 ) ;
#2649 = ORIENTED_EDGE ( 'NONE', *, *, #3669, .T. ) ;
#2650 = DIRECTION ( 'NONE',  ( 0.000000000000000000, 0.000000000000000000, -1.000000000000000000 ) ) ;
#2651 = VERTEX_POINT ( 'NONE', #3891 ) ;
#2652 = EDGE_CURVE ( 'NONE', #1106, #1152, #3654, .T. ) ;
#2653 = CARTESIAN_POINT ( 'NONE',  ( -2.319298998660987987, 23.55262592974428770, 1.339047901208152647 ) ) ;
#2654 = CIRCLE ( 'NONE', #2565, 1.050000000000004041 ) ;
#2655 = ORIENTED_EDGE ( 'NONE', *, *, #4561, .F. ) ;
#2656 = CARTESIAN_POINT ( 'NONE',  ( -0.9001208017744819490, 17.88297455179785089, 1.559054961623039581 ) ) ;
#2657 = AXIS2_PLACEMENT_3D ( 'NONE', #1070, #4415, #5349 ) ;
#2658 = ORIENTED_EDGE ( 'NONE', *, *, #3770, .F. ) ;
#2659 = CARTESIAN_POINT ( 'NONE',  ( 0.000000000000000000, 25.00000000000000000, 0.000000000000000000 ) ) ;
#2660 = CARTESIAN_POINT ( 'NONE',  ( 2.319298998660989763, 22.60262592974429197, -2.840322094975842506E-16 ) ) ;
#2661 = CARTESIAN_POINT ( 'NONE',  ( -1.272861112297636013E-16, 22.43297455179782318, -2.078739948830717665 ) ) ;
#2662 = ADVANCED_FACE ( 'NONE', ( #80 ), #4332, .F. ) ;
#2663 = DIRECTION ( 'NONE',  ( -1.000000000000000000, 0.000000000000000000, 0.000000000000000000 ) ) ;
#2664 = CARTESIAN_POINT ( 'NONE',  ( -1.639860726119544942E-16, 17.95262592974432181, -2.678095802416303517 ) ) ;
#2665 = CARTESIAN_POINT ( 'NONE',  ( 2.319298998660986655, 23.25262592974429054, -1.339047901208154867 ) ) ;
#2666 = VERTEX_POINT ( 'NONE', #51 ) ;
#2667 = CARTESIAN_POINT ( 'NONE',  ( -1.629648233674022762E-14, 18.83297455179784663, -2.078739948830718109 ) ) ;
#2668 = CARTESIAN_POINT ( 'NONE',  ( 0.9081581643618540367, 24.77543712273283916, 1.925365062316059195 ) ) ;
#2669 = DIRECTION ( 'NONE',  ( 0.000000000000000000, -0.000000000000000000, 1.000000000000000000 ) ) ;
#2670 = DIRECTION ( 'NONE',  ( 0.000000000000000000, -0.000000000000000000, 1.000000000000000000 ) ) ;
#2671 = EDGE_CURVE ( 'NONE', #3169, #5290, #1545, .T. ) ;
#2672 = CARTESIAN_POINT ( 'NONE',  ( -10.73583981544116206, 5.248260993623373061, 6.000000000000000000 ) ) ;
#2673 = CARTESIAN_POINT ( 'NONE',  ( -2.319298998660987987, 15.75262592974433673, 1.339047901208152647 ) ) ;
#2674 = ORIENTED_EDGE ( 'NONE', *, *, #2632, .T. ) ;
#2675 = DIRECTION ( 'NONE',  ( -0.000000000000000000, 0.000000000000000000, 1.000000000000000000 ) ) ;
#2676 = ORIENTED_EDGE ( 'NONE', *, *, #2461, .T. ) ;
#2677 = CARTESIAN_POINT ( 'NONE',  ( 1.159649499330495548, 23.70262592974428628, 2.008571851812226861 ) ) ;
#2678 = VECTOR ( 'NONE', #2245, 1000.000000000000114 ) ;
#2679 = VERTEX_POINT ( 'NONE', #137 ) ;
#2680 = CARTESIAN_POINT ( 'NONE',  ( -1.272861112297636013E-16, 17.03297455179785658, -2.078739948830717665 ) ) ;
#2681 = VECTOR ( 'NONE', #1712, 1000.000000000000000 ) ;
#2682 = ORIENTED_EDGE ( 'NONE', *, *, #3275, .T. ) ;
#2683 = DIRECTION ( 'NONE',  ( 0.000000000000000000, 0.000000000000000000, 1.000000000000000000 ) ) ;
#2684 = CARTESIAN_POINT ( 'NONE',  ( 2.319298998660990652, 20.75262592974430476, 1.339047901208151092 ) ) ;
#2685 = CARTESIAN_POINT ( 'NONE',  ( 1.800241603548965674, 22.33297455179782531, -1.039369974415359499 ) ) ;
#2686 = CARTESIAN_POINT ( 'NONE',  ( -12.50747877992344037, -6.177821183051904974, 4.000000000000001776 ) ) ;
#2687 = CARTESIAN_POINT ( 'NONE',  ( 2.319298998660989319, 15.45262592974433780, -1.339047901208152647 ) ) ;
#2688 = CARTESIAN_POINT ( 'NONE',  ( 2.319298998660988875, 23.80262592974428415, -1.061531782689365014E-16 ) ) ;
#2689 = EDGE_LOOP ( 'NONE', ( #3751, #3449, #3019, #5313 ) ) ;
#2690 = CARTESIAN_POINT ( 'NONE',  ( 0.9001208017744960488, 16.18297455179785871, 1.559054961623031144 ) ) ;
#2691 = CARTESIAN_POINT ( 'NONE',  ( -2.400000000000309441, 15.70903842913882187, 1.385640646054565828 ) ) ;
#2692 = VECTOR ( 'NONE', #3332, 1000.000000000000000 ) ;
#2693 = APPLICATION_PROTOCOL_DEFINITION ( 'draft international standard', 'automotive_design', 1998, #999 ) ;
#2694 = EDGE_CURVE ( 'NONE', #468, #3718, #661, .T. ) ;
#2695 = DIRECTION ( 'NONE',  ( 0.000000000000000000, 0.000000000000000000, -1.000000000000000000 ) ) ;
#2696 = AXIS2_PLACEMENT_3D ( 'NONE', #5154, #2564, #4228 ) ;
#2697 = CARTESIAN_POINT ( 'NONE',  ( 2.778967435556481291, 0.1924264824948780095, 6.000000000000000000 ) ) ;
#2698 = CARTESIAN_POINT ( 'NONE',  ( -1.800241603548966118, 23.78297455179781394, 8.818640469912559670E-16 ) ) ;
#2699 = DIRECTION ( 'NONE',  ( -3.304235192336768412E-15, 1.000000000000000000, 0.000000000000000000 ) ) ;
#2700 = CYLINDRICAL_SURFACE ( 'NONE', #4007, 9.949999999999981526 ) ;
#2701 = EDGE_CURVE ( 'NONE', #2437, #3479, #3399, .T. ) ;
#2702 = EDGE_CURVE ( 'NONE', #4065, #993, #3482, .T. ) ;
#2703 = ORIENTED_EDGE ( 'NONE', *, *, #2071, .T. ) ;
#2704 = LINE ( 'NONE', #3009, #1016 ) ;
#2705 = ORIENTED_EDGE ( 'NONE', *, *, #2515, .T. ) ;
#2706 = CARTESIAN_POINT ( 'NONE',  ( 4.919582178358630883E-16, 24.25262592974427989, 2.678095802416302629 ) ) ;
#2707 = ORIENTED_EDGE ( 'NONE', *, *, #2132, .F. ) ;
#2708 = CARTESIAN_POINT ( 'NONE',  ( -1.800241603548966118, 18.38297455179784734, 0.000000000000000000 ) ) ;
#2709 = ORIENTED_EDGE ( 'NONE', *, *, #1319, .F. ) ;
#2710 = DIRECTION ( 'NONE',  ( 0.000000000000000000, 0.000000000000000000, 1.000000000000000000 ) ) ;
#2711 = CARTESIAN_POINT ( 'NONE',  ( -2.319298998660989763, 19.90262592974431044, 0.000000000000000000 ) ) ;
#2712 = CARTESIAN_POINT ( 'NONE',  ( -0.9001208017744832812, 24.28297455179781039, -1.559054961623038693 ) ) ;
#2713 = VECTOR ( 'NONE', #19, 1000.000000000000000 ) ;
#2714 = CARTESIAN_POINT ( 'NONE',  ( -9.949999999999979750, 0.000000000000000000, 0.5000000000000000000 ) ) ;
#2715 = CARTESIAN_POINT ( 'NONE',  ( 4.919582178358633841E-16, 17.65262592974432465, 2.678095802416303517 ) ) ;
#2716 = AXIS2_PLACEMENT_3D ( 'NONE', #4000, #1892, #3162 ) ;
#2717 = ORIENTED_EDGE ( 'NONE', *, *, #3260, .T. ) ;
#2718 = CARTESIAN_POINT ( 'NONE',  ( -2.697326152779444097, 15.54844929580395174, 1.557301980398626329 ) ) ;
#2719 = CIRCLE ( 'NONE', #4721, 9.949999999999979750 ) ;
#2720 = DIRECTION ( 'NONE',  ( 0.000000000000000000, -1.000000000000000000, 0.000000000000000000 ) ) ;
#2721 = DIRECTION ( 'NONE',  ( -0.7071067811865463515, -0.7071067811865487940, 0.000000000000000000 ) ) ;
#2722 = CARTESIAN_POINT ( 'NONE',  ( -1.800241603548964342, 23.83297455179781466, 1.039369974415361941 ) ) ;
#2723 = PRODUCT_DEFINITION_SHAPE ( 'NONE', 'NONE',  #3071 ) ;
#2724 = CARTESIAN_POINT ( 'NONE',  ( -2.319298998661585731, 15.75262592974431364, 1.339047901207828684 ) ) ;
#2725 = CARTESIAN_POINT ( 'NONE',  ( -5.540174622916023139, 11.33519928865699988, 5.333333335112990348 ) ) ;
#2726 = EDGE_CURVE ( 'NONE', #5040, #4776, #2957, .T. ) ;
#2727 = EDGE_CURVE ( 'NONE', #3976, #2397, #1989, .T. ) ;
#2728 = DIRECTION ( 'NONE',  ( 0.4292577580626366074, 0.9031820287976498607, 0.000000000000000000 ) ) ;
#2729 = EDGE_LOOP ( 'NONE', ( #3901, #2457, #2615, #3546 ) ) ;
#2730 = CARTESIAN_POINT ( 'NONE',  ( 9.949999999999979750, 1.218523565151613817E-15, 38.74284989122453737 ) ) ;
#2731 = VERTEX_POINT ( 'NONE', #3840 ) ;
#2732 =( GEOMETRIC_REPRESENTATION_CONTEXT ( 3 ) GLOBAL_UNCERTAINTY_ASSIGNED_CONTEXT ( ( #2142 ) ) GLOBAL_UNIT_ASSIGNED_CONTEXT ( ( #1649, #4992, #510 ) ) REPRESENTATION_CONTEXT ( 'NONE', 'WORKASPACE' ) );
#2733 = CARTESIAN_POINT ( 'NONE',  ( 1.159649499330493994, 22.70262592974429339, -2.008571851812227305 ) ) ;
#2734 = AXIS2_PLACEMENT_3D ( 'NONE', #927, #3465, #5180 ) ;
#2735 = EDGE_CURVE ( 'NONE', #3611, #1917, #512, .T. ) ;
#2736 = ADVANCED_BREP_SHAPE_REPRESENTATION ( '', ( #3022, #4805 ), #2969 ) ;
#2737 = ORIENTED_EDGE ( 'NONE', *, *, #3504, .T. ) ;
#2738 = CARTESIAN_POINT ( 'NONE',  ( 0.000000000000000000, 25.00000000000000000, 0.000000000000000000 ) ) ;
#2739 = EDGE_LOOP ( 'NONE', ( #2322, #1251, #191, #4484 ) ) ;
#2740 = FACE_OUTER_BOUND ( 'NONE', #4706, .T. ) ;
#2741 = AXIS2_PLACEMENT_3D ( 'NONE', #1001, #4352, #2320 ) ;
#2742 = CARTESIAN_POINT ( 'NONE',  ( -2.319298998660989763, 19.85262592974430973, -1.339047901208151536 ) ) ;
#2743 = CARTESIAN_POINT ( 'NONE',  ( 1.800241603548966118, 24.08297455179781110, -2.204660117478139918E-16 ) ) ;
#2744 = AXIS2_PLACEMENT_3D ( 'NONE', #472, #3425, #5082 ) ;
#2745 = DIRECTION ( 'NONE',  ( -1.000000000000000000, 0.000000000000000000, -0.000000000000000000 ) ) ;
#2746 = CARTESIAN_POINT ( 'NONE',  ( -1.159649499330495104, 16.20262592974433602, -2.008571851812227749 ) ) ;
#2747 = ORIENTED_EDGE ( 'NONE', *, *, #5366, .T. ) ;
#2748 = ORIENTED_EDGE ( 'NONE', *, *, #2694, .F. ) ;
#2749 = CARTESIAN_POINT ( 'NONE',  ( -2.861037394075327089, 8.242525614142131474, 0.000000000000000000 ) ) ;
#2750 = EDGE_CURVE ( 'NONE', #1975, #3605, #5050, .T. ) ;
#2751 = CARTESIAN_POINT ( 'NONE',  ( 8.986661186536583301, 4.271114692723257278, 3.599999999999999201 ) ) ;
#2752 = CARTESIAN_POINT ( 'NONE',  ( -8.317514421272187874, 6.717514421272207770, 6.000000000000000000 ) ) ;
#2753 = CARTESIAN_POINT ( 'NONE',  ( 1.800241603548964120, 23.53297455179781394, -1.039369974415362163 ) ) ;
#2754 = LINE ( 'NONE', #4385, #3679 ) ;
#2755 = CARTESIAN_POINT ( 'NONE',  ( 0.000000000000000000, 0.000000000000000000, 6.000000000000000000 ) ) ;
#2756 = DIRECTION ( 'NONE',  ( 0.000000000000000000, 0.000000000000000000, -1.000000000000000000 ) ) ;
#2757 = ORIENTED_EDGE ( 'NONE', *, *, #4397, .F. ) ;
#2758 = PLANE ( 'NONE',  #4516 ) ;
#2759 = ORIENTED_EDGE ( 'NONE', *, *, #637, .F. ) ;
#2760 = CARTESIAN_POINT ( 'NONE',  ( -2.319298998660988875, 20.50262592974430476, 0.000000000000000000 ) ) ;
#2761 = EDGE_LOOP ( 'NONE', ( #1387, #4497, #2995, #4407 ) ) ;
#2762 = LINE ( 'NONE', #2370, #4598 ) ;
#2763 = VERTEX_POINT ( 'NONE', #5123 ) ;
#2764 = LINE ( 'NONE', #610, #3899 ) ;
#2765 = CARTESIAN_POINT ( 'NONE',  ( 1.159649499330494438, 19.70262592974431115, -2.008571851812228193 ) ) ;
#2766 = CARTESIAN_POINT ( 'NONE',  ( 1.800241603548966118, 20.48297455179783455, -2.204660117478139918E-16 ) ) ;
#2767 = CARTESIAN_POINT ( 'NONE',  ( 0.000000000000000000, 0.000000000000000000, -6.218749999999967137 ) ) ;
#2768 = CARTESIAN_POINT ( 'NONE',  ( -1.800241603548966340, 23.13297455179781892, -1.039369974415358833 ) ) ;
#2769 = ORIENTED_EDGE ( 'NONE', *, *, #277, .T. ) ;
#2770 = EDGE_CURVE ( 'NONE', #2397, #1436, #1809, .T. ) ;
#2771 = ORIENTED_EDGE ( 'NONE', *, *, #5151, .F. ) ;
#2772 = CARTESIAN_POINT ( 'NONE',  ( 1.159649499330482447, 16.70262592974432891, -2.008571851812235298 ) ) ;
#2773 = CARTESIAN_POINT ( 'NONE',  ( 9.374663227676068189, -3.334394902775866587, 0.000000000000000000 ) ) ;
#2774 = ORIENTED_EDGE ( 'NONE', *, *, #5339, .T. ) ;
#2775 = DIRECTION ( 'NONE',  ( 1.000000000000000000, 0.000000000000000000, -0.000000000000000000 ) ) ;
#2776 = VECTOR ( 'NONE', #3927, 1000.000000000000000 ) ;
#2777 = CARTESIAN_POINT ( 'NONE',  ( 1.800241603548966118, 24.08297455179781110, -6.613980352434419013E-16 ) ) ;
#2778 = CYLINDRICAL_SURFACE ( 'NONE', #3158, 1.050000000000004041 ) ;
#2779 = LINE ( 'NONE', #3276, #1211 ) ;
#2780 = VECTOR ( 'NONE', #5073, 999.9999999999998863 ) ;
#2781 = DIRECTION ( 'NONE',  ( -0.000000000000000000, -0.000000000000000000, 1.000000000000000000 ) ) ;
#2782 = VERTEX_POINT ( 'NONE', #5098 ) ;
#2783 = LINE ( 'NONE', #1490, #1987 ) ;
#2784 = VERTEX_POINT ( 'NONE', #1401 ) ;
#2785 = CARTESIAN_POINT ( 'NONE',  ( -2.319298998660987987, 21.75262592974429765, 1.339047901208152647 ) ) ;
#2786 = VERTEX_POINT ( 'NONE', #3026 ) ;
#2787 = FACE_OUTER_BOUND ( 'NONE', #1299, .T. ) ;
#2788 = ORIENTED_EDGE ( 'NONE', *, *, #1960, .T. ) ;
#2789 = CARTESIAN_POINT ( 'NONE',  ( 8.986661186536643697, -4.271114692723132933, 3.600000000000000089 ) ) ;
#2790 = EDGE_CURVE ( 'NONE', #4844, #4380, #1949, .T. ) ;
#2791 = CARTESIAN_POINT ( 'NONE',  ( -1.639860726119544942E-16, 20.95262592974430405, -2.678095802416303517 ) ) ;
#2792 = CARTESIAN_POINT ( 'NONE',  ( -1.272861112297636013E-16, 21.23297455179783100, -2.078739948830717665 ) ) ;
#2793 = ADVANCED_FACE ( 'NONE', ( #2199 ), #955, .F. ) ;
#2794 = CARTESIAN_POINT ( 'NONE',  ( -3.334394902775899006, 9.374663227676061084, 0.000000000000000000 ) ) ;
#2795 = EDGE_CURVE ( 'NONE', #1772, #2152, #2250, .T. ) ;
#2796 = CARTESIAN_POINT ( 'NONE',  ( -1.800241603548965674, 22.03297455179782460, 1.039369974415360165 ) ) ;
#2797 = ORIENTED_EDGE ( 'NONE', *, *, #1171, .F. ) ;
#2798 = EDGE_LOOP ( 'NONE', ( #2816, #1969, #3881, #2555 ) ) ;
#2799 = DIRECTION ( 'NONE',  ( -0.000000000000000000, -0.000000000000000000, -1.000000000000000000 ) ) ;
#2800 = EDGE_CURVE ( 'NONE', #554, #3716, #1977, .T. ) ;
#2801 = DIRECTION ( 'NONE',  ( -0.000000000000000000, -0.000000000000000000, -1.000000000000000000 ) ) ;
#2802 = ORIENTED_EDGE ( 'NONE', *, *, #2153, .T. ) ;
#2803 = FACE_OUTER_BOUND ( 'NONE', #1896, .T. ) ;
#2804 = DIRECTION ( 'NONE',  ( -1.000000000000000000, 0.000000000000000000, 0.000000000000000000 ) ) ;
#2805 = DIRECTION ( 'NONE',  ( 0.000000000000000000, 0.000000000000000000, 1.000000000000000000 ) ) ;
#2806 = AXIS2_PLACEMENT_3D ( 'NONE', #1433, #987, #489 ) ;
#2807 = FILL_AREA_STYLE_COLOUR ( '', #2007 ) ;
#2808 = LINE ( 'NONE', #715, #4749 ) ;
#2809 = EDGE_CURVE ( 'NONE', #1242, #3602, #5315, .T. ) ;
#2810 = ORIENTED_EDGE ( 'NONE', *, *, #5296, .T. ) ;
#2811 = CARTESIAN_POINT ( 'NONE',  ( 0.000000000000000000, 0.000000000000000000, 1.300000000000000044 ) ) ;
#2812 = ORIENTED_EDGE ( 'NONE', *, *, #4896, .T. ) ;
#2813 = CARTESIAN_POINT ( 'NONE',  ( 2.319298998660988431, 22.05262592974429836, -1.339047901208152425 ) ) ;
#2814 = EDGE_CURVE ( 'NONE', #842, #3997, #649, .T. ) ;
#2815 = AXIS2_PLACEMENT_3D ( 'NONE', #5350, #3737, #4549 ) ;
#2816 = ORIENTED_EDGE ( 'NONE', *, *, #498, .T. ) ;
#2817 = CARTESIAN_POINT ( 'NONE',  ( 6.717514421272335667, -6.717514421272065661, -1.224646799147351420E-17 ) ) ;
#2818 = ORIENTED_EDGE ( 'NONE', *, *, #2222, .T. ) ;
#2819 = CARTESIAN_POINT ( 'NONE',  ( 2.319298998660989319, 18.45262592974432181, -1.339047901208152647 ) ) ;
#2820 = CARTESIAN_POINT ( 'NONE',  ( 0.9001208017744826151, 20.58297455179783242, -1.559054961623038915 ) ) ;
#2821 = DIRECTION ( 'NONE',  ( -0.000000000000000000, -0.000000000000000000, -1.000000000000000000 ) ) ;
#2822 = CARTESIAN_POINT ( 'NONE',  ( -0.9001208017744819490, 24.48297455179780968, 1.559054961623039581 ) ) ;
#2823 = VECTOR ( 'NONE', #402, 1000.000000000000000 ) ;
#2824 = ORIENTED_EDGE ( 'NONE', *, *, #2727, .F. ) ;
#2825 = LINE ( 'NONE', #4485, #1788 ) ;
#2826 = EDGE_CURVE ( 'NONE', #3716, #5290, #4435, .T. ) ;
#2827 = CARTESIAN_POINT ( 'NONE',  ( 3.278135129845476392, 9.007820706583343551, 0.000000000000000000 ) ) ;
#2828 = CIRCLE ( 'NONE', #3262, 13.95000000000000284 ) ;
#2829 = CARTESIAN_POINT ( 'NONE',  ( 9.925054528176918467, -3.789194927251613443, 0.000000000000000000 ) ) ;
#2830 = ORIENTED_EDGE ( 'NONE', *, *, #3376, .F. ) ;
#2831 = CARTESIAN_POINT ( 'NONE',  ( -0.1924264824948876962, 2.778967435556480403, 0.000000000000000000 ) ) ;
#2832 = CARTESIAN_POINT ( 'NONE',  ( -0.9001208017744884993, 19.48297455179784166, -1.559054961623035584 ) ) ;
#2833 = CARTESIAN_POINT ( 'NONE',  ( -1.159649499330517530, 16.20262592974433602, -2.008571851812213982 ) ) ;
#2834 = DIRECTION ( 'NONE',  ( 1.000000000000000000, 0.000000000000000000, 0.000000000000000000 ) ) ;
#2835 = EDGE_CURVE ( 'NONE', #1158, #2155, #2310, .T. ) ;
#2836 = DIRECTION ( 'NONE',  ( 0.000000000000000000, -0.000000000000000000, 1.000000000000000000 ) ) ;
#2837 = ORIENTED_EDGE ( 'NONE', *, *, #3795, .F. ) ;
#2838 = CARTESIAN_POINT ( 'NONE',  ( -0.3556296398168568573, 24.94590013835819420, -1.929581572312113913 ) ) ;
#2839 = ORIENTED_EDGE ( 'NONE', *, *, #3990, .T. ) ;
#2840 = CARTESIAN_POINT ( 'NONE',  ( 1.159649499330495548, 21.30262592974430191, 2.008571851812226861 ) ) ;
#2841 = ORIENTED_EDGE ( 'NONE', *, *, #1194, .F. ) ;
#2842 = CARTESIAN_POINT ( 'NONE',  ( 4.271114692723351425, -8.986661186536538892, 3.600000000000000089 ) ) ;
#2843 = ORIENTED_EDGE ( 'NONE', *, *, #3592, .F. ) ;
#2844 = CARTESIAN_POINT ( 'NONE',  ( -0.9001208017744832812, 20.68297455179783384, -1.559054961623038693 ) ) ;
#2845 = DIRECTION ( 'NONE',  ( -0.9421772088116672217, -0.3351150656056154364, 0.000000000000000000 ) ) ;
#2846 = CARTESIAN_POINT ( 'NONE',  ( 3.818583336892907545E-16, 24.53297455179781394, 2.078739948830717665 ) ) ;
#2847 = ORIENTED_EDGE ( 'NONE', *, *, #3760, .F. ) ;
#2848 = LINE ( 'NONE', #2904, #3027 ) ;
#2849 = DIRECTION ( 'NONE',  ( -0.000000000000000000, -0.000000000000000000, 1.000000000000000000 ) ) ;
#2850 = AXIS2_PLACEMENT_3D ( 'NONE', #4981, #2411, #2083 ) ;
#2851 = DIRECTION ( 'NONE',  ( 0.000000000000000000, 0.000000000000000000, 1.000000000000000000 ) ) ;
#2852 = ORIENTED_EDGE ( 'NONE', *, *, #5270, .T. ) ;
#2853 = DIRECTION ( 'NONE',  ( 0.000000000000000000, 0.000000000000000000, 1.000000000000000000 ) ) ;
#2854 = CARTESIAN_POINT ( 'NONE',  ( -1.800241603548966118, 21.38297455179782958, 2.645592140973767605E-15 ) ) ;
#2855 = AXIS2_PLACEMENT_3D ( 'NONE', #309, #4809, #1574 ) ;
#2856 = CARTESIAN_POINT ( 'NONE',  ( -6.126631034397114206, -12.53263308999199310, 1.300000000000000044 ) ) ;
#2857 = EDGE_CURVE ( 'NONE', #4072, #4162, #144, .T. ) ;
#2858 = CARTESIAN_POINT ( 'NONE',  ( -1.571009102238260402, 24.70258600707705554, 1.542119784646264868 ) ) ;
#2859 = CARTESIAN_POINT ( 'NONE',  ( 1.159649499330486666, 20.30262592974430547, -2.008571851812231746 ) ) ;
#2860 = DIRECTION ( 'NONE',  ( 0.9031820287976543016, -0.4292577580626272260, 0.000000000000000000 ) ) ;
#2861 = CYLINDRICAL_SURFACE ( 'NONE', #2994, 9.949999999999981526 ) ;
#2862 = ORIENTED_EDGE ( 'NONE', *, *, #2431, .T. ) ;
#2863 = CARTESIAN_POINT ( 'NONE',  ( 0.000000000000000000, 0.000000000000000000, 0.5000000000000000000 ) ) ;
#2864 = CARTESIAN_POINT ( 'NONE',  ( -2.319298998660988875, 21.10262592974430262, 0.000000000000000000 ) ) ;
#2865 = CIRCLE ( 'NONE', #2427, 13.94999999999999929 ) ;
#2866 = EDGE_CURVE ( 'NONE', #4529, #642, #1228, .T. ) ;
#2867 = PRODUCT_RELATED_PRODUCT_CATEGORY ( 'part', '', ( #3551 ) ) ;
#2868 = EDGE_CURVE ( 'NONE', #993, #4065, #786, .T. ) ;
#2869 = VERTEX_POINT ( 'NONE', #1265 ) ;
#2870 = CARTESIAN_POINT ( 'NONE',  ( 6.374759269443181608, 12.40826112945114978, 1.300000000000000044 ) ) ;
#2871 = ORIENTED_EDGE ( 'NONE', *, *, #1650, .T. ) ;
#2872 = CARTESIAN_POINT ( 'NONE',  ( 3.818583336892907545E-16, 21.53297455179783171, 2.078739948830717665 ) ) ;
#2873 = AXIS2_PLACEMENT_3D ( 'NONE', #1719, #1388, #4622 ) ;
#2874 = CARTESIAN_POINT ( 'NONE',  ( 8.859424011192587045, 0.1924264824948780095, 0.000000000000000000 ) ) ;
#2875 = CARTESIAN_POINT ( 'NONE',  ( 1.800241603548966118, 23.48297455179781679, -2.204660117478139918E-16 ) ) ;
#2876 = ORIENTED_EDGE ( 'NONE', *, *, #1010, .T. ) ;
#2877 = LINE ( 'NONE', #4536, #126 ) ;
#2878 = CYLINDRICAL_SURFACE ( 'NONE', #2412, 1.050000000000001821 ) ;
#2879 = SHAPE_REPRESENTATION ( 'RS2205', ( #2620, #1915, #3405, #4618 ), #5319 ) ;
#2880 = DIRECTION ( 'NONE',  ( 0.000000000000000000, 1.000000000000000000, 0.000000000000000000 ) ) ;
#2881 = ORIENTED_EDGE ( 'NONE', *, *, #6, .T. ) ;
#2882 = CARTESIAN_POINT ( 'NONE',  ( 0.000000000000000000, 0.000000000000000000, 0.5000000000000000000 ) ) ;
#2883 = CARTESIAN_POINT ( 'NONE',  ( -1.425990455706400685E-14, 21.23297455179783100, -2.078739948830718109 ) ) ;
#2884 = DIRECTION ( 'NONE',  ( -0.000000000000000000, -0.000000000000000000, -1.000000000000000000 ) ) ;
#2885 = CARTESIAN_POINT ( 'NONE',  ( -2.203646047899697091, 24.66594518527129054, 0.3906355716013276136 ) ) ;
#2886 = SURFACE_STYLE_USAGE ( .BOTH. , #47 ) ;
#2887 = CARTESIAN_POINT ( 'NONE',  ( -2.319298998660988875, 18.70262592974431826, 2.141431129527026812E-14 ) ) ;
#2888 = DIRECTION ( 'NONE',  ( 0.7989646751445420580, -0.2841770072801158564, -0.5299989400031790421 ) ) ;
#2889 = DIRECTION ( 'NONE',  ( 1.000000000000000000, 0.000000000000000000, 0.000000000000000000 ) ) ;
#2890 = ORIENTED_EDGE ( 'NONE', *, *, #958, .F. ) ;
#2891 = CARTESIAN_POINT ( 'NONE',  ( 10.95942401119258847, 0.1924264824948780095, 0.000000000000000000 ) ) ;
#2892 = EDGE_CURVE ( 'NONE', #4122, #2012, #1408, .T. ) ;
#2893 = CARTESIAN_POINT ( 'NONE',  ( 1.159649499330493994, 16.70262592974432891, -2.008571851812227305 ) ) ;
#2894 = EDGE_CURVE ( 'NONE', #810, #5265, #3082, .T. ) ;
#2895 = AXIS2_PLACEMENT_3D ( 'NONE', #1806, #3435, #4681 ) ;
#2896 = ORIENTED_EDGE ( 'NONE', *, *, #2031, .F. ) ;
#2897 = CARTESIAN_POINT ( 'NONE',  ( 4.674855165198473550, -13.14337206292270821, 2.500000000000008882 ) ) ;
#2898 = ORIENTED_EDGE ( 'NONE', *, *, #4488, .T. ) ;
#2899 = CARTESIAN_POINT ( 'NONE',  ( 1.800241603548966118, 16.28297455179786368, -2.204660117478139918E-16 ) ) ;
#2900 = AXIS2_PLACEMENT_3D ( 'NONE', #1916, #2801, #2326 ) ;
#2901 = FACE_BOUND ( 'NONE', #2141, .T. ) ;
#2902 = CARTESIAN_POINT ( 'NONE',  ( -1.800241603548966118, 18.98297455179784166, 0.000000000000000000 ) ) ;
#2903 = ORIENTED_EDGE ( 'NONE', *, *, #199, .F. ) ;
#2904 = CARTESIAN_POINT ( 'NONE',  ( 3.789194927251648082, -9.925054528176904256, 0.000000000000000000 ) ) ;
#2905 = AXIS2_PLACEMENT_3D ( 'NONE', #795, #2919, #5046 ) ;
#2906 = CARTESIAN_POINT ( 'NONE',  ( -2.319298998661289080, 15.75262592974431364, 1.339047901207633950 ) ) ;
#2907 = AXIS2_PLACEMENT_3D ( 'NONE', #2909, #2413, #320 ) ;
#2908 = CIRCLE ( 'NONE', #3608, 13.94999999999999929 ) ;
#2909 = CARTESIAN_POINT ( 'NONE',  ( 3.334394902775834613, 9.374663227676082400, 3.600000000000000089 ) ) ;
#2910 = ORIENTED_EDGE ( 'NONE', *, *, #2195, .F. ) ;
#2911 = CARTESIAN_POINT ( 'NONE',  ( 2.767075332439416613, 8.090586884989699357, 6.000000000000000000 ) ) ;
#2912 = CARTESIAN_POINT ( 'NONE',  ( 0.9001208017744776191, 22.38297455179782247, -1.559054961623041802 ) ) ;
#2913 = CARTESIAN_POINT ( 'NONE',  ( 9.949999999999979750, 1.218523565151613817E-15, 10.59999999999999787 ) ) ;
#2914 = CARTESIAN_POINT ( 'NONE',  ( -1.560263030049116040, 24.60686358080708303, -1.685707741255567216 ) ) ;
#2915 = VECTOR ( 'NONE', #2522, 1000.000000000000000 ) ;
#2916 = EDGE_CURVE ( 'NONE', #4566, #58, #261, .T. ) ;
#2917 = CARTESIAN_POINT ( 'NONE',  ( -1.816601618774666221E-14, 20.35262592974430973, -2.678095802416302629 ) ) ;
#2918 = AXIS2_PLACEMENT_3D ( 'NONE', #2363, #1539, #3222 ) ;
#2919 = DIRECTION ( 'NONE',  ( -0.000000000000000000, -0.000000000000000000, 1.000000000000000000 ) ) ;
#2920 = CARTESIAN_POINT ( 'NONE',  ( 0.000000000000000000, 0.000000000000000000, 10.59999999999999964 ) ) ;
#2921 = EDGE_LOOP ( 'NONE', ( #2466, #419, #3375, #4594 ) ) ;
#2922 = CARTESIAN_POINT ( 'NONE',  ( -1.620344180178121984, 24.99416707974227236, -1.019241064575851841 ) ) ;
#2923 = PLANE ( 'NONE',  #3068 ) ;
#2924 = CARTESIAN_POINT ( 'NONE',  ( 2.319298998660989319, 18.95262592974431470, 1.339047901208150648 ) ) ;
#2925 = ORIENTED_EDGE ( 'NONE', *, *, #1683, .T. ) ;
#2926 = FACE_OUTER_BOUND ( 'NONE', #167, .T. ) ;
#2927 = VERTEX_POINT ( 'NONE', #1205 ) ;
#2928 = CARTESIAN_POINT ( 'NONE',  ( -0.9001208017744832812, 18.28297455179784592, -1.559054961623038693 ) ) ;
#2929 = ADVANCED_BREP_SHAPE_REPRESENTATION ( '', ( #1309, #4805 ), #2618 ) ;
#2930 = DIRECTION ( 'NONE',  ( -0.6352623544126323463, 0.3105507061111237865, -0.7071067811865485719 ) ) ;
#2931 = CARTESIAN_POINT ( 'NONE',  ( -1.800241603548966118, 19.58297455179783952, 0.000000000000000000 ) ) ;
#2932 = EDGE_LOOP ( 'NONE', ( #4136, #1129, #3928, #2414 ) ) ;
#2933 = ORIENTED_EDGE ( 'NONE', *, *, #2857, .T. ) ;
#2934 = LINE ( 'NONE', #2526, #2508 ) ;
#2935 = EDGE_CURVE ( 'NONE', #3076, #4048, #4121, .T. ) ;
#2936 = EDGE_CURVE ( 'NONE', #3942, #1556, #5253, .T. ) ;
#2937 = CLOSED_SHELL ( 'NONE', ( #5228, #982, #4938, #2964, #4062, #702, #1483, #2008, #1555, #33, #2980, #3445, #4771, #5421, #3037, #3295, #2662, #4530, #4092, #3589, #271, #5272, #3665, #4835, #4504, #2986, #2248, #1958, #531, #388, #1166, #3440, #1051, #3271, #2394, #641, #4605, #4089, #3307, #1646, #5233, #600, #2286, #4259, #4828, #5060, #4114, #668, #3702, #5136 ) ) ;
#2938 = FACE_OUTER_BOUND ( 'NONE', #5218, .T. ) ;
#2939 = EDGE_CURVE ( 'NONE', #3605, #1975, #4819, .T. ) ;
#2940 = ORIENTED_EDGE ( 'NONE', *, *, #1666, .T. ) ;
#2941 = DIRECTION ( 'NONE',  ( -0.000000000000000000, -0.000000000000000000, -1.000000000000000000 ) ) ;
#2942 = CARTESIAN_POINT ( 'NONE',  ( -1.800241603548960567, 19.63297455179784379, 1.039369974415368381 ) ) ;
#2943 = DIRECTION ( 'NONE',  ( 1.000000000000000000, 0.000000000000000000, 0.000000000000000000 ) ) ;
#2944 = CARTESIAN_POINT ( 'NONE',  ( 1.159649499330509537, 17.10262592974432749, 2.008571851812218867 ) ) ;
#2945 = CARTESIAN_POINT ( 'NONE',  ( 2.319298998660988875, 20.80262592974430547, -1.118628055101597860E-14 ) ) ;
#2946 = DIRECTION ( 'NONE',  ( -0.000000000000000000, -0.000000000000000000, 1.000000000000000000 ) ) ;
#2947 = CIRCLE ( 'NONE', #3640, 6.080456575636104866 ) ;
#2948 = DIRECTION ( 'NONE',  ( 1.000000000000000000, 0.000000000000000000, 0.000000000000000000 ) ) ;
#2949 = CARTESIAN_POINT ( 'NONE',  ( -13.14337206292275440, -4.674855165198334106, 2.500000000000006661 ) ) ;
#2950 = CARTESIAN_POINT ( 'NONE',  ( -1.162044386198238837E-16, 15.80903842913884283, 2.400000000000000355 ) ) ;
#2951 = CARTESIAN_POINT ( 'NONE',  ( 2.319298998660988875, 16.60262592974433460, -2.840322094975841520E-16 ) ) ;
#2952 = ORIENTED_EDGE ( 'NONE', *, *, #4827, .T. ) ;
#2953 = CARTESIAN_POINT ( 'NONE',  ( 3.789194927251578360, 9.925054528176932678, 1.300000000000000044 ) ) ;
#2954 = ORIENTED_EDGE ( 'NONE', *, *, #277, .F. ) ;
#2955 = AXIS2_PLACEMENT_3D ( 'NONE', #439, #3281, #2975 ) ;
#2956 = CARTESIAN_POINT ( 'NONE',  ( -1.800241603548966340, 17.73297455179785231, -1.039369974415358833 ) ) ;
#2957 = CIRCLE ( 'NONE', #4351, 1.050000000000002265 ) ;
#2958 = DIRECTION ( 'NONE',  ( 0.000000000000000000, 0.000000000000000000, 1.000000000000000000 ) ) ;
#2959 = CARTESIAN_POINT ( 'NONE',  ( -1.800241603548966118, 21.38297455179782958, 0.000000000000000000 ) ) ;
#2960 = ORIENTED_EDGE ( 'NONE', *, *, #1888, .F. ) ;
#2961 = CARTESIAN_POINT ( 'NONE',  ( 13.14337206292275795, 4.674855165198334994, 3.600000000000000089 ) ) ;
#2962 = CARTESIAN_POINT ( 'NONE',  ( 2.319298998660990652, 24.35262592974428486, 1.339047901208151092 ) ) ;
#2963 = EDGE_CURVE ( 'NONE', #2012, #2666, #4293, .T. ) ;
#2964 = ADVANCED_FACE ( 'NONE', ( #437 ), #2040, .T. ) ;
#2965 = LINE ( 'NONE', #455, #5087 ) ;
#2966 = DIRECTION ( 'NONE',  ( -0.2841770072801186875, 0.7989646751445410588, 0.5299989400031790421 ) ) ;
#2967 = ORIENTED_EDGE ( 'NONE', *, *, #5038, .T. ) ;
#2968 = CARTESIAN_POINT ( 'NONE',  ( 1.800241603548966118, 19.28297455179784237, -1.058459719328262671E-14 ) ) ;
#2969 =( GEOMETRIC_REPRESENTATION_CONTEXT ( 3 ) GLOBAL_UNCERTAINTY_ASSIGNED_CONTEXT ( ( #43 ) ) GLOBAL_UNIT_ASSIGNED_CONTEXT ( ( #3359, #1292, #849 ) ) REPRESENTATION_CONTEXT ( 'NONE', 'WORKASPACE' ) );
#2970 = DIRECTION ( 'NONE',  ( -0.4428545650933295996, 0.8965934609264100130, 0.000000000000000000 ) ) ;
#2971 = CARTESIAN_POINT ( 'NONE',  ( -0.7790772385180820825, 24.58414048865164858, -2.185012648672274960 ) ) ;
#2972 =( NAMED_UNIT ( * ) SI_UNIT ( $, .STERADIAN. ) SOLID_ANGLE_UNIT ( ) );
#2973 = CARTESIAN_POINT ( 'NONE',  ( 1.159649499330487332, 20.90262592974430333, -2.008571851812231301 ) ) ;
#2974 = CARTESIAN_POINT ( 'NONE',  ( 13.94999999999999929, 1.708382284810557565E-15, 10.59999999999999964 ) ) ;
#2975 = DIRECTION ( 'NONE',  ( 1.000000000000000000, 0.000000000000000000, 0.000000000000000000 ) ) ;
#2976 = CARTESIAN_POINT ( 'NONE',  ( -9.374663227676068189, 3.334394902775866587, 0.000000000000000000 ) ) ;
#2977 = VECTOR ( 'NONE', #2254, 1000.000000000000114 ) ;
#2978 = CARTESIAN_POINT ( 'NONE',  ( 2.319298998660988875, 17.80262592974432323, -2.840322094975841520E-16 ) ) ;
#2979 =( REPRESENTATION_RELATIONSHIP ('NONE','NONE', #2879, #1187 ) REPRESENTATION_RELATIONSHIP_WITH_TRANSFORMATION ( #1913 )SHAPE_REPRESENTATION_RELATIONSHIP( ) );
#2980 = ADVANCED_FACE ( 'NONE', ( #823 ), #1929, .T. ) ;
#2981 = ORIENTED_EDGE ( 'NONE', *, *, #5169, .T. ) ;
#2982 = LINE ( 'NONE', #30, #2681 ) ;
#2983 = ORIENTED_EDGE ( 'NONE', *, *, #675, .F. ) ;
#2984 = CARTESIAN_POINT ( 'NONE',  ( -0.9001208017744819490, 18.48297455179784521, 1.559054961623039581 ) ) ;
#2985 = AXIS2_PLACEMENT_3D ( 'NONE', #1208, #800, #1682 ) ;
#2986 = ADVANCED_FACE ( 'NONE', ( #4198 ), #2861, .T. ) ;
#2987 = DIRECTION ( 'NONE',  ( -1.000000000000000000, 0.000000000000000000, 0.000000000000000000 ) ) ;
#2988 = CARTESIAN_POINT ( 'NONE',  ( -0.9001208017744832812, 19.48297455179784166, -1.559054961623038693 ) ) ;
#2989 = ORIENTED_EDGE ( 'NONE', *, *, #3107, .T. ) ;
#2990 = CYLINDRICAL_SURFACE ( 'NONE', #5383, 6.080456575636104866 ) ;
#2991 = CARTESIAN_POINT ( 'NONE',  ( 2.319298998660989319, 22.05262592974429836, -1.339047901208152647 ) ) ;
#2992 = DIRECTION ( 'NONE',  ( 0.4867236165772265699, 0.8735560205653585264, 0.000000000000000000 ) ) ;
#2993 = EDGE_CURVE ( 'NONE', #2550, #3611, #86, .T. ) ;
#2994 = AXIS2_PLACEMENT_3D ( 'NONE', #2121, #2094, #4117 ) ;
#2995 = ORIENTED_EDGE ( 'NONE', *, *, #175, .T. ) ;
#2996 = CARTESIAN_POINT ( 'NONE',  ( 1.800241603548977443, 17.43297455179785516, 1.039369974415339737 ) ) ;
#2997 =( LENGTH_UNIT ( ) NAMED_UNIT ( * ) SI_UNIT ( .MILLI., .METRE. ) );
#2998 = PRODUCT_CONTEXT ( 'NONE', #1175, 'mechanical' ) ;
#2999 = CIRCLE ( 'NONE', #2379, 8.180456575636107175 ) ;
#3000 = FILL_AREA_STYLE ('',( #48 ) ) ;
#3001 = DIRECTION ( 'NONE',  ( -0.000000000000000000, -0.000000000000000000, -1.000000000000000000 ) ) ;
#3002 = CARTESIAN_POINT ( 'NONE',  ( 0.000000000000000000, 0.000000000000000000, 0.5000000000000000000 ) ) ;
#3003 = CIRCLE ( 'NONE', #4565, 9.949999999999977973 ) ;
#3004 = LINE ( 'NONE', #3519, #2274 ) ;
#3005 = CARTESIAN_POINT ( 'NONE',  ( -2.319298998660988875, 18.10262592974432039, 0.000000000000000000 ) ) ;
#3006 = EDGE_CURVE ( 'NONE', #3317, #303, #3267, .T. ) ;
#3007 = CIRCLE ( 'NONE', #2744, 9.949999999999981526 ) ;
#3008 = VERTEX_POINT ( 'NONE', #5321 ) ;
#3009 = CARTESIAN_POINT ( 'NONE',  ( -10.71429185807062723, -5.292112052865257432, 1.300000000000000044 ) ) ;
#3010 = EDGE_LOOP ( 'NONE', ( #3195, #506, #1334, #3211 ) ) ;
#3011 = CARTESIAN_POINT ( 'NONE',  ( 1.800241603548966118, 17.48297455179785231, -2.204660117478139918E-16 ) ) ;
#3012 = CARTESIAN_POINT ( 'NONE',  ( 5.988145724973780837, 12.59938930172721427, 2.500000000000008438 ) ) ;
#3013 = CARTESIAN_POINT ( 'NONE',  ( 0.9001208017744826151, 19.38297455179784023, -1.559054961623038915 ) ) ;
#3014 = ORIENTED_EDGE ( 'NONE', *, *, #1248, .F. ) ;
#3015 = CARTESIAN_POINT ( 'NONE',  ( 5.725380851650094804, 11.24277746034640124, 5.333370481234099181 ) ) ;
#3016 = CARTESIAN_POINT ( 'NONE',  ( 2.319298998660990652, 23.15262592974429268, 1.339047901208151092 ) ) ;
#3017 = DIRECTION ( 'NONE',  ( 0.8983966372754098595, -0.4391850203868931102, 0.000000000000000000 ) ) ;
#3018 = CARTESIAN_POINT ( 'NONE',  ( -1.159649499330489109, 23.00262592974429054, 2.008571851812230413 ) ) ;
#3019 = ORIENTED_EDGE ( 'NONE', *, *, #958, .T. ) ;
#3020 = UNCERTAINTY_MEASURE_WITH_UNIT (LENGTH_MEASURE( 1.000000000000000082E-05 ), #3813, 'distance_accuracy_value', 'NONE');
#3021 = CARTESIAN_POINT ( 'NONE',  ( 1.800241603548969893, 18.03297455179784947, 1.039369974415352837 ) ) ;
#3022 = MANIFOLD_SOLID_BREP ( 'Dairesel Kaplama2', #3462 ) ;
#3023 = CARTESIAN_POINT ( 'NONE',  ( -1.162044386198238837E-16, 15.80903842913884283, 2.400000000000000355 ) ) ;
#3024 = APPLICATION_PROTOCOL_DEFINITION ( 'draft international standard', 'automotive_design', 1998, #899 ) ;
#3025 = LINE ( 'NONE', #2198, #3351 ) ;
#3026 = CARTESIAN_POINT ( 'NONE',  ( -3.334394902775898117, 9.374663227676059307, 0.5000000000000000000 ) ) ;
#3027 = VECTOR ( 'NONE', #373, 1000.000000000000000 ) ;
#3028 = CARTESIAN_POINT ( 'NONE',  ( 9.007820706583331116, -3.278135129845508366, 6.000000000000000000 ) ) ;
#3029 = CARTESIAN_POINT ( 'NONE',  ( -4.271114692723164907, -8.986661186536627710, 3.600000000000000089 ) ) ;
#3030 = VECTOR ( 'NONE', #2298, 1000.000000000000000 ) ;
#3031 = EDGE_CURVE ( 'NONE', #1790, #1158, #5096, .T. ) ;
#3032 = ORIENTED_EDGE ( 'NONE', *, *, #1291, .T. ) ;
#3033 = CARTESIAN_POINT ( 'NONE',  ( -1.800241603548966118, 15.98297455179785054, -1.980497946899387054E-13 ) ) ;
#3034 = ORIENTED_EDGE ( 'NONE', *, *, #3463, .F. ) ;
#3035 = AXIS2_PLACEMENT_3D ( 'NONE', #4205, #858, #2517 ) ;
#3036 = CARTESIAN_POINT ( 'NONE',  ( 1.800241603548966118, 15.68297455179786581, -2.204660117478139918E-16 ) ) ;
#3037 = ADVANCED_FACE ( 'NONE', ( #3110 ), #1584, .T. ) ;
#3038 = CARTESIAN_POINT ( 'NONE',  ( 0.000000000000000000, 0.000000000000000000, -6.218749999999967137 ) ) ;
#3039 = CIRCLE ( 'NONE', #3396, 1.599999999999998979 ) ;
#3040 = EDGE_LOOP ( 'NONE', ( #2960, #4057, #1167, #3846 ) ) ;
#3041 = CARTESIAN_POINT ( 'NONE',  ( 0.9001208017744838363, 17.38297455179785445, 1.559054961623038471 ) ) ;
#3042 = ORIENTED_EDGE ( 'NONE', *, *, #2222, .F. ) ;
#3043 = CARTESIAN_POINT ( 'NONE',  ( 3.841151052554462380E-16, -7.776708625381701350E-16, 17.95000000000004192 ) ) ;
#3044 = CARTESIAN_POINT ( 'NONE',  ( -2.319298998660989763, 24.05262592974428415, -1.339047901208151536 ) ) ;
#3045 = AXIS2_PLACEMENT_3D ( 'NONE', #3002, #4663, #2225 ) ;
#3046 = CARTESIAN_POINT ( 'NONE',  ( 9.374663227676069965, -3.334394902775867031, 3.600000000000000089 ) ) ;
#3047 = CARTESIAN_POINT ( 'NONE',  ( -2.319298998660988875, 16.95262592974432891, 1.339047901208153091 ) ) ;
#3048 = CARTESIAN_POINT ( 'NONE',  ( 2.319298998660991096, 21.95262592974430405, 1.339047901208147984 ) ) ;
#3049 = EDGE_LOOP ( 'NONE', ( #2488, #2369, #1286, #2343, #266 ) ) ;
#3050 = CARTESIAN_POINT ( 'NONE',  ( 1.800241603548976554, 19.23297455179784166, 1.039369974415341069 ) ) ;
#3051 = DIRECTION ( 'NONE',  ( -0.9031820287976484174, -0.4292577580626398270, 0.000000000000000000 ) ) ;
#3052 =( NAMED_UNIT ( * ) PLANE_ANGLE_UNIT ( ) SI_UNIT ( $, .RADIAN. ) );
#3053 = CARTESIAN_POINT ( 'NONE',  ( 2.043262569552529495, 24.83257215478571212, 0.3425217435280177303 ) ) ;
#3054 = LINE ( 'NONE', #4307, #1502 ) ;
#3055 = DIRECTION ( 'NONE',  ( -1.047444401652940007E-14, 1.000000000000000000, 0.000000000000000000 ) ) ;
#3056 = FACE_OUTER_BOUND ( 'NONE', #1764, .T. ) ;
#3057 = DIRECTION ( 'NONE',  ( -0.000000000000000000, -0.000000000000000000, -1.000000000000000000 ) ) ;
#3058 = ORIENTED_EDGE ( 'NONE', *, *, #5201, .T. ) ;
#3059 = EDGE_CURVE ( 'NONE', #1519, #2001, #3432, .T. ) ;
#3060 = LINE ( 'NONE', #5077, #839 ) ;
#3061 = ORIENTED_EDGE ( 'NONE', *, *, #2894, .T. ) ;
#3062 = CIRCLE ( 'NONE', #4888, 13.94999999999999929 ) ;
#3063 = CARTESIAN_POINT ( 'NONE',  ( -2.319298998660988875, 24.70262592974427918, 0.000000000000000000 ) ) ;
#3064 = ORIENTED_EDGE ( 'NONE', *, *, #1181, .F. ) ;
#3065 = CARTESIAN_POINT ( 'NONE',  ( 0.9001208017744838363, 15.58297455179786617, 1.559054961623038471 ) ) ;
#3066 = VERTEX_POINT ( 'NONE', #4742 ) ;
#3067 = FACE_OUTER_BOUND ( 'NONE', #5158, .T. ) ;
#3068 = AXIS2_PLACEMENT_3D ( 'NONE', #4147, #3740, #5410 ) ;
#3069 = CARTESIAN_POINT ( 'NONE',  ( 1.159649499330495992, 24.30262592974428415, 2.008571851812227749 ) ) ;
#3070 = CARTESIAN_POINT ( 'NONE',  ( -1.800241603548966340, 23.73297455179781323, -1.039369974415358833 ) ) ;
#3071 = PRODUCT_DEFINITION ( 'UNKNOWN', '', #3492, #2402 ) ;
#3072 = VECTOR ( 'NONE', #4575, 1000.000000000000000 ) ;
#3073 = DIRECTION ( 'NONE',  ( -0.000000000000000000, -0.000000000000000000, -1.000000000000000000 ) ) ;
#3074 = CARTESIAN_POINT ( 'NONE',  ( -2.319298998660989763, 16.90262592974432820, 0.000000000000000000 ) ) ;
#3075 = CARTESIAN_POINT ( 'NONE',  ( -2.319298998660988431, 24.15262592974428557, 1.339047901208151981 ) ) ;
#3076 = VERTEX_POINT ( 'NONE', #135 ) ;
#3077 = CARTESIAN_POINT ( 'NONE',  ( -1.800241603548980551, 17.73297455179785231, -1.039369974415333742 ) ) ;
#3078 = MANIFOLD_SOLID_BREP ( 'Kes-Ekstr�zyon3', #2937 ) ;
#3079 = DIRECTION ( 'NONE',  ( 1.000000000000000000, 0.000000000000000000, 0.000000000000000000 ) ) ;
#3080 = FILL_AREA_STYLE_COLOUR ( '', #3229 ) ;
#3081 = CARTESIAN_POINT ( 'NONE',  ( 0.2681606885968508824, 24.75670439744600415, 2.143295602553985990 ) ) ;
#3082 = CIRCLE ( 'NONE', #4028, 1.599999999999998979 ) ;
#3083 = CARTESIAN_POINT ( 'NONE',  ( 3.789194927251578360, 9.925054528176932678, 0.000000000000000000 ) ) ;
#3084 = CARTESIAN_POINT ( 'NONE',  ( -1.695990560514545997, 25.00000000000000000, -0.8565138753374427205 ) ) ;
#3085 = FACE_BOUND ( 'NONE', #5, .T. ) ;
#3086 = VECTOR ( 'NONE', #2641, 1000.000000000000000 ) ;
#3087 = AXIS2_PLACEMENT_3D ( 'NONE', #814, #2527, #729 ) ;
#3088 = CARTESIAN_POINT ( 'NONE',  ( 4.919582178358630883E-16, 15.85262592974433637, 2.678095802416302629 ) ) ;
#3089 = AXIS2_PLACEMENT_3D ( 'NONE', #267, #1890, #1480 ) ;
#3090 = ORIENTED_EDGE ( 'NONE', *, *, #1171, .T. ) ;
#3091 = CYLINDRICAL_SURFACE ( 'NONE', #1721, 1.050000000000000933 ) ;
#3092 = ORIENTED_EDGE ( 'NONE', *, *, #340, .F. ) ;
#3093 = CARTESIAN_POINT ( 'NONE',  ( -1.639860726119543710E-16, 23.35262592974429197, -2.678095802416302629 ) ) ;
#3094 = ORIENTED_EDGE ( 'NONE', *, *, #2311, .T. ) ;
#3095 = CARTESIAN_POINT ( 'NONE',  ( 0.9001208017744838363, 17.98297455179784876, 1.559054961623038471 ) ) ;
#3096 = ORIENTED_EDGE ( 'NONE', *, *, #4326, .T. ) ;
#3097 = LINE ( 'NONE', #226, #1661 ) ;
#3098 = CARTESIAN_POINT ( 'NONE',  ( 2.319298998660989763, 19.60262592974430973, -2.840322094975842506E-16 ) ) ;
#3099 = PRODUCT_DEFINITION_SHAPE ( 'NONE', 'NONE',  #5436 ) ;
#3100 = CARTESIAN_POINT ( 'NONE',  ( -1.800241603548966340, 23.13297455179781892, -1.039369974415358833 ) ) ;
#3101 = CARTESIAN_POINT ( 'NONE',  ( 13.95000000000000284, 1.708382284810557959E-15, 1.300000000000000044 ) ) ;
#3102 = CARTESIAN_POINT ( 'NONE',  ( -2.319298998660988875, 16.35262592974433460, 1.339047901208153091 ) ) ;
#3103 = CARTESIAN_POINT ( 'NONE',  ( -1.159649499330493549, 24.20262592974428273, 2.008571851812227749 ) ) ;
#3104 = ORIENTED_EDGE ( 'NONE', *, *, #4577, .T. ) ;
#3105 = CARTESIAN_POINT ( 'NONE',  ( -1.800241603548966118, 15.98297455179785054, -1.980497946899387054E-13 ) ) ;
#3106 = DIRECTION ( 'NONE',  ( -0.000000000000000000, -0.000000000000000000, 1.000000000000000000 ) ) ;
#3107 = EDGE_CURVE ( 'NONE', #3688, #2285, #4494, .T. ) ;
#3108 = PRODUCT_DEFINITION ( 'UNKNOWN', '', #59, #1706 ) ;
#3109 = EDGE_CURVE ( 'NONE', #816, #1883, #2299, .T. ) ;
#3110 = FACE_OUTER_BOUND ( 'NONE', #700, .T. ) ;
#3111 = CARTESIAN_POINT ( 'NONE',  ( -2.778967435556481291, 0.1924264824948780095, 0.000000000000000000 ) ) ;
#3112 = DIRECTION ( 'NONE',  ( 0.000000000000000000, 0.000000000000000000, 1.000000000000000000 ) ) ;
#3113 = DIRECTION ( 'NONE',  ( -0.000000000000000000, -0.000000000000000000, -1.000000000000000000 ) ) ;
#3114 = CARTESIAN_POINT ( 'NONE',  ( 8.986661186536643697, -4.271114692723135597, 0.000000000000000000 ) ) ;
#3115 = EDGE_LOOP ( 'NONE', ( #5393, #4365, #3322, #63, #5009, #236, #2380, #3034, #3420, #617, #935, #1192, #2983, #358, #2623, #720, #3712 ) ) ;
#3116 = CARTESIAN_POINT ( 'NONE',  ( 3.278135129845539897, -9.007820706583318682, 0.000000000000000000 ) ) ;
#3117 = VERTEX_POINT ( 'NONE', #646 ) ;
#3118 = CARTESIAN_POINT ( 'NONE',  ( 2.319298998660989319, 23.75262592974428699, 1.339047901208150648 ) ) ;
#3119 = CIRCLE ( 'NONE', #3812, 9.949999999999981526 ) ;
#3120 = ORIENTED_EDGE ( 'NONE', *, *, #2735, .F. ) ;
#3121 = CARTESIAN_POINT ( 'NONE',  ( -1.800241603548966118, 16.58297455179785729, 0.000000000000000000 ) ) ;
#3122 = VECTOR ( 'NONE', #4973, 1000.000000000000227 ) ;
#3123 = ORIENTED_EDGE ( 'NONE', *, *, #5403, .T. ) ;
#3124 = CARTESIAN_POINT ( 'NONE',  ( 4.195368951439092164, 8.496760909177261567, 1.300000000000000044 ) ) ;
#3125 = CARTESIAN_POINT ( 'NONE',  ( 1.159649499330495992, 20.70262592974430405, 2.008571851812227749 ) ) ;
#3126 = CARTESIAN_POINT ( 'NONE',  ( -0.9001208017744819490, 23.28297455179781750, 1.559054961623039581 ) ) ;
#3127 = DIRECTION ( 'NONE',  ( 1.000000000000000000, -1.652117596168384798E-15, 0.000000000000000000 ) ) ;
#3128 = CARTESIAN_POINT ( 'NONE',  ( -2.319298998660989763, 17.50262592974432252, 0.000000000000000000 ) ) ;
#3129 = CARTESIAN_POINT ( 'NONE',  ( 1.159649499330487776, 21.50262592974430120, -2.008571851812231301 ) ) ;
#3130 = VERTEX_POINT ( 'NONE', #1974 ) ;
#3131 = ADVANCED_FACE ( 'NONE', ( #3996 ), #4051, .T. ) ;
#3132 = CARTESIAN_POINT ( 'NONE',  ( 3.278135129845539897, -9.007820706583318682, 0.000000000000000000 ) ) ;
#3133 = EDGE_CURVE ( 'NONE', #5265, #810, #2197, .T. ) ;
#3134 = CARTESIAN_POINT ( 'NONE',  ( -3.782692346233695435, 10.12946815411571677, 0.000000000000000000 ) ) ;
#3135 = DIRECTION ( 'NONE',  ( -0.000000000000000000, 0.000000000000000000, -1.000000000000000000 ) ) ;
#3136 = CARTESIAN_POINT ( 'NONE',  ( 0.9001208017744859458, 23.38297455179781537, 1.559054961623037139 ) ) ;
#3137 = CARTESIAN_POINT ( 'NONE',  ( 0.000000000000000000, 0.000000000000000000, 3.600000000000000089 ) ) ;
#3138 = EDGE_CURVE ( 'NONE', #4416, #3231, #1848, .T. ) ;
#3139 = DIRECTION ( 'NONE',  ( -1.000000000000000000, 0.000000000000000000, 0.000000000000000000 ) ) ;
#3140 = CARTESIAN_POINT ( 'NONE',  ( -9.185996884128961426, 3.321864870154491722, 0.000000000000000000 ) ) ;
#3141 = ORIENTED_EDGE ( 'NONE', *, *, #937, .T. ) ;
#3142 = CARTESIAN_POINT ( 'NONE',  ( -2.399999999999999911, 15.65903842913882116, -5.374671945734867004E-13 ) ) ;
#3143 = VERTEX_POINT ( 'NONE', #1011 ) ;
#3144 = CARTESIAN_POINT ( 'NONE',  ( -2.319298998660988875, 22.90262592974429268, 0.000000000000000000 ) ) ;
#3145 = ORIENTED_EDGE ( 'NONE', *, *, #4420, .T. ) ;
#3146 = CARTESIAN_POINT ( 'NONE',  ( -0.6511448543699772662, 24.58070100133901192, -2.226018468885055501 ) ) ;
#3147 = ORIENTED_EDGE ( 'NONE', *, *, #1485, .T. ) ;
#3148 = DIRECTION ( 'NONE',  ( -1.000000000000000000, 0.000000000000000000, 0.000000000000000000 ) ) ;
#3149 = CARTESIAN_POINT ( 'NONE',  ( 4.919582178358633841E-16, 20.05262592974430902, 2.678095802416303517 ) ) ;
#3150 = CARTESIAN_POINT ( 'NONE',  ( 3.818583336892907545E-16, 24.53297455179781394, 2.078739948830717665 ) ) ;
#3151 = AXIS2_PLACEMENT_3D ( 'NONE', #5100, #3446, #1404 ) ;
#3152 = ADVANCED_FACE ( 'NONE', ( #3591 ), #263, .F. ) ;
#3153 = PLANE ( 'NONE',  #3869 ) ;
#3154 = CARTESIAN_POINT ( 'NONE',  ( -1.159649499330493327, 15.20262592974433957, 2.008571851812229081 ) ) ;
#3155 = CIRCLE ( 'NONE', #2716, 13.94999999999999929 ) ;
#3156 = ORIENTED_EDGE ( 'NONE', *, *, #503, .T. ) ;
#3157 = CYLINDRICAL_SURFACE ( 'NONE', #737, 1.050000000000000933 ) ;
#3158 = AXIS2_PLACEMENT_3D ( 'NONE', #4439, #680, #5316 ) ;
#3159 = CARTESIAN_POINT ( 'NONE',  ( 2.585115986207699326E-16, 25.00000000000000000, 1.900000000000002354 ) ) ;
#3160 = CARTESIAN_POINT ( 'NONE',  ( 0.000000000000000000, 0.000000000000000000, 0.000000000000000000 ) ) ;
#3161 = CARTESIAN_POINT ( 'NONE',  ( -1.800241603548966118, 24.98297455179780613, 0.000000000000000000 ) ) ;
#3162 = DIRECTION ( 'NONE',  ( 3.491481338843133355E-15, -1.000000000000000000, 0.000000000000000000 ) ) ;
#3163 = FACE_BOUND ( 'NONE', #493, .T. ) ;
#3164 = AXIS2_PLACEMENT_3D ( 'NONE', #3515, #5175, #1427 ) ;
#3165 = CARTESIAN_POINT ( 'NONE',  ( 3.789194927251578360, 9.925054528176932678, 0.000000000000000000 ) ) ;
#3166 = VERTEX_POINT ( 'NONE', #2751 ) ;
#3167 = VECTOR ( 'NONE', #938, 1000.000000000000000 ) ;
#3168 = DIRECTION ( 'NONE',  ( 0.000000000000000000, 0.000000000000000000, -1.000000000000000000 ) ) ;
#3169 = VERTEX_POINT ( 'NONE', #2773 ) ;
#3170 = CIRCLE ( 'NONE', #264, 9.949999999999979750 ) ;
#3171 = CARTESIAN_POINT ( 'NONE',  ( -2.319298998660988875, 20.45262592974430760, -1.339047901208151092 ) ) ;
#3172 = AXIS2_PLACEMENT_3D ( 'NONE', #4218, #5342, #1611 ) ;
#3173 = ADVANCED_FACE ( 'NONE', ( #2275 ), #613, .T. ) ;
#3174 = ORIENTED_EDGE ( 'NONE', *, *, #1367, .F. ) ;
#3175 = DIRECTION ( 'NONE',  ( 0.8798645526011857898, 0.4752245459526637239, 2.030772809561036469E-13 ) ) ;
#3176 = ORIENTED_EDGE ( 'NONE', *, *, #4343, .F. ) ;
#3177 = LINE ( 'NONE', #665, #4338 ) ;
#3178 = CIRCLE ( 'NONE', #4650, 13.94999999999999929 ) ;
#3179 = CARTESIAN_POINT ( 'NONE',  ( 1.159649499330495992, 21.30262592974430191, 2.008571851812227749 ) ) ;
#3180 = CARTESIAN_POINT ( 'NONE',  ( -0.9001208017744819490, 23.88297455179781181, 1.559054961623039581 ) ) ;
#3181 = AXIS2_PLACEMENT_3D ( 'NONE', #4084, #2334, #4389 ) ;
#3182 = FACE_OUTER_BOUND ( 'NONE', #5024, .T. ) ;
#3183 = CARTESIAN_POINT ( 'NONE',  ( 0.9001208017744826151, 22.38297455179782247, -1.559054961623038915 ) ) ;
#3184 = ORIENTED_EDGE ( 'NONE', *, *, #1215, .F. ) ;
#3185 = CARTESIAN_POINT ( 'NONE',  ( -2.697326152778747765, 16.04844929580394819, -1.557301980399832919 ) ) ;
#3186 = CARTESIAN_POINT ( 'NONE',  ( 5.656854249492450748, 5.656854249492308639, 6.000000000000000000 ) ) ;
#3187 = ORIENTED_EDGE ( 'NONE', *, *, #1390, .F. ) ;
#3188 = DIRECTION ( 'NONE',  ( -0.8965934609264115673, -0.4428545650933264910, 0.000000000000000000 ) ) ;
#3189 = CARTESIAN_POINT ( 'NONE',  ( 1.800241603548967451, 23.43297455179781963, 1.039369974415356834 ) ) ;
#3190 = CARTESIAN_POINT ( 'NONE',  ( 0.000000000000000000, 0.000000000000000000, 3.600000000000000089 ) ) ;
#3191 = FACE_OUTER_BOUND ( 'NONE', #4406, .T. ) ;
#3192 = DIRECTION ( 'NONE',  ( 0.000000000000000000, -0.000000000000000000, 1.000000000000000000 ) ) ;
#3193 = EDGE_LOOP ( 'NONE', ( #4063, #3096, #1017, #3305, #2703 ) ) ;
#3194 = CARTESIAN_POINT ( 'NONE',  ( -8.986661186536553103, -4.271114692723321227, 3.600000000000000089 ) ) ;
#3195 = ORIENTED_EDGE ( 'NONE', *, *, #1075, .F. ) ;
#3196 = EDGE_CURVE ( 'NONE', #5386, #283, #5283, .T. ) ;
#3197 = CARTESIAN_POINT ( 'NONE',  ( -2.319298998660987987, 22.35262592974429552, 1.339047901208152647 ) ) ;
#3198 = EDGE_CURVE ( 'NONE', #1581, #56, #294, .T. ) ;
#3199 = CLOSED_SHELL ( 'NONE', ( #1693, #3221, #466, #4265, #4330, #3856, #1434, #5159, #1625, #838, #3173, #1722 ) ) ;
#3200 = ORIENTED_EDGE ( 'NONE', *, *, #5366, .F. ) ;
#3201 = DIRECTION ( 'NONE',  ( 0.000000000000000000, 0.000000000000000000, -1.000000000000000000 ) ) ;
#3202 = VERTEX_POINT ( 'NONE', #1507 ) ;
#3203 = FACE_OUTER_BOUND ( 'NONE', #4392, .T. ) ;
#3204 = CARTESIAN_POINT ( 'NONE',  ( -1.159649499330495104, 19.80262592974430902, -2.008571851812227749 ) ) ;
#3205 = EDGE_CURVE ( 'NONE', #3997, #4954, #354, .T. ) ;
#3206 = CARTESIAN_POINT ( 'NONE',  ( -1.800241603548966340, 20.73297455179783100, -1.039369974415358833 ) ) ;
#3207 = PRESENTATION_LAYER_ASSIGNMENT (  '', '', ( #1620 ) ) ;
#3208 = DIRECTION ( 'NONE',  ( 0.000000000000000000, 0.000000000000000000, 1.000000000000000000 ) ) ;
#3209 = CARTESIAN_POINT ( 'NONE',  ( -0.9001208017744832812, 22.48297455179782034, -1.559054961623038693 ) ) ;
#3210 = ORIENTED_EDGE ( 'NONE', *, *, #1756, .T. ) ;
#3211 = ORIENTED_EDGE ( 'NONE', *, *, #5169, .F. ) ;
#3212 = CYLINDRICAL_SURFACE ( 'NONE', #4066, 1.599999999999998979 ) ;
#3213 = EDGE_CURVE ( 'NONE', #1530, #4738, #3170, .T. ) ;
#3214 = CARTESIAN_POINT ( 'NONE',  ( -0.1924264824948876962, 2.778967435556480403, 0.000000000000000000 ) ) ;
#3215 = EDGE_LOOP ( 'NONE', ( #5065, #3477, #962, #784, #3187, #1874, #4945 ) ) ;
#3216 = CARTESIAN_POINT ( 'NONE',  ( -8.986661186536553103, -4.271114692723321227, 3.600000000000000089 ) ) ;
#3217 = CIRCLE ( 'NONE', #1371, 9.949999999999977973 ) ;
#3218 = CARTESIAN_POINT ( 'NONE',  ( 1.800241603548967451, 22.83297455179782531, 1.039369974415356612 ) ) ;
#3219 = LINE ( 'NONE', #4465, #4200 ) ;
#3220 = DIRECTION ( 'NONE',  ( 1.000000000000000000, 0.000000000000000000, 0.000000000000000000 ) ) ;
#3221 = ADVANCED_FACE ( 'NONE', ( #208 ), #1676, .T. ) ;
#3222 = DIRECTION ( 'NONE',  ( 0.000000000000000000, -0.000000000000000000, 1.000000000000000000 ) ) ;
#3223 = ORIENTED_EDGE ( 'NONE', *, *, #4869, .T. ) ;
#3224 = LINE ( 'NONE', #1955, #1632 ) ;
#3225 = EDGE_LOOP ( 'NONE', ( #1735, #2954, #335, #3578, #3609, #677 ) ) ;
#3226 = CARTESIAN_POINT ( 'NONE',  ( 2.319298998660989319, 21.95262592974429694, 1.339047901208150648 ) ) ;
#3227 = EDGE_CURVE ( 'NONE', #3296, #2012, #4436, .T. ) ;
#3228 = ORIENTED_EDGE ( 'NONE', *, *, #2580, .F. ) ;
#3229 = COLOUR_RGB ( '',1.000000000000000000, 0.000000000000000000, 0.000000000000000000 ) ;
#3230 = DIRECTION ( 'NONE',  ( 0.000000000000000000, 0.000000000000000000, 1.000000000000000000 ) ) ;
#3231 = VERTEX_POINT ( 'NONE', #4382 ) ;
#3232 = CARTESIAN_POINT ( 'NONE',  ( 1.159649499330494438, 18.50262592974431897, -2.008571851812228193 ) ) ;
#3233 = CARTESIAN_POINT ( 'NONE',  ( -0.9001208017744819490, 20.88297455179783313, 1.559054961623039581 ) ) ;
#3234 = FACE_BOUND ( 'NONE', #4095, .T. ) ;
#3235 = CARTESIAN_POINT ( 'NONE',  ( -1.272861112297636013E-16, 23.63297455179781892, -2.078739948830717665 ) ) ;
#3236 = EDGE_LOOP ( 'NONE', ( #4033, #4418, #3427, #3347 ) ) ;
#3237 = LINE ( 'NONE', #317, #3720 ) ;
#3238 = CARTESIAN_POINT ( 'NONE',  ( 1.159649499330944300, 16.10262592974431328, -2.008571851811968401 ) ) ;
#3239 = EDGE_CURVE ( 'NONE', #2731, #259, #1938, .T. ) ;
#3240 = DIRECTION ( 'NONE',  ( -0.000000000000000000, -0.000000000000000000, -1.000000000000000000 ) ) ;
#3241 = VERTEX_POINT ( 'NONE', #1863 ) ;
#3242 = DIRECTION ( 'NONE',  ( 0.000000000000000000, 0.000000000000000000, 1.000000000000000000 ) ) ;
#3243 = CARTESIAN_POINT ( 'NONE',  ( -0.9001208017744865009, 22.48297455179782034, -1.559054961623036695 ) ) ;
#3244 = DIRECTION ( 'NONE',  ( -0.000000000000000000, -0.000000000000000000, 1.000000000000000000 ) ) ;
#3245 = AXIS2_PLACEMENT_3D ( 'NONE', #2789, #4583, #1107 ) ;
#3246 = DIRECTION ( 'NONE',  ( 0.000000000000000000, -0.000000000000000000, 1.000000000000000000 ) ) ;
#3247 = DIRECTION ( 'NONE',  ( 1.000000000000000000, 0.000000000000000000, 0.000000000000000000 ) ) ;
#3248 = CARTESIAN_POINT ( 'NONE',  ( 0.000000000000000000, 0.000000000000000000, 0.5000000000000000000 ) ) ;
#3249 = VERTEX_POINT ( 'NONE', #3159 ) ;
#3250 = CARTESIAN_POINT ( 'NONE',  ( 6.177821183051949383, -12.50747877992342083, 1.300000000000000044 ) ) ;
#3251 = ORIENTED_EDGE ( 'NONE', *, *, #573, .T. ) ;
#3252 = CARTESIAN_POINT ( 'NONE',  ( 4.919582178358630883E-16, 20.05262592974430902, 2.678095802416302629 ) ) ;
#3253 = AXIS2_PLACEMENT_3D ( 'NONE', #953, #3814, #2196 ) ;
#3254 = ORIENTED_EDGE ( 'NONE', *, *, #3133, .T. ) ;
#3255 = LINE ( 'NONE', #2842, #1886 ) ;
#3256 = ORIENTED_EDGE ( 'NONE', *, *, #4848, .T. ) ;
#3257 = CARTESIAN_POINT ( 'NONE',  ( -1.800241603548965674, 20.23297455179783810, 1.039369974415360165 ) ) ;
#3258 = AXIS2_PLACEMENT_3D ( 'NONE', #4601, #5399, #4191 ) ;
#3259 = CARTESIAN_POINT ( 'NONE',  ( 0.000000000000000000, 0.000000000000000000, 10.59999999999999787 ) ) ;
#3260 = EDGE_CURVE ( 'NONE', #907, #3783, #5203, .T. ) ;
#3261 = CARTESIAN_POINT ( 'NONE',  ( 1.800241603548966784, 22.23297455179782389, 1.039369974415358611 ) ) ;
#3262 = AXIS2_PLACEMENT_3D ( 'NONE', #4624, #3913, #5144 ) ;
#3263 = EDGE_LOOP ( 'NONE', ( #3156, #1124, #3395, #632 ) ) ;
#3264 = DIRECTION ( 'NONE',  ( 1.000000000000000000, 0.000000000000000000, 0.000000000000000000 ) ) ;
#3265 = DIRECTION ( 'NONE',  ( -0.000000000000000000, -0.000000000000000000, 1.000000000000000000 ) ) ;
#3266 = CIRCLE ( 'NONE', #1594, 6.080456575636104866 ) ;
#3267 =( BOUNDED_CURVE ( )  B_SPLINE_CURVE ( 2, ( #2422, #3763, #5433, #4144, #765 ),
 .UNSPECIFIED., .F., .T. ) 
 B_SPLINE_CURVE_WITH_KNOTS ( ( 3, 2, 3 ),
 ( 0.7500000000000348610, 0.8333333333333333703, 1.000000000000000000 ),
 .UNSPECIFIED. ) 
 CURVE ( )  GEOMETRIC_REPRESENTATION_ITEM ( )  RATIONAL_B_SPLINE_CURVE ( ( 0.9330127018922192983, 0.9330127018922472759, 1.000000000000000000, 0.8660254037844385966, 1.000000000000000000 ) ) 
 REPRESENTATION_ITEM ( '' )  );
#3268 = DIRECTION ( 'NONE',  ( 0.000000000000000000, 0.000000000000000000, 1.000000000000000000 ) ) ;
#3269 = VERTEX_POINT ( 'NONE', #621 ) ;
#3270 = DIRECTION ( 'NONE',  ( -1.000000000000000000, 0.000000000000000000, 0.000000000000000000 ) ) ;
#3271 = ADVANCED_FACE ( 'NONE', ( #4022 ), #1889, .T. ) ;
#3272 = CARTESIAN_POINT ( 'NONE',  ( -0.9001208017744868339, 21.88297455179782602, -1.559054961623036473 ) ) ;
#3273 = DIRECTION ( 'NONE',  ( -0.000000000000000000, -0.000000000000000000, -1.000000000000000000 ) ) ;
#3274 = CARTESIAN_POINT ( 'NONE',  ( 2.319298998660988875, 17.20262592974432536, -3.107427762052938579E-14 ) ) ;
#3275 = EDGE_CURVE ( 'NONE', #5174, #2784, #3520, .T. ) ;
#3276 = CARTESIAN_POINT ( 'NONE',  ( 4.271114692723351425, -8.986661186536538892, 3.600000000000000089 ) ) ;
#3277 = CARTESIAN_POINT ( 'NONE',  ( -1.159649499330478450, 18.80262592974431612, 2.008571851812236631 ) ) ;
#3278 = DIRECTION ( 'NONE',  ( 1.000000000000000000, 0.000000000000000000, 0.000000000000000000 ) ) ;
#3279 = DIRECTION ( 'NONE',  ( 0.000000000000000000, 0.000000000000000000, -1.000000000000000000 ) ) ;
#3280 = ORIENTED_EDGE ( 'NONE', *, *, #205, .T. ) ;
#3281 = DIRECTION ( 'NONE',  ( 0.000000000000000000, 0.000000000000000000, 1.000000000000000000 ) ) ;
#3282 = CARTESIAN_POINT ( 'NONE',  ( -2.319298998660987987, 21.15262592974430333, 1.339047901208152647 ) ) ;
#3283 = ORIENTED_EDGE ( 'NONE', *, *, #1769, .T. ) ;
#3284 = DIRECTION ( 'NONE',  ( -1.000000000000000000, 0.000000000000000000, 0.000000000000000000 ) ) ;
#3285 = ORIENTED_EDGE ( 'NONE', *, *, #4720, .T. ) ;
#3286 = CARTESIAN_POINT ( 'NONE',  ( -1.272861112297636013E-16, 20.03297455179783881, -2.078739948830717665 ) ) ;
#3287 = FACE_BOUND ( 'NONE', #2381, .T. ) ;
#3288 = CARTESIAN_POINT ( 'NONE',  ( 1.800241603548965674, 21.73297455179783100, -1.039369974415359499 ) ) ;
#3289 = ORIENTED_EDGE ( 'NONE', *, *, #1746, .T. ) ;
#3290 = VECTOR ( 'NONE', #3348, 1000.000000000000000 ) ;
#3291 = DIRECTION ( 'NONE',  ( -0.000000000000000000, -0.000000000000000000, -1.000000000000000000 ) ) ;
#3292 = DIRECTION ( 'NONE',  ( 0.000000000000000000, 0.000000000000000000, 1.000000000000000000 ) ) ;
#3293 = CIRCLE ( 'NONE', #1973, 9.949999999999977973 ) ;
#3294 = DIRECTION ( 'NONE',  ( -0.000000000000000000, -0.000000000000000000, -1.000000000000000000 ) ) ;
#3295 = ADVANCED_FACE ( 'NONE', ( #4075 ), #4188, .F. ) ;
#3296 = VERTEX_POINT ( 'NONE', #2499 ) ;
#3297 = CARTESIAN_POINT ( 'NONE',  ( -4.271114692723289252, 8.986661186536569090, 0.5000000000000000000 ) ) ;
#3298 = CARTESIAN_POINT ( 'NONE',  ( 0.9001208017744773970, 21.78297455179782460, -1.559054961623042024 ) ) ;
#3299 = CARTESIAN_POINT ( 'NONE',  ( 4.674855165198289697, 13.14337206292277394, 3.600000000000000089 ) ) ;
#3300 = EDGE_CURVE ( 'NONE', #3916, #658, #755, .T. ) ;
#3301 = CARTESIAN_POINT ( 'NONE',  ( -2.319298998660985767, 16.95262592974432891, 1.339047901208173297 ) ) ;
#3302 = CARTESIAN_POINT ( 'NONE',  ( 2.319298998660988875, 20.20262592974430760, -1.175434497001114572E-14 ) ) ;
#3303 = CYLINDRICAL_SURFACE ( 'NONE', #2905, 1.050000000000000488 ) ;
#3304 = DIRECTION ( 'NONE',  ( -1.000000000000000000, 0.000000000000000000, 0.000000000000000000 ) ) ;
#3305 = ORIENTED_EDGE ( 'NONE', *, *, #713, .T. ) ;
#3306 = CARTESIAN_POINT ( 'NONE',  ( 0.000000000000000000, 0.000000000000000000, 3.600000000000000089 ) ) ;
#3307 = ADVANCED_FACE ( 'NONE', ( #2938 ), #348, .F. ) ;
#3308 = CARTESIAN_POINT ( 'NONE',  ( 1.743066579297358255E-16, 16.10903842913884176, -2.399999999999999023 ) ) ;
#3309 = CARTESIAN_POINT ( 'NONE',  ( 2.319298998660988431, 19.05262592974431968, -1.339047901208152425 ) ) ;
#3310 = AXIS2_PLACEMENT_3D ( 'NONE', #3421, #2650, #5160 ) ;
#3311 = VERTEX_POINT ( 'NONE', #3727 ) ;
#3312 = CARTESIAN_POINT ( 'NONE',  ( 3.334394902775965175, -9.374663227676036215, 3.600000000000000089 ) ) ;
#3313 = VERTEX_POINT ( 'NONE', #2829 ) ;
#3314 = CARTESIAN_POINT ( 'NONE',  ( -1.800241603548965674, 19.03297455179784592, 1.039369974415360165 ) ) ;
#3315 = CARTESIAN_POINT ( 'NONE',  ( 6.374759269443181608, 12.40826112945114978, 1.300000000000000044 ) ) ;
#3316 = CARTESIAN_POINT ( 'NONE',  ( 0.9001208017744838363, 19.78297455179783881, 1.559054961623038471 ) ) ;
#3317 = VERTEX_POINT ( 'NONE', #2000 ) ;
#3318 = LINE ( 'NONE', #1996, #124 ) ;
#3319 = EDGE_CURVE ( 'NONE', #3076, #2399, #3673, .T. ) ;
#3320 = CYLINDRICAL_SURFACE ( 'NONE', #5030, 6.080456575636104866 ) ;
#3321 = CARTESIAN_POINT ( 'NONE',  ( -13.14337206292275795, 4.674855165198334994, 3.600000000000000089 ) ) ;
#3322 = ORIENTED_EDGE ( 'NONE', *, *, #1386, .F. ) ;
#3323 = DIRECTION ( 'NONE',  ( -0.000000000000000000, -0.000000000000000000, -1.000000000000000000 ) ) ;
#3324 = AXIS2_PLACEMENT_3D ( 'NONE', #5246, #1391, #152 ) ;
#3325 = CARTESIAN_POINT ( 'NONE',  ( 1.800241603548968117, 21.63297455179782958, 1.039369974415355502 ) ) ;
#3326 = FACE_OUTER_BOUND ( 'NONE', #1711, .T. ) ;
#3327 = LINE ( 'NONE', #820, #4103 ) ;
#3328 =( NAMED_UNIT ( * ) SI_UNIT ( $, .STERADIAN. ) SOLID_ANGLE_UNIT ( ) );
#3329 = CARTESIAN_POINT ( 'NONE',  ( -2.319298998660996425, 19.25262592974431541, -1.339047901208137326 ) ) ;
#3330 = CARTESIAN_POINT ( 'NONE',  ( 0.000000000000000000, 0.000000000000000000, 6.000000000000000000 ) ) ;
#3331 = ORIENTED_EDGE ( 'NONE', *, *, #2494, .T. ) ;
#3332 = DIRECTION ( 'NONE',  ( -0.000000000000000000, 0.000000000000000000, -1.000000000000000000 ) ) ;
#3333 = AXIS2_PLACEMENT_3D ( 'NONE', #2512, #4995, #4041 ) ;
#3334 = CARTESIAN_POINT ( 'NONE',  ( 0.000000000000000000, 0.000000000000000000, 0.5000000000000000000 ) ) ;
#3335 = CARTESIAN_POINT ( 'NONE',  ( -1.159649499330492883, 16.40262592974433531, 2.008571851812228193 ) ) ;
#3336 = VECTOR ( 'NONE', #4165, 1000.000000000000000 ) ;
#3337 = ORIENTED_EDGE ( 'NONE', *, *, #813, .T. ) ;
#3338 = PLANE ( 'NONE',  #3035 ) ;
#3339 = VERTEX_POINT ( 'NONE', #3321 ) ;
#3340 = EDGE_CURVE ( 'NONE', #468, #4101, #4902, .T. ) ;
#3341 = PRODUCT_DEFINITION ( 'UNKNOWN', '', #4091, #2020 ) ;
#3342 = CARTESIAN_POINT ( 'NONE',  ( -1.272861112297636013E-16, 15.83297455179786439, -2.078739948830717665 ) ) ;
#3343 = EDGE_CURVE ( 'NONE', #4151, #672, #2376, .T. ) ;
#3344 = MECHANICAL_DESIGN_GEOMETRIC_PRESENTATION_REPRESENTATION (  '', ( #4997 ), #2732 ) ;
#3345 = LINE ( 'NONE', #1132, #2915 ) ;
#3346 = CARTESIAN_POINT ( 'NONE',  ( 1.800241603548966784, 19.83297455179783952, 1.039369974415358611 ) ) ;
#3347 = ORIENTED_EDGE ( 'NONE', *, *, #375, .T. ) ;
#3348 = DIRECTION ( 'NONE',  ( -0.000000000000000000, -1.000000000000000000, -0.000000000000000000 ) ) ;
#3349 = AXIS2_PLACEMENT_3D ( 'NONE', #3815, #4170, #5019 ) ;
#3350 = DIRECTION ( 'NONE',  ( -0.000000000000000000, -0.000000000000000000, 1.000000000000000000 ) ) ;
#3351 = VECTOR ( 'NONE', #186, 1000.000000000000000 ) ;
#3352 = CARTESIAN_POINT ( 'NONE',  ( 0.000000000000000000, 0.000000000000000000, 0.5000000000000000000 ) ) ;
#3353 = ORIENTED_EDGE ( 'NONE', *, *, #4996, .T. ) ;
#3354 = CARTESIAN_POINT ( 'NONE',  ( -2.861037394075269802, -8.242525614142152790, 6.000000000000000000 ) ) ;
#3355 = CARTESIAN_POINT ( 'NONE',  ( -0.9001208017744775081, 22.08297455179782531, 1.559054961623041802 ) ) ;
#3356 = CARTESIAN_POINT ( 'NONE',  ( -8.242525614142142132, 2.861037394075298224, 0.000000000000000000 ) ) ;
#3357 = CARTESIAN_POINT ( 'NONE',  ( -1.137512401142046325, 24.59384773684282877, -2.010488165257886983 ) ) ;
#3358 = AXIS2_PLACEMENT_3D ( 'NONE', #2022, #5006, #3694 ) ;
#3359 =( LENGTH_UNIT ( ) NAMED_UNIT ( * ) SI_UNIT ( .MILLI., .METRE. ) );
#3360 = CARTESIAN_POINT ( 'NONE',  ( 2.319298998660991984, 19.55262592974431612, 1.339047901208145985 ) ) ;
#3361 = AXIS2_PLACEMENT_3D ( 'NONE', #1981, #3655, #2039 ) ;
#3362 = FACE_OUTER_BOUND ( 'NONE', #2689, .T. ) ;
#3363 = SURFACE_STYLE_FILL_AREA ( #1567 ) ;
#3364 = CARTESIAN_POINT ( 'NONE',  ( -8.986661186536613499, 4.271114692723197770, 3.600000000000000089 ) ) ;
#3365 = DIRECTION ( 'NONE',  ( -0.000000000000000000, -0.000000000000000000, -1.000000000000000000 ) ) ;
#3366 = CARTESIAN_POINT ( 'NONE',  ( 1.159649499330495548, 18.30262592974431968, 2.008571851812226861 ) ) ;
#3367 = VERTEX_POINT ( 'NONE', #1609 ) ;
#3368 = EDGE_CURVE ( 'NONE', #5281, #3130, #4487, .T. ) ;
#3369 = FACE_OUTER_BOUND ( 'NONE', #5284, .T. ) ;
#3370 = ORIENTED_EDGE ( 'NONE', *, *, #2936, .T. ) ;
#3372 = EDGE_CURVE ( 'NONE', #3656, #4239, #5000, .T. ) ;
#3371 = CARTESIAN_POINT ( 'NONE',  ( -1.272861112297636013E-16, 16.43297455179786226, -2.078739948830717665 ) ) ;
#3373 = CARTESIAN_POINT ( 'NONE',  ( 0.000000000000000000, 0.000000000000000000, 3.600000000000000089 ) ) ;
#3374 = CARTESIAN_POINT ( 'NONE',  ( -0.9001208017744819490, 21.48297455179782744, 1.559054961623039581 ) ) ;
#3375 = ORIENTED_EDGE ( 'NONE', *, *, #1838, .T. ) ;
#3376 = EDGE_CURVE ( 'NONE', #1982, #1726, #89, .T. ) ;
#3377 = LINE ( 'NONE', #2551, #2075 ) ;
#3378 = DIRECTION ( 'NONE',  ( 1.000000000000000000, 0.000000000000000000, 0.000000000000000000 ) ) ;
#3379 = DIRECTION ( 'NONE',  ( -0.9421772088116672217, 0.3351150656056154364, -0.000000000000000000 ) ) ;
#3380 = VERTEX_POINT ( 'NONE', #4134 ) ;
#3381 = LINE ( 'NONE', #4267, #1209 ) ;
#3382 = ORIENTED_EDGE ( 'NONE', *, *, #2132, .T. ) ;
#3383 = CARTESIAN_POINT ( 'NONE',  ( 1.800241603548955682, 16.93297455179785871, -1.039369974415376818 ) ) ;
#3384 = DIRECTION ( 'NONE',  ( 0.000000000000000000, 0.000000000000000000, -1.000000000000000000 ) ) ;
#3385 = CARTESIAN_POINT ( 'NONE',  ( 2.319298998660985767, 17.25262592974432607, -1.339047901208156421 ) ) ;
#3386 = CARTESIAN_POINT ( 'NONE',  ( -2.319298998660982214, 19.35262592974430973, 1.339047901208162639 ) ) ;
#3387 = LINE ( 'NONE', #2974, #1675 ) ;
#3388 = VECTOR ( 'NONE', #1213, 1000.000000000000000 ) ;
#3389 = CARTESIAN_POINT ( 'NONE',  ( 0.000000000000000000, 0.000000000000000000, 1.300000000000000044 ) ) ;
#3390 = DIRECTION ( 'NONE',  ( 0.000000000000000000, -0.000000000000000000, -1.000000000000000000 ) ) ;
#3391 = CARTESIAN_POINT ( 'NONE',  ( -2.319298998660987987, 16.35262592974433460, 1.339047901208152647 ) ) ;
#3392 = CIRCLE ( 'NONE', #120, 9.949999999999979750 ) ;
#3393 = ORIENTED_EDGE ( 'NONE', *, *, #4911, .F. ) ;
#3394 = FACE_OUTER_BOUND ( 'NONE', #524, .T. ) ;
#3395 = ORIENTED_EDGE ( 'NONE', *, *, #1275, .F. ) ;
#3396 = AXIS2_PLACEMENT_3D ( 'NONE', #2366, #740, #4032 ) ;
#3397 = CARTESIAN_POINT ( 'NONE',  ( 1.800241603548966118, 16.88297455179785800, -2.204660117478139918E-16 ) ) ;
#3398 = EDGE_CURVE ( 'NONE', #1726, #1982, #1233, .T. ) ;
#3399 = CIRCLE ( 'NONE', #2696, 8.180456575636107175 ) ;
#3400 = CARTESIAN_POINT ( 'NONE',  ( -5.656854249492327291, -5.656854249492432096, -1.224646799147351420E-17 ) ) ;
#3401 = CARTESIAN_POINT ( 'NONE',  ( 3.818583336892907545E-16, 19.73297455179784166, 2.078739948830717665 ) ) ;
#3402 = EDGE_LOOP ( 'NONE', ( #3042, #3032, #3663, #805 ) ) ;
#3403 = FACE_OUTER_BOUND ( 'NONE', #797, .T. ) ;
#3404 = CARTESIAN_POINT ( 'NONE',  ( -1.639860726119544942E-16, 24.55262592974428415, -2.678095802416303517 ) ) ;
#3405 = AXIS2_PLACEMENT_3D ( 'NONE', #5177, #2273, #3837 ) ;
#3406 = DIRECTION ( 'NONE',  ( 0.9421772088116672217, 0.3351150656056154364, 0.000000000000000000 ) ) ;
#3407 = CARTESIAN_POINT ( 'NONE',  ( 1.159649499330496880, 23.70262592974428628, 2.008571851812225528 ) ) ;
#3408 = ORIENTED_EDGE ( 'NONE', *, *, #3260, .F. ) ;
#3409 = UNCERTAINTY_MEASURE_WITH_UNIT (LENGTH_MEASURE( 1.000000000000000082E-05 ), #1202, 'distance_accuracy_value', 'NONE');
#3410 = CARTESIAN_POINT ( 'NONE',  ( -0.9001208017745006007, 17.68297455179785160, -1.559054961623028701 ) ) ;
#3411 = DIRECTION ( 'NONE',  ( 0.000000000000000000, 0.000000000000000000, -1.000000000000000000 ) ) ;
#3412 = CARTESIAN_POINT ( 'NONE',  ( -1.272861112297636013E-16, 24.23297455179781323, -2.078739948830717665 ) ) ;
#3413 = CARTESIAN_POINT ( 'NONE',  ( -2.714623668879432294, 24.48910671664149064, 0.000000000000000000 ) ) ;
#3414 = CARTESIAN_POINT ( 'NONE',  ( 4.328135129845477991, 9.007820706583343551, 0.000000000000000000 ) ) ;
#3415 = CARTESIAN_POINT ( 'NONE',  ( -9.185996884128961426, 3.321864870154491722, 6.000000000000000000 ) ) ;
#3416 = CARTESIAN_POINT ( 'NONE',  ( 6.177821183051949383, -12.50747877992342083, 1.300000000000000044 ) ) ;
#3417 = AXIS2_PLACEMENT_3D ( 'NONE', #4958, #3323, #4985 ) ;
#3418 = CARTESIAN_POINT ( 'NONE',  ( -1.639860726119543710E-16, 17.35262592974432749, -2.678095802416302629 ) ) ;
#3419 = CIRCLE ( 'NONE', #3507, 1.050000000000002265 ) ;
#3420 = ORIENTED_EDGE ( 'NONE', *, *, #2963, .F. ) ;
#3421 = CARTESIAN_POINT ( 'NONE',  ( 0.000000000000000000, 0.000000000000000000, 4.000000000000006217 ) ) ;
#3422 = ORIENTED_EDGE ( 'NONE', *, *, #2219, .T. ) ;
#3423 = CARTESIAN_POINT ( 'NONE',  ( 0.9001208017744826151, 18.78297455179784592, -1.559054961623038915 ) ) ;
#3424 = AXIS2_PLACEMENT_3D ( 'NONE', #2116, #4221, #2557 ) ;
#3425 = DIRECTION ( 'NONE',  ( -0.000000000000000000, -0.000000000000000000, 1.000000000000000000 ) ) ;
#3426 = CARTESIAN_POINT ( 'NONE',  ( 0.9001208017744838363, 20.98297455179783100, 1.559054961623038471 ) ) ;
#3427 = ORIENTED_EDGE ( 'NONE', *, *, #3031, .F. ) ;
#3428 = CARTESIAN_POINT ( 'NONE',  ( -2.319298998660989763, 15.70262592974431470, -5.274393484953125736E-13 ) ) ;
#3429 = CARTESIAN_POINT ( 'NONE',  ( 1.159649499330495992, 21.90262592974429623, 2.008571851812227749 ) ) ;
#3430 = DIRECTION ( 'NONE',  ( 0.000000000000000000, 0.000000000000000000, 1.000000000000000000 ) ) ;
#3431 = CARTESIAN_POINT ( 'NONE',  ( 1.159649499330494882, 24.30262592974428415, 2.008571851812227305 ) ) ;
#3432 = CIRCLE ( 'NONE', #4730, 1.050000000000000488 ) ;
#3433 = VERTEX_POINT ( 'NONE', #2440 ) ;
#3434 = CARTESIAN_POINT ( 'NONE',  ( -1.800241603548966118, 17.78297455179784947, 5.291184281947535211E-15 ) ) ;
#3435 = DIRECTION ( 'NONE',  ( 0.4428545650933264910, -0.8965934609264115673, 0.000000000000000000 ) ) ;
#3436 = SHAPE_REPRESENTATION_RELATIONSHIP ( 'NONE' , 'NONE' ,  #4585, #2736 ) ;
#3437 = EDGE_CURVE ( 'NONE', #1279, #3339, #2118, .T. ) ;
#3438 = VECTOR ( 'NONE', #4383, 999.9999999999998863 ) ;
#3439 = CARTESIAN_POINT ( 'NONE',  ( 8.134310703387669391E-16, 24.74898902876640605, 2.151010971233594748 ) ) ;
#3440 = ADVANCED_FACE ( 'NONE', ( #3703 ), #4540, .T. ) ;
#3441 = CYLINDRICAL_SURFACE ( 'NONE', #5005, 9.949999999999981526 ) ;
#3442 = DIRECTION ( 'NONE',  ( 0.000000000000000000, 0.000000000000000000, 1.000000000000000000 ) ) ;
#3443 = AXIS2_PLACEMENT_3D ( 'NONE', #3456, #3857, #2553 ) ;
#3444 = DIRECTION ( 'NONE',  ( 0.000000000000000000, 0.000000000000000000, 1.000000000000000000 ) ) ;
#3445 = ADVANCED_FACE ( 'NONE', ( #783 ), #400, .T. ) ;
#3446 = DIRECTION ( 'NONE',  ( -0.000000000000000000, -0.000000000000000000, -1.000000000000000000 ) ) ;
#3447 = ORIENTED_EDGE ( 'NONE', *, *, #2866, .F. ) ;
#3448 = CARTESIAN_POINT ( 'NONE',  ( 9.374663227676069965, -3.334394902775867031, 3.600000000000000089 ) ) ;
#3449 = ORIENTED_EDGE ( 'NONE', *, *, #3372, .F. ) ;
#3450 = CARTESIAN_POINT ( 'NONE',  ( -1.800241603548966340, 17.13297455179785800, -1.039369974415358833 ) ) ;
#3451 = DIRECTION ( 'NONE',  ( -0.9421772088116672217, 0.3351150656056154364, 0.000000000000000000 ) ) ;
#3452 = CARTESIAN_POINT ( 'NONE',  ( -0.9001208017744832812, 16.48297455179786297, -1.559054961623038693 ) ) ;
#3453 = ORIENTED_EDGE ( 'NONE', *, *, #4061, .F. ) ;
#3454 = CARTESIAN_POINT ( 'NONE',  ( 5.400664541149613029, 10.65998698469982209, 6.000000000000000000 ) ) ;
#3455 = CARTESIAN_POINT ( 'NONE',  ( 2.319298998660989763, 24.40262592974428202, -2.840322094975842506E-16 ) ) ;
#3456 = CARTESIAN_POINT ( 'NONE',  ( 6.717514421272335667, -6.717514421272065661, 0.000000000000000000 ) ) ;
#3457 = CARTESIAN_POINT ( 'NONE',  ( 1.159649499330494438, 15.50262592974433851, -2.008571851812228193 ) ) ;
#3458 = CARTESIAN_POINT ( 'NONE',  ( -2.319298998660988875, 22.30262592974429481, 1.526314225756857385E-15 ) ) ;
#3459 = VERTEX_POINT ( 'NONE', #17 ) ;
#3460 = CARTESIAN_POINT ( 'NONE',  ( -1.800241603548973002, 18.33297455179785018, -1.039369974415346620 ) ) ;
#3461 =( NAMED_UNIT ( * ) PLANE_ANGLE_UNIT ( ) SI_UNIT ( $, .RADIAN. ) );
#3462 = CLOSED_SHELL ( 'NONE', ( #530, #2053, #409, #4445, #4158, #4254, #815, #3528, #1959, #2420, #3831, #3785, #3549, #1022, #2644, #5122, #776, #770, #2793, #4160, #3877, #599, #1937, #1416, #3628, #5034, #4302, #1577, #1830, #1488, #1005, #311, #4424, #4637, #1458, #3131, #5318, #134, #1384, #3152, #1261, #4662, #5193, #4369, #1988, #4466, #1268, #1217, #3597, #5269, #4761, #2492, #1816, #4279, #734, #434 ) ) ;
#3463 = EDGE_CURVE ( 'NONE', #2666, #3008, #5256, .T. ) ;
#3464 =( NAMED_UNIT ( * ) PLANE_ANGLE_UNIT ( ) SI_UNIT ( $, .RADIAN. ) );
#3465 = DIRECTION ( 'NONE',  ( 0.000000000000000000, 0.000000000000000000, -1.000000000000000000 ) ) ;
#3466 = EDGE_CURVE ( 'NONE', #4699, #223, #2111, .T. ) ;
#3467 = CARTESIAN_POINT ( 'NONE',  ( -9.185996884128961426, 3.321864870154491722, 6.000000000000000000 ) ) ;
#3468 = DIRECTION ( 'NONE',  ( 1.000000000000000000, 0.000000000000000000, 0.000000000000000000 ) ) ;
#3469 = DIRECTION ( 'NONE',  ( 1.000000000000000000, 0.000000000000000000, 0.000000000000000000 ) ) ;
#3470 = CIRCLE ( 'NONE', #3726, 13.95000000000000284 ) ;
#3471 = ORIENTED_EDGE ( 'NONE', *, *, #2292, .T. ) ;
#3472 = DIRECTION ( 'NONE',  ( 0.000000000000000000, -0.000000000000000000, -1.000000000000000000 ) ) ;
#3473 = VERTEX_POINT ( 'NONE', #5062 ) ;
#3474 = CARTESIAN_POINT ( 'NONE',  ( 0.9001208017744838363, 15.58297455179786617, 1.559054961623038471 ) ) ;
#3475 = CARTESIAN_POINT ( 'NONE',  ( 10.12946815411573098, 3.782692346233659908, 6.000000000000000000 ) ) ;
#3476 = VECTOR ( 'NONE', #4173, 1000.000000000000000 ) ;
#3477 = ORIENTED_EDGE ( 'NONE', *, *, #2835, .T. ) ;
#3478 = CARTESIAN_POINT ( 'NONE',  ( 1.800241603548966118, 15.68297455179786581, -2.204660117478139918E-16 ) ) ;
#3479 = VERTEX_POINT ( 'NONE', #2215 ) ;
#3480 = CARTESIAN_POINT ( 'NONE',  ( -3.321864870154523697, 9.185996884128948992, 6.000000000000000000 ) ) ;
#3481 = DIRECTION ( 'NONE',  ( -0.3105507061111215106, -0.6352623544126334565, -0.7071067811865485719 ) ) ;
#3482 = CIRCLE ( 'NONE', #1020, 13.94999999999999929 ) ;
#3483 = CARTESIAN_POINT ( 'NONE',  ( -4.271114692723165795, -8.986661186536627710, 0.5000000000000000000 ) ) ;
#3484 = CARTESIAN_POINT ( 'NONE',  ( 2.319298998660989319, 16.05262592974433389, -1.339047901208152647 ) ) ;
#3485 = CARTESIAN_POINT ( 'NONE',  ( 1.159649499330488220, 22.10262592974429552, -2.008571851812230857 ) ) ;
#3486 = EDGE_CURVE ( 'NONE', #5235, #4980, #67, .T. ) ;
#3487 = ORIENTED_EDGE ( 'NONE', *, *, #415, .F. ) ;
#3488 = CARTESIAN_POINT ( 'NONE',  ( 1.800241603548966118, 18.08297455179785018, -1.146646124027388179E-14 ) ) ;
#3489 = DIRECTION ( 'NONE',  ( -1.000000000000000000, 0.000000000000000000, 0.000000000000000000 ) ) ;
#3490 = CARTESIAN_POINT ( 'NONE',  ( 0.000000000000000000, 0.000000000000000000, 10.60000000000000142 ) ) ;
#3491 = CARTESIAN_POINT ( 'NONE',  ( 1.781336437276581641, 24.80894953710676276, 1.103352022707377200 ) ) ;
#3492 = PRODUCT_DEFINITION_FORMATION_WITH_SPECIFIED_SOURCE ( 'ANY', '', #5206, .NOT_KNOWN. ) ;
#3493 = DIRECTION ( 'NONE',  ( -0.3351150656056253174, 0.9421772088116636690, 0.000000000000000000 ) ) ;
#3494 = DIRECTION ( 'NONE',  ( 1.000000000000000000, 0.000000000000000000, 0.000000000000000000 ) ) ;
#3495 = FACE_OUTER_BOUND ( 'NONE', #244, .T. ) ;
#3496 = LINE ( 'NONE', #1460, #2977 ) ;
#3497 = VERTEX_POINT ( 'NONE', #1312 ) ;
#3498 = CARTESIAN_POINT ( 'NONE',  ( 3.278135129845476392, 9.007820706583343551, 1.300000000000000044 ) ) ;
#3499 = ORIENTED_EDGE ( 'NONE', *, *, #117, .T. ) ;
#3500 = CIRCLE ( 'NONE', #2266, 1.599999999999999867 ) ;
#3501 = CARTESIAN_POINT ( 'NONE',  ( -1.639860726119543710E-16, 25.15262592974427491, -2.678095802416302629 ) ) ;
#3502 = ORIENTED_EDGE ( 'NONE', *, *, #3601, .F. ) ;
#3503 = CARTESIAN_POINT ( 'NONE',  ( 1.800241603548965674, 18.13297455179785089, -1.039369974415359499 ) ) ;
#3504 = EDGE_CURVE ( 'NONE', #4776, #3143, #3830, .T. ) ;
#3505 = ORIENTED_EDGE ( 'NONE', *, *, #1600, .F. ) ;
#3506 = LINE ( 'NONE', #4400, #4276 ) ;
#3507 = AXIS2_PLACEMENT_3D ( 'NONE', #4492, #2805, #1459 ) ;
#3508 = CARTESIAN_POINT ( 'NONE',  ( 2.319298998660989763, 23.20262592974428983, -2.840322094975842506E-16 ) ) ;
#3509 = EDGE_CURVE ( 'NONE', #3117, #4444, #2828, .T. ) ;
#3510 = CARTESIAN_POINT ( 'NONE',  ( -0.9001208017744832812, 24.88297455179780826, -1.559054961623038693 ) ) ;
#3511 = CYLINDRICAL_SURFACE ( 'NONE', #13, 4.000000000000000000 ) ;
#3512 = CARTESIAN_POINT ( 'NONE',  ( 4.919582178358633841E-16, 15.85262592974433637, 2.678095802416303517 ) ) ;
#3513 = CARTESIAN_POINT ( 'NONE',  ( 2.319298998660988875, 22.60262592974429197, -1.242282016259273233E-15 ) ) ;
#3514 = ORIENTED_EDGE ( 'NONE', *, *, #744, .F. ) ;
#3515 = CARTESIAN_POINT ( 'NONE',  ( 0.000000000000000000, 0.000000000000000000, 1.300000000000000044 ) ) ;
#3516 = DIRECTION ( 'NONE',  ( 0.000000000000000000, 0.000000000000000000, 1.000000000000000000 ) ) ;
#3517 = DIRECTION ( 'NONE',  ( 0.4867236165772266254, 0.8735560205653585264, 0.000000000000000000 ) ) ;
#3518 = DIRECTION ( 'NONE',  ( 0.000000000000000000, 0.000000000000000000, 1.000000000000000000 ) ) ;
#3519 = CARTESIAN_POINT ( 'NONE',  ( 5.292112052865294736, -10.71429185807060769, 1.300000000000000044 ) ) ;
#3520 = CIRCLE ( 'NONE', #3780, 11.95000000000001350 ) ;
#3521 = DIRECTION ( 'NONE',  ( 1.000000000000000000, 0.000000000000000000, 0.000000000000000000 ) ) ;
#3522 = AXIS2_PLACEMENT_3D ( 'NONE', #1535, #5285, #3188 ) ;
#3523 = ORIENTED_EDGE ( 'NONE', *, *, #3300, .F. ) ;
#3524 = DIRECTION ( 'NONE',  ( -0.000000000000000000, -0.000000000000000000, -1.000000000000000000 ) ) ;
#3525 = ORIENTED_EDGE ( 'NONE', *, *, #96, .F. ) ;
#3526 = CARTESIAN_POINT ( 'NONE',  ( 2.319298998660989319, 23.15262592974429268, 1.339047901208150648 ) ) ;
#3527 = AXIS2_PLACEMENT_3D ( 'NONE', #178, #2267, #2745 ) ;
#3528 = ADVANCED_FACE ( 'NONE', ( #1749 ), #127, .F. ) ;
#3529 = ORIENTED_EDGE ( 'NONE', *, *, #3954, .T. ) ;
#3530 = CARTESIAN_POINT ( 'NONE',  ( -1.800241603548966340, 18.33297455179785018, -1.039369974415358833 ) ) ;
#3531 = ORIENTED_EDGE ( 'NONE', *, *, #288, .F. ) ;
#3532 = EDGE_CURVE ( 'NONE', #4206, #4750, #2965, .T. ) ;
#3533 = DIRECTION ( 'NONE',  ( 1.000000000000000000, 0.000000000000000000, 0.000000000000000000 ) ) ;
#3534 = CARTESIAN_POINT ( 'NONE',  ( 4.919582178358633841E-16, 21.85262592974429907, 2.678095802416303517 ) ) ;
#3535 = CARTESIAN_POINT ( 'NONE',  ( 1.800241603548966118, 23.48297455179781679, -2.204660117478139918E-16 ) ) ;
#3536 = DIRECTION ( 'NONE',  ( -0.7071067811865561215, 0.7071067811865389130, 0.000000000000000000 ) ) ;
#3537 = CARTESIAN_POINT ( 'NONE',  ( -0.9001208017744832812, 24.88297455179780826, -1.559054961623038693 ) ) ;
#3538 = CARTESIAN_POINT ( 'NONE',  ( 2.319298998660988875, 21.40262592974429978, -1.061821613202080833E-14 ) ) ;
#3539 = ORIENTED_EDGE ( 'NONE', *, *, #2790, .T. ) ;
#3540 = CARTESIAN_POINT ( 'NONE',  ( 0.000000000000000000, 0.000000000000000000, 0.000000000000000000 ) ) ;
#3541 = DIRECTION ( 'NONE',  ( -0.000000000000000000, -0.000000000000000000, 1.000000000000000000 ) ) ;
#3542 = DIRECTION ( 'NONE',  ( 0.3351150656056154364, -0.9421772088116672217, 0.000000000000000000 ) ) ;
#3543 = CARTESIAN_POINT ( 'NONE',  ( -0.9001208017744857237, 23.68297455179781608, -1.559054961623037361 ) ) ;
#3544 = DIRECTION ( 'NONE',  ( 0.7071067811865413555, 0.7071067811865536790, 0.000000000000000000 ) ) ;
#3545 = CARTESIAN_POINT ( 'NONE',  ( 9.374663227676071742, 3.334394902775866143, 0.000000000000000000 ) ) ;
#3546 = ORIENTED_EDGE ( 'NONE', *, *, #1352, .F. ) ;
#3547 = PLANE ( 'NONE',  #5395 ) ;
#3548 = VERTEX_POINT ( 'NONE', #502 ) ;
#3549 = ADVANCED_FACE ( 'NONE', ( #2139 ), #558, .T. ) ;
#3550 = CARTESIAN_POINT ( 'NONE',  ( -2.319298998660988875, 24.05262592974428415, -1.339047901208151092 ) ) ;
#3551 = PRODUCT ( 'motor lower part_Varsay考an', 'motor lower part_Varsay考an', '', ( #1342 ) ) ;
#3552 = ORIENTED_EDGE ( 'NONE', *, *, #1514, .T. ) ;
#3553 = CARTESIAN_POINT ( 'NONE',  ( -0.9001208017744819490, 17.28297455179785302, 1.559054961623039581 ) ) ;
#3554 = AXIS2_PLACEMENT_3D ( 'NONE', #1494, #5413, #4528 ) ;
#3555 = ORIENTED_EDGE ( 'NONE', *, *, #2391, .F. ) ;
#3556 = DIRECTION ( 'NONE',  ( -0.000000000000000000, -1.000000000000000000, -0.000000000000000000 ) ) ;
#3557 = CARTESIAN_POINT ( 'NONE',  ( 1.159649499330495992, 19.50262592974431186, 2.008571851812227749 ) ) ;
#3558 = CARTESIAN_POINT ( 'NONE',  ( 0.9001208017744838363, 23.98297455179781323, 1.559054961623038471 ) ) ;
#3559 = FACE_OUTER_BOUND ( 'NONE', #1273, .T. ) ;
#3560 = CARTESIAN_POINT ( 'NONE',  ( -1.800241603548966340, 24.93297455179781252, -1.039369974415358833 ) ) ;
#3561 = ORIENTED_EDGE ( 'NONE', *, *, #840, .F. ) ;
#3562 = CARTESIAN_POINT ( 'NONE',  ( -1.159649499330045463, 16.20262592974431115, -2.008571851812487541 ) ) ;
#3563 = CIRCLE ( 'NONE', #1189, 13.94999999999999929 ) ;
#3564 = DIRECTION ( 'NONE',  ( 0.000000000000000000, -0.000000000000000000, 1.000000000000000000 ) ) ;
#3565 = DIRECTION ( 'NONE',  ( -0.000000000000000000, -0.000000000000000000, 1.000000000000000000 ) ) ;
#3566 = CARTESIAN_POINT ( 'NONE',  ( -0.9001208017744782852, 23.28297455179781750, 1.559054961623041358 ) ) ;
#3567 = EDGE_CURVE ( 'NONE', #4256, #3311, #1330, .T. ) ;
#3568 = DIRECTION ( 'NONE',  ( -1.000000000000000000, 0.000000000000000000, 0.000000000000000000 ) ) ;
#3569 = EDGE_CURVE ( 'NONE', #4980, #967, #4042, .T. ) ;
#3570 = CARTESIAN_POINT ( 'NONE',  ( 5.656854249492450748, 5.656854249492308639, -1.224646799147351420E-17 ) ) ;
#3571 = CARTESIAN_POINT ( 'NONE',  ( 3.334394902775964287, -9.374663227676037991, 3.600000000000000089 ) ) ;
#3572 = ORIENTED_EDGE ( 'NONE', *, *, #2790, .F. ) ;
#3573 = DIRECTION ( 'NONE',  ( -0.000000000000000000, -0.000000000000000000, -1.000000000000000000 ) ) ;
#3574 = ORIENTED_EDGE ( 'NONE', *, *, #3569, .T. ) ;
#3575 = CARTESIAN_POINT ( 'NONE',  ( -1.159649499330494660, 21.00262592974430120, -2.008571851812227305 ) ) ;
#3576 = ORIENTED_EDGE ( 'NONE', *, *, #5296, .F. ) ;
#3577 = DIRECTION ( 'NONE',  ( -0.000000000000000000, -0.000000000000000000, -1.000000000000000000 ) ) ;
#3578 = ORIENTED_EDGE ( 'NONE', *, *, #2726, .T. ) ;
#3579 = DIRECTION ( 'NONE',  ( 1.000000000000000000, 0.000000000000000000, 0.000000000000000000 ) ) ;
#3580 = CARTESIAN_POINT ( 'NONE',  ( 2.319298998660989319, 20.25262592974430831, -1.339047901208152647 ) ) ;
#3581 = CARTESIAN_POINT ( 'NONE',  ( -1.800241603548965674, 22.63297455179781892, 1.039369974415360165 ) ) ;
#3582 = AXIS2_PLACEMENT_3D ( 'NONE', #4311, #490, #3521 ) ;
#3583 = DIRECTION ( 'NONE',  ( -0.000000000000000000, -0.000000000000000000, -1.000000000000000000 ) ) ;
#3584 = CARTESIAN_POINT ( 'NONE',  ( 1.800241603548966784, 24.63297455179780826, 1.039369974415358611 ) ) ;
#3585 = VECTOR ( 'NONE', #110, 1000.000000000000000 ) ;
#3586 = ORIENTED_EDGE ( 'NONE', *, *, #937, .F. ) ;
#3587 = VERTEX_POINT ( 'NONE', #4217 ) ;
#3588 = CARTESIAN_POINT ( 'NONE',  ( 1.529377338287052856E-14, 16.45262592974433247, 2.678095802416303517 ) ) ;
#3589 = ADVANCED_FACE ( 'NONE', ( #40 ), #1723, .T. ) ;
#3590 = CIRCLE ( 'NONE', #2189, 4.000000000000000000 ) ;
#3591 = FACE_OUTER_BOUND ( 'NONE', #2798, .T. ) ;
#3592 = EDGE_CURVE ( 'NONE', #283, #3826, #3178, .T. ) ;
#3593 = ORIENTED_EDGE ( 'NONE', *, *, #2465, .F. ) ;
#3594 = CARTESIAN_POINT ( 'NONE',  ( -10.73583981544116206, 5.248260993623373061, 1.300000000000000044 ) ) ;
#3595 = CARTESIAN_POINT ( 'NONE',  ( 1.800241603548966118, 23.48297455179781679, -4.300201543776149812E-15 ) ) ;
#3596 = DIRECTION ( 'NONE',  ( -0.000000000000000000, -0.000000000000000000, -1.000000000000000000 ) ) ;
#3597 = ADVANCED_FACE ( 'NONE', ( #4295 ), #2631, .F. ) ;
#3598 = CARTESIAN_POINT ( 'NONE',  ( 0.000000000000000000, 0.000000000000000000, 6.000000000000000000 ) ) ;
#3599 = PRESENTATION_LAYER_ASSIGNMENT (  '', '', ( #4997 ) ) ;
#3600 = CARTESIAN_POINT ( 'NONE',  ( 5.292112052865293848, -10.71429185807060591, 6.000000000000000000 ) ) ;
#3601 = EDGE_CURVE ( 'NONE', #1601, #5392, #4676, .T. ) ;
#3602 = VERTEX_POINT ( 'NONE', #3483 ) ;
#3603 = VECTOR ( 'NONE', #2836, 1000.000000000000000 ) ;
#3604 = LINE ( 'NONE', #1541, #399 ) ;
#3605 = VERTEX_POINT ( 'NONE', #153 ) ;
#3606 = AXIS2_PLACEMENT_3D ( 'NONE', #3753, #2880, #4513 ) ;
#3607 = CARTESIAN_POINT ( 'NONE',  ( -1.159649499330494660, 19.80262592974430902, -2.008571851812227305 ) ) ;
#3608 = AXIS2_PLACEMENT_3D ( 'NONE', #1012, #4361, #2276 ) ;
#3609 = ORIENTED_EDGE ( 'NONE', *, *, #53, .F. ) ;
#3610 = FACE_OUTER_BOUND ( 'NONE', #5001, .T. ) ;
#3611 = VERTEX_POINT ( 'NONE', #5037 ) ;
#3612 = LINE ( 'NONE', #4011, #828 ) ;
#3613 = VECTOR ( 'NONE', #2048, 1000.000000000000000 ) ;
#3614 = CARTESIAN_POINT ( 'NONE',  ( 2.319298998660989763, 19.00262592974431541, -2.840322094975842506E-16 ) ) ;
#3615 = CARTESIAN_POINT ( 'NONE',  ( -1.800241603548966118, 20.18297455179783739, 0.000000000000000000 ) ) ;
#3616 = VECTOR ( 'NONE', #1204, 1000.000000000000114 ) ;
#3617 = DIRECTION ( 'NONE',  ( 0.000000000000000000, 0.000000000000000000, 1.000000000000000000 ) ) ;
#3618 = CARTESIAN_POINT ( 'NONE',  ( 1.800241603548965674, 22.33297455179782531, -1.039369974415359499 ) ) ;
#3619 = ORIENTED_EDGE ( 'NONE', *, *, #1532, .T. ) ;
#3620 = ORIENTED_EDGE ( 'NONE', *, *, #5070, .T. ) ;
#3621 = EDGE_CURVE ( 'NONE', #1326, #3799, #714, .T. ) ;
#3622 = DIRECTION ( 'NONE',  ( 0.000000000000000000, 0.000000000000000000, 1.000000000000000000 ) ) ;
#3623 = CARTESIAN_POINT ( 'NONE',  ( 4.271114692723228856, 8.986661186536601065, 3.600000000000000089 ) ) ;
#3624 = VERTEX_POINT ( 'NONE', #869 ) ;
#3625 = CARTESIAN_POINT ( 'NONE',  ( 0.000000000000000000, 0.000000000000000000, 3.600000000000000089 ) ) ;
#3626 = CARTESIAN_POINT ( 'NONE',  ( 1.800241603548962122, 22.93297455179781963, -1.039369974415366160 ) ) ;
#3627 = CARTESIAN_POINT ( 'NONE',  ( -2.319298998660989319, 16.30262592974431968, -2.636766400910197481E-13 ) ) ;
#3628 = ADVANCED_FACE ( 'NONE', ( #4266 ), #2190, .F. ) ;
#3629 = DIRECTION ( 'NONE',  ( 1.000000000000000000, 0.000000000000000000, 0.000000000000000000 ) ) ;
#3630 = VERTEX_POINT ( 'NONE', #5114 ) ;
#3631 = CARTESIAN_POINT ( 'NONE',  ( -3.334394902775769332, -9.374663227676105492, 3.600000000000000089 ) ) ;
#3632 = ORIENTED_EDGE ( 'NONE', *, *, #2671, .F. ) ;
#3633 = CARTESIAN_POINT ( 'NONE',  ( -2.319298998660987987, 19.95262592974431470, 1.339047901208152647 ) ) ;
#3634 = VERTEX_POINT ( 'NONE', #1364 ) ;
#3635 = DIRECTION ( 'NONE',  ( 3.491481338843133355E-15, -1.000000000000000000, 0.000000000000000000 ) ) ;
#3636 = VERTEX_POINT ( 'NONE', #2794 ) ;
#3637 = CARTESIAN_POINT ( 'NONE',  ( 2.399999999999690381, 15.90903842913882293, 1.385640646055638747 ) ) ;
#3638 = CARTESIAN_POINT ( 'NONE',  ( -2.319298998660989763, 18.65262592974432110, -1.339047901208151536 ) ) ;
#3639 = CARTESIAN_POINT ( 'NONE',  ( -0.9001208017744819490, 22.08297455179782531, 1.559054961623039581 ) ) ;
#3640 = AXIS2_PLACEMENT_3D ( 'NONE', #4477, #3577, #2429 ) ;
#3641 = CARTESIAN_POINT ( 'NONE',  ( 0.000000000000000000, 0.000000000000000000, 6.000000000000000000 ) ) ;
#3642 = CARTESIAN_POINT ( 'NONE',  ( 1.800241603548966118, 24.08297455179781110, -2.204660117478139918E-16 ) ) ;
#3643 = EDGE_LOOP ( 'NONE', ( #5211, #365, #3120, #739 ) ) ;
#3644 = VECTOR ( 'NONE', #1417, 1000.000000000000000 ) ;
#3645 = LINE ( 'NONE', #4596, #912 ) ;
#3646 = DIRECTION ( 'NONE',  ( 1.000000000000000000, -3.552713678800500929E-15, 0.000000000000000000 ) ) ;
#3647 = CARTESIAN_POINT ( 'NONE',  ( -5.584826326173171006E-16, -1.175078301326734735E-15, -6.218749999999967137 ) ) ;
#3648 = EDGE_LOOP ( 'NONE', ( #561, #2126, #2797, #1271 ) ) ;
#3649 = CARTESIAN_POINT ( 'NONE',  ( -9.374663227676069965, 3.334394902775867475, 0.5000000000000000000 ) ) ;
#3650 = AXIS2_PLACEMENT_3D ( 'NONE', #2863, #4634, #4199 ) ;
#3651 = CARTESIAN_POINT ( 'NONE',  ( -0.9001208017744832812, 24.88297455179780826, -1.559054961623038693 ) ) ;
#3652 = CARTESIAN_POINT ( 'NONE',  ( -4.271114692723288364, 8.986661186536567314, 0.000000000000000000 ) ) ;
#3653 = DIRECTION ( 'NONE',  ( 0.000000000000000000, 0.000000000000000000, 1.000000000000000000 ) ) ;
#3654 = CIRCLE ( 'NONE', #5310, 6.080456575636104866 ) ;
#3655 = DIRECTION ( 'NONE',  ( -0.000000000000000000, -0.000000000000000000, -1.000000000000000000 ) ) ;
#3656 = VERTEX_POINT ( 'NONE', #4842 ) ;
#3657 = CARTESIAN_POINT ( 'NONE',  ( 6.972266317189437950E-16, 24.93465206644485832, -1.965347933555152471 ) ) ;
#3658 = EDGE_LOOP ( 'NONE', ( #4616, #2050, #3283, #344 ) ) ;
#3659 = CARTESIAN_POINT ( 'NONE',  ( 2.319298998660988431, 19.65262592974431044, -1.339047901208152425 ) ) ;
#3660 = ORIENTED_EDGE ( 'NONE', *, *, #2894, .F. ) ;
#3661 =( GEOMETRIC_REPRESENTATION_CONTEXT ( 3 ) GLOBAL_UNCERTAINTY_ASSIGNED_CONTEXT ( ( #3409 ) ) GLOBAL_UNIT_ASSIGNED_CONTEXT ( ( #1202, #2062, #2972 ) ) REPRESENTATION_CONTEXT ( 'NONE', 'WORKASPACE' ) );
#3662 = CARTESIAN_POINT ( 'NONE',  ( -2.058653400933606825, 24.80112634951339956, -0.4719266795751379528 ) ) ;
#3663 = ORIENTED_EDGE ( 'NONE', *, *, #5126, .T. ) ;
#3664 = CARTESIAN_POINT ( 'NONE',  ( -1.272861112297636013E-16, 21.83297455179782531, -2.078739948830717665 ) ) ;
#3665 = ADVANCED_FACE ( 'NONE', ( #3559 ), #3153, .F. ) ;
#3666 = DIRECTION ( 'NONE',  ( -0.000000000000000000, -0.000000000000000000, -1.000000000000000000 ) ) ;
#3667 = CARTESIAN_POINT ( 'NONE',  ( -1.272861112297636013E-16, 24.23297455179781323, -2.078739948830717665 ) ) ;
#3668 = ORIENTED_EDGE ( 'NONE', *, *, #3509, .F. ) ;
#3669 = EDGE_CURVE ( 'NONE', #1556, #1822, #888, .T. ) ;
#3670 = DIRECTION ( 'NONE',  ( -0.000000000000000000, -0.000000000000000000, 1.000000000000000000 ) ) ;
#3671 = CIRCLE ( 'NONE', #4278, 13.94999999999999929 ) ;
#3672 = FACE_OUTER_BOUND ( 'NONE', #2921, .T. ) ;
#3673 = LINE ( 'NONE', #5340, #4737 ) ;
#3674 = ORIENTED_EDGE ( 'NONE', *, *, #848, .F. ) ;
#3675 = DIRECTION ( 'NONE',  ( 0.000000000000000000, -0.000000000000000000, -1.000000000000000000 ) ) ;
#3676 = CARTESIAN_POINT ( 'NONE',  ( 6.620164483724535627E-15, 21.53297455179782816, 2.078739948830718109 ) ) ;
#3677 = LINE ( 'NONE', #3299, #4113 ) ;
#3678 = CARTESIAN_POINT ( 'NONE',  ( -1.268667587095470672, 24.71326089231730094, 1.800724735044116676 ) ) ;
#3679 = VECTOR ( 'NONE', #710, 1000.000000000000114 ) ;
#3680 = DIRECTION ( 'NONE',  ( 0.000000000000000000, 1.000000000000000000, 0.000000000000000000 ) ) ;
#3681 = CARTESIAN_POINT ( 'NONE',  ( -2.319298998660996425, 20.45262592974430760, -1.339047901208138436 ) ) ;
#3682 = CYLINDRICAL_SURFACE ( 'NONE', #105, 11.95000000000001350 ) ;
#3683 = CARTESIAN_POINT ( 'NONE',  ( 0.000000000000000000, 0.000000000000000000, 10.59999999999999964 ) ) ;
#3684 = ORIENTED_EDGE ( 'NONE', *, *, #4702, .T. ) ;
#3685 = DIRECTION ( 'NONE',  ( -0.000000000000000000, 0.000000000000000000, -1.000000000000000000 ) ) ;
#3686 = CARTESIAN_POINT ( 'NONE',  ( -1.159649499330492883, 21.80262592974429836, 2.008571851812228193 ) ) ;
#3687 = AXIS2_PLACEMENT_3D ( 'NONE', #2920, #2449, #2948 ) ;
#3688 = VERTEX_POINT ( 'NONE', #5222 ) ;
#3689 = DIRECTION ( 'NONE',  ( 0.7071067811865512365, -0.7071067811865437980, 0.000000000000000000 ) ) ;
#3690 = ORIENTED_EDGE ( 'NONE', *, *, #1343, .T. ) ;
#3691 = CARTESIAN_POINT ( 'NONE',  ( -1.272861112297636013E-16, 19.43297455179783739, -2.078739948830717665 ) ) ;
#3692 = AXIS2_PLACEMENT_3D ( 'NONE', #322, #3542, #5204 ) ;
#3693 = EDGE_CURVE ( 'NONE', #1152, #2763, #2654, .T. ) ;
#3694 = DIRECTION ( 'NONE',  ( 1.000000000000000000, 0.000000000000000000, 0.000000000000000000 ) ) ;
#3695 = EDGE_CURVE ( 'NONE', #259, #2782, #4014, .T. ) ;
#3696 = CARTESIAN_POINT ( 'NONE',  ( 0.9001208017744826151, 21.78297455179782460, -1.559054961623038915 ) ) ;
#3697 = AXIS2_PLACEMENT_3D ( 'NONE', #4732, #4703, #975 ) ;
#3698 = ORIENTED_EDGE ( 'NONE', *, *, #620, .F. ) ;
#3699 = DIRECTION ( 'NONE',  ( -0.000000000000000000, -0.000000000000000000, 1.000000000000000000 ) ) ;
#3700 = CARTESIAN_POINT ( 'NONE',  ( 0.000000000000000000, 0.000000000000000000, 1.300000000000000044 ) ) ;
#3701 = VECTOR ( 'NONE', #3791, 999.9999999999998863 ) ;
#3702 = ADVANCED_FACE ( 'NONE', ( #1110, #1474 ), #1829, .F. ) ;
#3703 = FACE_OUTER_BOUND ( 'NONE', #1154, .T. ) ;
#3704 = VERTEX_POINT ( 'NONE', #2686 ) ;
#3705 = FACE_OUTER_BOUND ( 'NONE', #3040, .T. ) ;
#3706 = CARTESIAN_POINT ( 'NONE',  ( -0.9001208017744716239, 21.48297455179782744, 1.559054961623045354 ) ) ;
#3707 = LINE ( 'NONE', #3787, #3336 ) ;
#3708 = CARTESIAN_POINT ( 'NONE',  ( -1.820996914401484146, 24.61742764330432465, -1.382703004278755365 ) ) ;
#3709 = CARTESIAN_POINT ( 'NONE',  ( 1.159649499330485112, 18.50262592974431897, -2.008571851812232634 ) ) ;
#3710 = DIRECTION ( 'NONE',  ( -0.000000000000000000, -0.000000000000000000, -1.000000000000000000 ) ) ;
#3711 = DIRECTION ( 'NONE',  ( -1.000000000000000000, 0.000000000000000000, 0.000000000000000000 ) ) ;
#3712 = ORIENTED_EDGE ( 'NONE', *, *, #4532, .F. ) ;
#3713 = DIRECTION ( 'NONE',  ( -1.000000000000000000, 0.000000000000000000, 0.000000000000000000 ) ) ;
#3714 = CARTESIAN_POINT ( 'NONE',  ( -2.319298998660988875, 16.30262592974433034, 0.000000000000000000 ) ) ;
#3715 = EDGE_CURVE ( 'NONE', #3497, #3296, #1149, .T. ) ;
#3716 = VERTEX_POINT ( 'NONE', #1906 ) ;
#3717 = CARTESIAN_POINT ( 'NONE',  ( 9.007820706583331116, -3.278135129845508366, 0.000000000000000000 ) ) ;
#3718 = VERTEX_POINT ( 'NONE', #1881 ) ;
#3719 = CARTESIAN_POINT ( 'NONE',  ( 1.800241603548966118, 19.28297455179784237, -2.204660117478139918E-16 ) ) ;
#3720 = VECTOR ( 'NONE', #1135, 999.9999999999998863 ) ;
#3721 = CARTESIAN_POINT ( 'NONE',  ( -4.674855165198381179, 13.14337206292274196, 3.600000000000000089 ) ) ;
#3722 = CARTESIAN_POINT ( 'NONE',  ( -1.272861112297636013E-16, 20.03297455179783881, -2.078739948830717665 ) ) ;
#3723 = ORIENTED_EDGE ( 'NONE', *, *, #984, .T. ) ;
#3724 = VERTEX_POINT ( 'NONE', #3101 ) ;
#3725 = CARTESIAN_POINT ( 'NONE',  ( -2.319298998660988875, 16.90262592974432820, 2.311850455225577264E-14 ) ) ;
#3726 = AXIS2_PLACEMENT_3D ( 'NONE', #3700, #5365, #1668 ) ;
#3727 = CARTESIAN_POINT ( 'NONE',  ( 10.73583981544116206, -5.248260993623373061, 6.000000000000000000 ) ) ;
#3728 = EDGE_LOOP ( 'NONE', ( #5414, #3228, #2371, #2270 ) ) ;
#3729 = CARTESIAN_POINT ( 'NONE',  ( 0.000000000000000000, 0.000000000000000000, -6.218749999999967137 ) ) ;
#3730 = CARTESIAN_POINT ( 'NONE',  ( 7.638453373562644437E-15, 20.33297455179783597, 2.078739948830718109 ) ) ;
#3731 = VECTOR ( 'NONE', #1272, 1000.000000000000000 ) ;
#3732 = PLANE ( 'NONE',  #1748 ) ;
#3733 = CARTESIAN_POINT ( 'NONE',  ( -2.089376114454144062, 24.67662006644248507, 0.7717393337823981181 ) ) ;
#3734 = CARTESIAN_POINT ( 'NONE',  ( 2.319298998660977773, 19.05262592974431257, -1.339047901208171298 ) ) ;
#3735 = CIRCLE ( 'NONE', #4169, 1.600000000000000755 ) ;
#3736 = CARTESIAN_POINT ( 'NONE',  ( -4.271114692723289252, 8.986661186536569090, 3.600000000000000089 ) ) ;
#3737 = DIRECTION ( 'NONE',  ( -0.000000000000000000, -0.000000000000000000, -1.000000000000000000 ) ) ;
#3738 = ORIENTED_EDGE ( 'NONE', *, *, #2061, .F. ) ;
#3739 = CARTESIAN_POINT ( 'NONE',  ( -12.50747877992344215, -6.177821183051905862, 1.300000000000000044 ) ) ;
#3740 = DIRECTION ( 'NONE',  ( 0.000000000000000000, 0.000000000000000000, -1.000000000000000000 ) ) ;
#3741 = EDGE_CURVE ( 'NONE', #872, #3636, #3003, .T. ) ;
#3742 = CARTESIAN_POINT ( 'NONE',  ( 1.159649499330493994, 16.10262592974433105, -2.008571851812227305 ) ) ;
#3743 = AXIS2_PLACEMENT_3D ( 'NONE', #3467, #3442, #4712 ) ;
#3744 = ORIENTED_EDGE ( 'NONE', *, *, #1089, .F. ) ;
#3745 = CARTESIAN_POINT ( 'NONE',  ( -6.717514421272188230, 6.717514421272207770, 0.000000000000000000 ) ) ;
#3746 = ORIENTED_EDGE ( 'NONE', *, *, #3006, .T. ) ;
#3747 = CARTESIAN_POINT ( 'NONE',  ( -1.272861112297636013E-16, 17.03297455179785658, -2.078739948830717665 ) ) ;
#3748 = DIRECTION ( 'NONE',  ( 0.000000000000000000, 0.000000000000000000, -1.000000000000000000 ) ) ;
#3749 = CARTESIAN_POINT ( 'NONE',  ( 1.800241603548966784, 20.43297455179783739, 1.039369974415358611 ) ) ;
#3750 = VERTEX_POINT ( 'NONE', #2714 ) ;
#3751 = ORIENTED_EDGE ( 'NONE', *, *, #4747, .F. ) ;
#3752 = FACE_OUTER_BOUND ( 'NONE', #5189, .T. ) ;
#3753 = CARTESIAN_POINT ( 'NONE',  ( 0.000000000000000000, 0.000000000000000000, 0.000000000000000000 ) ) ;
#3754 = ORIENTED_EDGE ( 'NONE', *, *, #2939, .F. ) ;
#3755 = DIRECTION ( 'NONE',  ( 0.000000000000000000, 0.000000000000000000, -1.000000000000000000 ) ) ;
#3756 = STYLED_ITEM ( 'NONE', ( #4224 ), #2929 ) ;
#3757 = CARTESIAN_POINT ( 'NONE',  ( 0.9001208017744934953, 20.38297455179783313, 1.559054961623032698 ) ) ;
#3758 = LINE ( 'NONE', #2035, #4989 ) ;
#3759 = DIRECTION ( 'NONE',  ( -0.000000000000000000, -0.000000000000000000, -1.000000000000000000 ) ) ;
#3760 = EDGE_CURVE ( 'NONE', #1990, #3473, #2037, .T. ) ;
#3761 = CARTESIAN_POINT ( 'NONE',  ( -2.319298998660988875, 19.30262592974431257, 2.084624687627510100E-14 ) ) ;
#3762 = CARTESIAN_POINT ( 'NONE',  ( 12.53263308999197179, -6.126631034397157727, 1.300000000000000044 ) ) ;
#3763 = CARTESIAN_POINT ( 'NONE',  ( -0.6430780618344065225, 16.13583334838194361, -2.400000000000000355 ) ) ;
#3764 = EDGE_CURVE ( 'NONE', #303, #2280, #669, .T. ) ;
#3765 = CARTESIAN_POINT ( 'NONE',  ( -1.523879705532543261, 24.98845157544954532, -1.167696148760069441 ) ) ;
#3766 = CIRCLE ( 'NONE', #4807, 1.050000000000000488 ) ;
#3767 = CARTESIAN_POINT ( 'NONE',  ( -5.988145724973869655, 12.59938930172717342, 3.600000000000000089 ) ) ;
#3768 = CARTESIAN_POINT ( 'NONE',  ( 4.919582178358630883E-16, 18.25262592974432252, 2.678095802416302629 ) ) ;
#3769 = CONICAL_SURFACE ( 'NONE', #1402, 11.95000000000000995, 0.7853981633974469467 ) ;
#3770 = EDGE_CURVE ( 'NONE', #4755, #3066, #698, .T. ) ;
#3771 = ORIENTED_EDGE ( 'NONE', *, *, #3939, .F. ) ;
#3772 = DIRECTION ( 'NONE',  ( -0.3351150656056121613, -0.9421772088116683319, 0.000000000000000000 ) ) ;
#3773 = ORIENTED_EDGE ( 'NONE', *, *, #2702, .T. ) ;
#3774 = CARTESIAN_POINT ( 'NONE',  ( 1.800241603548966784, 16.83297455179785729, 1.039369974415358611 ) ) ;
#3775 = DIRECTION ( 'NONE',  ( 1.000000000000000000, 0.000000000000000000, 0.000000000000000000 ) ) ;
#3776 = CARTESIAN_POINT ( 'NONE',  ( 3.818583336892907545E-16, 19.13297455179784379, 2.078739948830717665 ) ) ;
#3777 = ORIENTED_EDGE ( 'NONE', *, *, #4971, .F. ) ;
#3778 = DIRECTION ( 'NONE',  ( 0.000000000000000000, 0.000000000000000000, 1.000000000000000000 ) ) ;
#3779 = FACE_OUTER_BOUND ( 'NONE', #2516, .T. ) ;
#3780 = AXIS2_PLACEMENT_3D ( 'NONE', #1225, #5012, #4107 ) ;
#3781 = AXIS2_PLACEMENT_3D ( 'NONE', #2328, #1562, #2775 ) ;
#3782 = CARTESIAN_POINT ( 'NONE',  ( 9.374663227676069965, 3.334394902775867031, 3.600000000000000089 ) ) ;
#3783 = VERTEX_POINT ( 'NONE', #4046 ) ;
#3784 = CARTESIAN_POINT ( 'NONE',  ( 0.000000000000000000, 0.000000000000000000, 1.300000000000000044 ) ) ;
#3785 = ADVANCED_FACE ( 'NONE', ( #4378 ), #3511, .F. ) ;
#3786 = CARTESIAN_POINT ( 'NONE',  ( 0.9001208017744770640, 21.18297455179783029, -1.559054961623042246 ) ) ;
#3787 = CARTESIAN_POINT ( 'NONE',  ( -6.125352388204457377, 12.53325808081513948, 1.300000000000000044 ) ) ;
#3788 = CARTESIAN_POINT ( 'NONE',  ( -0.2648387700084250951, 24.74136923646216957, 2.158630763537826347 ) ) ;
#3789 = VECTOR ( 'NONE', #4533, 1000.000000000000000 ) ;
#3790 = CARTESIAN_POINT ( 'NONE',  ( 2.319298998660976441, 17.85262592974432394, -1.339047901208172409 ) ) ;
#3791 = DIRECTION ( 'NONE',  ( 0.4292577580626430467, -0.9031820287976468631, 0.000000000000000000 ) ) ;
#3792 = CARTESIAN_POINT ( 'NONE',  ( -1.159649499330493327, 15.80262592974433744, 2.008571851812229081 ) ) ;
#3793 = CYLINDRICAL_SURFACE ( 'NONE', #1101, 1.599999999999998979 ) ;
#3794 = CARTESIAN_POINT ( 'NONE',  ( -4.000000000000000000, 0.000000000000000000, 6.000000000000000000 ) ) ;
#3795 = EDGE_CURVE ( 'NONE', #3380, #1436, #5170, .T. ) ;
#3796 = CARTESIAN_POINT ( 'NONE',  ( -1.159649499330494660, 16.80262592974433034, -2.008571851812227305 ) ) ;
#3797 = EDGE_LOOP ( 'NONE', ( #4472, #576, #1379, #4023 ) ) ;
#3798 = DIRECTION ( 'NONE',  ( -1.000000000000000000, 0.000000000000000000, 0.000000000000000000 ) ) ;
#3799 = VERTEX_POINT ( 'NONE', #1422 ) ;
#3800 = CARTESIAN_POINT ( 'NONE',  ( -0.9001208017744819490, 17.88297455179785089, 1.559054961623039581 ) ) ;
#3801 = CARTESIAN_POINT ( 'NONE',  ( 2.767075332439473012, -8.090586884989679817, 6.000000000000000000 ) ) ;
#3802 = CARTESIAN_POINT ( 'NONE',  ( 3.818583336892907545E-16, 20.33297455179783597, 2.078739948830717665 ) ) ;
#3803 = EDGE_CURVE ( 'NONE', #1963, #2581, #2207, .T. ) ;
#3804 = ORIENTED_EDGE ( 'NONE', *, *, #474, .F. ) ;
#3805 = CARTESIAN_POINT ( 'NONE',  ( 3.278135129845476392, 9.007820706583343551, 0.000000000000000000 ) ) ;
#3806 = CARTESIAN_POINT ( 'NONE',  ( 1.159649499330495992, 22.50262592974429410, 2.008571851812227749 ) ) ;
#3807 = CARTESIAN_POINT ( 'NONE',  ( 0.000000000000000000, 0.000000000000000000, 6.000000000000000000 ) ) ;
#3808 = CARTESIAN_POINT ( 'NONE',  ( -2.319298998660991096, 21.65262592974429978, -1.339047901208147762 ) ) ;
#3809 = ORIENTED_EDGE ( 'NONE', *, *, #170, .F. ) ;
#3810 = CARTESIAN_POINT ( 'NONE',  ( 1.800241603548976776, 18.63297455179784734, 1.039369974415340625 ) ) ;
#3811 = FACE_OUTER_BOUND ( 'NONE', #824, .T. ) ;
#3812 = AXIS2_PLACEMENT_3D ( 'NONE', #4187, #1254, #728 ) ;
#3813 =( LENGTH_UNIT ( ) NAMED_UNIT ( * ) SI_UNIT ( .MILLI., .METRE. ) );
#3814 = DIRECTION ( 'NONE',  ( -0.000000000000000000, -0.000000000000000000, 1.000000000000000000 ) ) ;
#3815 = CARTESIAN_POINT ( 'NONE',  ( -9.007820706583331116, -3.278135129845508366, 0.000000000000000000 ) ) ;
#3816 = DIRECTION ( 'NONE',  ( -0.9421772088116672217, -0.3351150656056154364, 0.000000000000000000 ) ) ;
#3817 = CARTESIAN_POINT ( 'NONE',  ( 5.988145724973956696, -12.59938930172713434, 2.500000000000012434 ) ) ;
#3818 = CARTESIAN_POINT ( 'NONE',  ( 4.919582178358630883E-16, 17.65262592974432465, 2.678095802416302629 ) ) ;
#3819 = ORIENTED_EDGE ( 'NONE', *, *, #670, .T. ) ;
#3820 = CARTESIAN_POINT ( 'NONE',  ( 2.939152317953647106E-16, 0.000000000000000000, 2.399999999999999911 ) ) ;
#3821 = ORIENTED_EDGE ( 'NONE', *, *, #4303, .F. ) ;
#3822 = AXIS2_PLACEMENT_3D ( 'NONE', #3306, #4967, #798 ) ;
#3823 = CARTESIAN_POINT ( 'NONE',  ( 1.800241603548965674, 16.33297455179786084, -1.039369974415359499 ) ) ;
#3824 = CARTESIAN_POINT ( 'NONE',  ( 9.374663227676069965, -3.334394902775867031, 3.600000000000000089 ) ) ;
#3825 = CARTESIAN_POINT ( 'NONE',  ( 0.9001208017744838363, 18.58297455179784663, 1.559054961623038471 ) ) ;
#3826 = VERTEX_POINT ( 'NONE', #1083 ) ;
#3827 = DIRECTION ( 'NONE',  ( 1.000000000000000000, 0.000000000000000000, 0.000000000000000000 ) ) ;
#3828 = CARTESIAN_POINT ( 'NONE',  ( -2.319298998660989763, 22.85262592974429197, -1.339047901208151536 ) ) ;
#3829 = MECHANICAL_DESIGN_GEOMETRIC_PRESENTATION_REPRESENTATION (  '', ( #1730 ), #4792 ) ;
#3830 = LINE ( 'NONE', #946, #5008 ) ;
#3831 = ADVANCED_FACE ( 'NONE', ( #3182 ), #2347, .F. ) ;
#3832 = CARTESIAN_POINT ( 'NONE',  ( 2.319298998660986655, 23.85262592974428841, -1.339047901208154423 ) ) ;
#3833 = ORIENTED_EDGE ( 'NONE', *, *, #2362, .F. ) ;
#3834 = UNCERTAINTY_MEASURE_WITH_UNIT (LENGTH_MEASURE( 1.000000000000000082E-05 ), #5071, 'distance_accuracy_value', 'NONE');
#3835 = CARTESIAN_POINT ( 'NONE',  ( -0.9001208017744808387, 18.48297455179784521, 1.559054961623040025 ) ) ;
#3836 = DIRECTION ( 'NONE',  ( -0.000000000000000000, -0.000000000000000000, -1.000000000000000000 ) ) ;
#3837 = DIRECTION ( 'NONE',  ( 1.000000000000000000, 0.000000000000000000, 0.000000000000000000 ) ) ;
#3838 = CARTESIAN_POINT ( 'NONE',  ( 1.556225398887097766, 24.88315793913939800, -1.289899807472765003 ) ) ;
#3839 = CARTESIAN_POINT ( 'NONE',  ( -10.71429185807062545, -5.292112052865256544, 6.000000000000000000 ) ) ;
#3840 = CARTESIAN_POINT ( 'NONE',  ( -5.988145724973692907, -12.59938930172725691, 2.500000000000008882 ) ) ;
#3841 = FACE_OUTER_BOUND ( 'NONE', #1438, .T. ) ;
#3842 = CARTESIAN_POINT ( 'NONE',  ( 0.000000000000000000, 0.000000000000000000, 1.300000000000000044 ) ) ;
#3843 = CIRCLE ( 'NONE', #4715, 9.949999999999981526 ) ;
#3844 = ORIENTED_EDGE ( 'NONE', *, *, #848, .T. ) ;
#3845 = LINE ( 'NONE', #3448, #4257 ) ;
#3846 = ORIENTED_EDGE ( 'NONE', *, *, #1821, .T. ) ;
#3847 = CARTESIAN_POINT ( 'NONE',  ( 1.800241603548966118, 18.68297455179784450, -2.204660117478139918E-16 ) ) ;
#3848 = CIRCLE ( 'NONE', #695, 9.949999999999981526 ) ;
#3849 = CARTESIAN_POINT ( 'NONE',  ( -3.334394902775769332, -9.374663227676105492, 0.5000000000000000000 ) ) ;
#3850 = CARTESIAN_POINT ( 'NONE',  ( 0.9001208017744826151, 16.98297455179785587, -1.559054961623038915 ) ) ;
#3851 = ORIENTED_EDGE ( 'NONE', *, *, #856, .T. ) ;
#3852 = LINE ( 'NONE', #477, #1277 ) ;
#3853 = CARTESIAN_POINT ( 'NONE',  ( 1.159649499330494438, 24.50262592974428344, -2.008571851812228193 ) ) ;
#3854 = EDGE_CURVE ( 'NONE', #4284, #3313, #4922, .T. ) ;
#3855 = VECTOR ( 'NONE', #1065, 1000.000000000000114 ) ;
#3856 = ADVANCED_FACE ( 'NONE', ( #2462 ), #2406, .T. ) ;
#3857 = DIRECTION ( 'NONE',  ( -0.000000000000000000, -0.000000000000000000, -1.000000000000000000 ) ) ;
#3858 = CARTESIAN_POINT ( 'NONE',  ( 2.319298998660988875, 23.20262592974428983, -4.794120236149705453E-15 ) ) ;
#3859 = AXIS2_PLACEMENT_3D ( 'NONE', #1196, #3268, #4930 ) ;
#3860 = ORIENTED_EDGE ( 'NONE', *, *, #2016, .T. ) ;
#3861 = CARTESIAN_POINT ( 'NONE',  ( -1.578733789182117006E-14, 19.43297455179783739, -2.078739948830718109 ) ) ;
#3862 = DIRECTION ( 'NONE',  ( 0.000000000000000000, 0.000000000000000000, -1.000000000000000000 ) ) ;
#3863 = PRESENTATION_STYLE_ASSIGNMENT (( #508 ) ) ;
#3864 = CIRCLE ( 'NONE', #1850, 11.95000000000001350 ) ;
#3865 = EDGE_CURVE ( 'NONE', #3587, #2257, #1552, .T. ) ;
#3866 = DIRECTION ( 'NONE',  ( 1.000000000000000000, 0.000000000000000000, 0.000000000000000000 ) ) ;
#3867 = FACE_OUTER_BOUND ( 'NONE', #1214, .T. ) ;
#3868 = CARTESIAN_POINT ( 'NONE',  ( -1.804316483333882948, 24.99999999999999289, -0.5872828878590162782 ) ) ;
#3869 = AXIS2_PLACEMENT_3D ( 'NONE', #3938, #4815, #1058 ) ;
#3870 = CARTESIAN_POINT ( 'NONE',  ( 3.278135129845539897, -9.007820706583318682, 0.000000000000000000 ) ) ;
#3871 = CARTESIAN_POINT ( 'NONE',  ( 1.159649499330495548, 15.90262592974433353, 2.008571851812226861 ) ) ;
#3872 = CIRCLE ( 'NONE', #5271, 8.180456575636107175 ) ;
#3873 = ORIENTED_EDGE ( 'NONE', *, *, #5361, .T. ) ;
#3874 = DIRECTION ( 'NONE',  ( 0.4391850203868931102, 0.8983966372754098595, 0.000000000000000000 ) ) ;
#3875 = ORIENTED_EDGE ( 'NONE', *, *, #4659, .F. ) ;
#3876 = CARTESIAN_POINT ( 'NONE',  ( 1.159649499330493994, 23.30262592974428770, -2.008571851812227305 ) ) ;
#3877 = ADVANCED_FACE ( 'NONE', ( #2901, #4070, #3234, #3287, #4563, #4977, #315, #1633, #2435, #4951 ), #4895, .F. ) ;
#3878 = DIRECTION ( 'NONE',  ( -1.000000000000000000, 0.000000000000000000, 0.000000000000000000 ) ) ;
#3879 = ORIENTED_EDGE ( 'NONE', *, *, #1346, .F. ) ;
#3880 = CARTESIAN_POINT ( 'NONE',  ( 1.800241603548966118, 16.28297455179786368, -2.204660117478139918E-16 ) ) ;
#3881 = ORIENTED_EDGE ( 'NONE', *, *, #2701, .F. ) ;
#3882 = DIRECTION ( 'NONE',  ( 0.6339873161885805075, 0.3131454660569100157, 0.7071067811865485719 ) ) ;
#3883 = CARTESIAN_POINT ( 'NONE',  ( -2.319298998660989763, 23.45262592974428983, -1.339047901208151536 ) ) ;
#3884 = DIRECTION ( 'NONE',  ( -0.4391850203868931102, -0.8983966372754098595, 0.000000000000000000 ) ) ;
#3885 = CARTESIAN_POINT ( 'NONE',  ( -1.159649499330495104, 18.00262592974432252, -2.008571851812227749 ) ) ;
#3886 = CARTESIAN_POINT ( 'NONE',  ( 7.011647871244516275E-15, 21.85262592974429907, 2.678095802416302629 ) ) ;
#3887 = ORIENTED_EDGE ( 'NONE', *, *, #1724, .T. ) ;
#3888 = CARTESIAN_POINT ( 'NONE',  ( -1.800241603548973002, 18.93297455179784450, -1.039369974415347064 ) ) ;
#3889 = CARTESIAN_POINT ( 'NONE',  ( -5.248260993623338422, -10.73583981544117982, 1.300000000000000044 ) ) ;
#3890 = CARTESIAN_POINT ( 'NONE',  ( -6.126631034397114206, -12.53263308999199310, 1.300000000000000044 ) ) ;
#3891 = CARTESIAN_POINT ( 'NONE',  ( -4.674855165198382068, 13.14337206292274374, 2.500000000000014655 ) ) ;
#3892 = VECTOR ( 'NONE', #2186, 1000.000000000000000 ) ;
#3893 = FACE_OUTER_BOUND ( 'NONE', #3236, .T. ) ;
#3894 = AXIS2_PLACEMENT_3D ( 'NONE', #4811, #2344, #5192 ) ;
#3895 = CARTESIAN_POINT ( 'NONE',  ( 12.50747877992344037, 6.177821183051904974, 4.000000000000001776 ) ) ;
#3896 = EDGE_CURVE ( 'NONE', #4370, #468, #3345, .T. ) ;
#3897 = EDGE_CURVE ( 'NONE', #2307, #5102, #4127, .T. ) ;
#3898 = CIRCLE ( 'NONE', #212, 6.080456575636104866 ) ;
#3899 = VECTOR ( 'NONE', #3533, 1000.000000000000000 ) ;
#3900 = EDGE_CURVE ( 'NONE', #2518, #3311, #4917, .T. ) ;
#3901 = ORIENTED_EDGE ( 'NONE', *, *, #3275, .F. ) ;
#3902 = CARTESIAN_POINT ( 'NONE',  ( -8.986661186536553103, -4.271114692723321227, 0.5000000000000000000 ) ) ;
#3903 = ORIENTED_EDGE ( 'NONE', *, *, #106, .F. ) ;
#3904 = CARTESIAN_POINT ( 'NONE',  ( -2.319298998660988875, 24.10262592974428486, 0.000000000000000000 ) ) ;
#3905 = CIRCLE ( 'NONE', #3310, 13.94999999999999929 ) ;
#3906 = ORIENTED_EDGE ( 'NONE', *, *, #2800, .F. ) ;
#3907 = CARTESIAN_POINT ( 'NONE',  ( -0.9001208017744832812, 17.08297455179785729, -1.559054961623038693 ) ) ;
#3908 = VERTEX_POINT ( 'NONE', #2493 ) ;
#3909 = CARTESIAN_POINT ( 'NONE',  ( -3.334394902775768887, -9.374663227676105492, 3.599999999999999201 ) ) ;
#3910 = CARTESIAN_POINT ( 'NONE',  ( -1.159649499330495104, 22.20262592974429694, -2.008571851812227749 ) ) ;
#3911 = CARTESIAN_POINT ( 'NONE',  ( -1.800241603548966118, 23.78297455179781394, 0.000000000000000000 ) ) ;
#3912 = AXIS2_PLACEMENT_3D ( 'NONE', #986, #2148, #1812 ) ;
#3913 = DIRECTION ( 'NONE',  ( 0.000000000000000000, 0.000000000000000000, 1.000000000000000000 ) ) ;
#3914 = CARTESIAN_POINT ( 'NONE',  ( -1.159649499330493327, 16.40262592974433531, 2.008571851812229081 ) ) ;
#3915 = CARTESIAN_POINT ( 'NONE',  ( 1.159649499330488664, 22.70262592974429339, -2.008571851812230413 ) ) ;
#3916 = VERTEX_POINT ( 'NONE', #1662 ) ;
#3917 = CARTESIAN_POINT ( 'NONE',  ( 1.800241603548964120, 18.73297455179784521, -1.039369974415362385 ) ) ;
#3918 = CARTESIAN_POINT ( 'NONE',  ( 0.000000000000000000, 0.000000000000000000, 0.000000000000000000 ) ) ;
#3919 = SURFACE_STYLE_FILL_AREA ( #3000 ) ;
#3920 = CARTESIAN_POINT ( 'NONE',  ( 0.000000000000000000, 0.000000000000000000, 0.5000000000000000000 ) ) ;
#3921 = DIRECTION ( 'NONE',  ( -0.000000000000000000, -0.000000000000000000, -1.000000000000000000 ) ) ;
#3922 = CARTESIAN_POINT ( 'NONE',  ( -6.717514421272188230, 6.717514421272207770, 6.000000000000000000 ) ) ;
#3923 = CARTESIAN_POINT ( 'NONE',  ( -9.949999999999979750, 0.000000000000000000, 10.59999999999999787 ) ) ;
#3924 = EDGE_CURVE ( 'NONE', #3311, #4088, #4924, .T. ) ;
#3925 = EDGE_CURVE ( 'NONE', #4239, #1106, #4129, .T. ) ;
#3926 = ORIENTED_EDGE ( 'NONE', *, *, #10, .F. ) ;
#3927 = DIRECTION ( 'NONE',  ( 0.8965934609264115673, 0.4428545650933264910, -0.000000000000000000 ) ) ;
#3928 = ORIENTED_EDGE ( 'NONE', *, *, #4182, .T. ) ;
#3929 = AXIS2_PLACEMENT_3D ( 'NONE', #2279, #5346, #3220 ) ;
#3930 = CARTESIAN_POINT ( 'NONE',  ( -1.159649499330492883, 24.20262592974428273, 2.008571851812228193 ) ) ;
#3931 = ORIENTED_EDGE ( 'NONE', *, *, #2770, .F. ) ;
#3932 = CARTESIAN_POINT ( 'NONE',  ( 0.9001208017744826151, 17.58297455179785018, -1.559054961623038915 ) ) ;
#3933 = ORIENTED_EDGE ( 'NONE', *, *, #5374, .F. ) ;
#3934 = LINE ( 'NONE', #150, #3644 ) ;
#3935 = VECTOR ( 'NONE', #569, 1000.000000000000000 ) ;
#3936 = CARTESIAN_POINT ( 'NONE',  ( -1.639860726119544942E-16, 20.35262592974430973, -2.678095802416303517 ) ) ;
#3937 = CARTESIAN_POINT ( 'NONE',  ( 0.9001208017744838363, 23.38297455179781537, 1.559054961623038471 ) ) ;
#3938 = CARTESIAN_POINT ( 'NONE',  ( 8.986661186536585078, 4.271114692723258166, 3.600000000000000089 ) ) ;
#3939 = EDGE_CURVE ( 'NONE', #1112, #5267, #4829, .T. ) ;
#3940 = CARTESIAN_POINT ( 'NONE',  ( -2.319298998660989763, 16.25262592974433318, -1.339047901208151536 ) ) ;
#3941 = CARTESIAN_POINT ( 'NONE',  ( -1.159649499330499323, 21.00262592974430120, -2.008571851812224196 ) ) ;
#3942 = VERTEX_POINT ( 'NONE', #1249 ) ;
#3943 = CARTESIAN_POINT ( 'NONE',  ( 13.14337206292275795, 4.674855165198334994, 3.600000000000000089 ) ) ;
#3944 = EDGE_CURVE ( 'NONE', #766, #3630, #4507, .T. ) ;
#3945 = DIRECTION ( 'NONE',  ( -0.7658968286282834548, 0.3640098508181398573, 0.5299989400031790421 ) ) ;
#3946 = AXIS2_PLACEMENT_3D ( 'NONE', #4171, #3279, #1151 ) ;
#3947 = CARTESIAN_POINT ( 'NONE',  ( 3.334394902775965175, -9.374663227676036215, 3.600000000000000089 ) ) ;
#3948 = CARTESIAN_POINT ( 'NONE',  ( -1.800241603548966340, 24.93297455179780897, -1.039369974415359055 ) ) ;
#3949 = FACE_OUTER_BOUND ( 'NONE', #1698, .T. ) ;
#3950 = VECTOR ( 'NONE', #2669, 1000.000000000000000 ) ;
#3951 = CARTESIAN_POINT ( 'NONE',  ( -6.125352388204457377, 12.53325808081513948, 4.000000000000006217 ) ) ;
#3952 = AXIS2_PLACEMENT_3D ( 'NONE', #1283, #480, #2165 ) ;
#3953 = ORIENTED_EDGE ( 'NONE', *, *, #1243, .F. ) ;
#3954 = EDGE_CURVE ( 'NONE', #4367, #2651, #1967, .T. ) ;
#3955 = CARTESIAN_POINT ( 'NONE',  ( -0.8574624827726228249, 24.96190338566594846, -1.747080829078863307 ) ) ;
#3956 = EDGE_LOOP ( 'NONE', ( #4476, #1984, #2350, #978, #1073 ) ) ;
#3957 = CARTESIAN_POINT ( 'NONE',  ( 1.159649499330495548, 23.10262592974428841, 2.008571851812226861 ) ) ;
#3958 = AXIS2_PLACEMENT_3D ( 'NONE', #2304, #2421, #2756 ) ;
#3959 = EDGE_LOOP ( 'NONE', ( #3382, #147, #219, #1844, #2717, #3738 ) ) ;
#3960 = CARTESIAN_POINT ( 'NONE',  ( 1.800241603548966118, 17.48297455179785231, -2.204660117478139918E-16 ) ) ;
#3961 = EDGE_LOOP ( 'NONE', ( #3906, #5003, #4588, #3174 ) ) ;
#3962 = CYLINDRICAL_SURFACE ( 'NONE', #1088, 9.949999999999981526 ) ;
#3963 = CARTESIAN_POINT ( 'NONE',  ( 2.319298998660990652, 19.55262592974431612, 1.339047901208151092 ) ) ;
#3964 = CARTESIAN_POINT ( 'NONE',  ( 3.818583336892907545E-16, 23.93297455179781252, 2.078739948830717665 ) ) ;
#3965 = EDGE_CURVE ( 'NONE', #2679, #3433, #5305, .T. ) ;
#3966 = CARTESIAN_POINT ( 'NONE',  ( -10.12946815411573098, 3.782692346233659908, 0.000000000000000000 ) ) ;
#3967 = CARTESIAN_POINT ( 'NONE',  ( 2.319298998660989319, 17.25262592974432962, -1.339047901208152647 ) ) ;
#3968 = ORIENTED_EDGE ( 'NONE', *, *, #3990, .F. ) ;
#3969 = CARTESIAN_POINT ( 'NONE',  ( -5.656854249492327291, -5.656854249492432096, 0.000000000000000000 ) ) ;
#3970 = DIRECTION ( 'NONE',  ( -3.490405245461930835E-15, 1.000000000000000000, 0.000000000000000000 ) ) ;
#3971 = DIRECTION ( 'NONE',  ( -1.047444401652940007E-14, 1.000000000000000000, 0.000000000000000000 ) ) ;
#3972 = CARTESIAN_POINT ( 'NONE',  ( 1.800241603548965674, 24.73297455179780968, -1.039369974415359721 ) ) ;
#3973 = CYLINDRICAL_SURFACE ( 'NONE', #4458, 9.949999999999981526 ) ;
#3974 = CARTESIAN_POINT ( 'NONE',  ( 0.000000000000000000, 0.000000000000000000, 4.000000000000006217 ) ) ;
#3975 = PLANE ( 'NONE',  #3181 ) ;
#3976 = VERTEX_POINT ( 'NONE', #1219 ) ;
#3977 = DIRECTION ( 'NONE',  ( -0.000000000000000000, -0.000000000000000000, -1.000000000000000000 ) ) ;
#3978 = ORIENTED_EDGE ( 'NONE', *, *, #1049, .F. ) ;
#3979 = CARTESIAN_POINT ( 'NONE',  ( 2.319298998660988875, 22.60262592974429197, -2.840322094975841520E-16 ) ) ;
#3980 = CIRCLE ( 'NONE', #1537, 1.600000000000000755 ) ;
#3981 = VERTEX_POINT ( 'NONE', #777 ) ;
#3982 = LINE ( 'NONE', #4422, #3983 ) ;
#3983 = VECTOR ( 'NONE', #336, 1000.000000000000000 ) ;
#3984 = ORIENTED_EDGE ( 'NONE', *, *, #2338, .T. ) ;
#3985 = CARTESIAN_POINT ( 'NONE',  ( -0.1924264824948682950, -2.778967435556482179, 6.000000000000000000 ) ) ;
#3986 = EDGE_CURVE ( 'NONE', #1909, #4778, #5390, .T. ) ;
#3987 = CARTESIAN_POINT ( 'NONE',  ( 4.919582178358633841E-16, 19.45262592974431115, 2.678095802416303517 ) ) ;
#3988 = CARTESIAN_POINT ( 'NONE',  ( 1.800241603548966118, 22.88297455179781892, -2.204660117478139918E-16 ) ) ;
#3989 = DIRECTION ( 'NONE',  ( 1.000000000000000000, 8.881784197001252323E-15, 0.000000000000000000 ) ) ;
#3990 = EDGE_CURVE ( 'NONE', #2927, #4155, #4479, .T. ) ;
#3991 = CARTESIAN_POINT ( 'NONE',  ( -1.800241603548965674, 23.83297455179781821, 1.039369974415360165 ) ) ;
#3992 = ORIENTED_EDGE ( 'NONE', *, *, #3954, .F. ) ;
#3993 = CARTESIAN_POINT ( 'NONE',  ( 2.319298998660989763, 16.60262592974433460, -3.370229335896736984E-14 ) ) ;
#3994 = VECTOR ( 'NONE', #1983, 1000.000000000000000 ) ;
#3995 = EDGE_CURVE ( 'NONE', #842, #389, #3266, .T. ) ;
#3996 = FACE_OUTER_BOUND ( 'NONE', #4947, .T. ) ;
#3997 = VERTEX_POINT ( 'NONE', #3801 ) ;
#3998 = CARTESIAN_POINT ( 'NONE',  ( 4.195368951439092164, 8.496760909177261567, 6.000000000000000000 ) ) ;
#3999 = DIRECTION ( 'NONE',  ( -0.7071067811865561215, 0.7071067811865389130, 0.000000000000000000 ) ) ;
#4000 = CARTESIAN_POINT ( 'NONE',  ( 0.000000000000000000, 0.000000000000000000, 3.600000000000000089 ) ) ;
#4001 = CARTESIAN_POINT ( 'NONE',  ( -5.117514421272189473, 6.717514421272207770, 0.000000000000000000 ) ) ;
#4002 = CARTESIAN_POINT ( 'NONE',  ( -0.1924264824948876962, 2.778967435556480403, 6.000000000000000000 ) ) ;
#4003 = ORIENTED_EDGE ( 'NONE', *, *, #2652, .F. ) ;
#4004 = FACE_OUTER_BOUND ( 'NONE', #995, .T. ) ;
#4005 = ORIENTED_EDGE ( 'NONE', *, *, #4464, .T. ) ;
#4006 = CARTESIAN_POINT ( 'NONE',  ( 1.159649499330493994, 20.90262592974430333, -2.008571851812227305 ) ) ;
#4007 = AXIS2_PLACEMENT_3D ( 'NONE', #2647, #4364, #1843 ) ;
#4008 = VERTEX_POINT ( 'NONE', #5106 ) ;
#4009 = DIRECTION ( 'NONE',  ( 0.000000000000000000, 1.000000000000000000, 0.000000000000000000 ) ) ;
#4010 = ORIENTED_EDGE ( 'NONE', *, *, #5326, .F. ) ;
#4011 = CARTESIAN_POINT ( 'NONE',  ( 3.916927671089109702E-16, -1.861608775391070807E-16, -6.218749999999967137 ) ) ;
#4012 = CARTESIAN_POINT ( 'NONE',  ( -1.639860726119544942E-16, 19.15262592974431399, -2.678095802416303517 ) ) ;
#4013 = CARTESIAN_POINT ( 'NONE',  ( -1.800241603548966118, 21.98297455179782389, 0.000000000000000000 ) ) ;
#4014 = LINE ( 'NONE', #2767, #2290 ) ;
#4015 = CARTESIAN_POINT ( 'NONE',  ( -1.800241603548966340, 22.53297455179782460, -1.039369974415358833 ) ) ;
#4016 = AXIS2_PLACEMENT_3D ( 'NONE', #2253, #162, #1842 ) ;
#4017 = ORIENTED_EDGE ( 'NONE', *, *, #684, .T. ) ;
#4018 = EDGE_LOOP ( 'NONE', ( #3754, #337 ) ) ;
#4019 = EDGE_CURVE ( 'NONE', #3339, #3826, #4671, .T. ) ;
#4020 = LINE ( 'NONE', #3943, #4772 ) ;
#4021 = VECTOR ( 'NONE', #1230, 1000.000000000000000 ) ;
#4022 = FACE_OUTER_BOUND ( 'NONE', #2761, .T. ) ;
#4023 = ORIENTED_EDGE ( 'NONE', *, *, #3760, .T. ) ;
#4024 = LINE ( 'NONE', #5230, #4475 ) ;
#4025 = CARTESIAN_POINT ( 'NONE',  ( 1.800241603548964342, 24.13297455179781181, -1.039369974415361719 ) ) ;
#4026 = CARTESIAN_POINT ( 'NONE',  ( -2.319298998660989763, 15.70262592974431470, -5.274393484953125736E-13 ) ) ;
#4027 = DIRECTION ( 'NONE',  ( 0.000000000000000000, 0.000000000000000000, 1.000000000000000000 ) ) ;
#4028 = AXIS2_PLACEMENT_3D ( 'NONE', #1596, #2066, #3304 ) ;
#4029 = DIRECTION ( 'NONE',  ( -0.000000000000000000, -0.000000000000000000, -1.000000000000000000 ) ) ;
#4030 = ORIENTED_EDGE ( 'NONE', *, *, #111, .T. ) ;
#4031 = AXIS2_PLACEMENT_3D ( 'NONE', #3947, #5097, #3493 ) ;
#4032 = DIRECTION ( 'NONE',  ( -1.000000000000000000, 0.000000000000000000, 0.000000000000000000 ) ) ;
#4033 = ORIENTED_EDGE ( 'NONE', *, *, #368, .T. ) ;
#4034 = AXIS2_PLACEMENT_3D ( 'NONE', #2030, #4956, #4983 ) ;
#4035 = PRODUCT_DEFINITION_SHAPE ( 'NONE', 'NONE',  #5435 ) ;
#4036 = CARTESIAN_POINT ( 'NONE',  ( 2.319298998660988875, 22.00262592974429765, -2.840322094975841520E-16 ) ) ;
#4037 = AXIS2_PLACEMENT_3D ( 'NONE', #136, #1431, #108 ) ;
#4038 = VERTEX_POINT ( 'NONE', #1794 ) ;
#4039 = DIRECTION ( 'NONE',  ( -0.000000000000000000, -0.000000000000000000, -1.000000000000000000 ) ) ;
#4040 = VERTEX_POINT ( 'NONE', #4237 ) ;
#4041 = DIRECTION ( 'NONE',  ( 1.000000000000000000, 0.000000000000000000, 0.000000000000000000 ) ) ;
#4042 = CIRCLE ( 'NONE', #4223, 9.949999999999981526 ) ;
#4043 = CARTESIAN_POINT ( 'NONE',  ( -2.319298998660989763, 18.70262592974431826, 0.000000000000000000 ) ) ;
#4044 = CARTESIAN_POINT ( 'NONE',  ( 0.9001208017744826151, 19.98297455179783810, -1.559054961623038915 ) ) ;
#4045 = VECTOR ( 'NONE', #1566, 1000.000000000000000 ) ;
#4046 = CARTESIAN_POINT ( 'NONE',  ( -3.782692346233694991, 10.12946815411571677, 1.300000000000000044 ) ) ;
#4047 = CARTESIAN_POINT ( 'NONE',  ( 0.9001208017744838363, 23.98297455179781323, 1.559054961623038471 ) ) ;
#4048 = VERTEX_POINT ( 'NONE', #4619 ) ;
#4049 = ORIENTED_EDGE ( 'NONE', *, *, #1081, .F. ) ;
#4050 = CARTESIAN_POINT ( 'NONE',  ( 2.697326152779096375, 15.79844929580394997, 6.037214728926898576E-13 ) ) ;
#4051 = CYLINDRICAL_SURFACE ( 'NONE', #2027, 6.080456575636104866 ) ;
#4052 = ORIENTED_EDGE ( 'NONE', *, *, #2362, .T. ) ;
#4053 = FACE_OUTER_BOUND ( 'NONE', #4862, .T. ) ;
#4054 = CARTESIAN_POINT ( 'NONE',  ( 6.717514421272335667, -6.717514421272065661, -1.224646799147351420E-17 ) ) ;
#4055 = CARTESIAN_POINT ( 'NONE',  ( 9.949999999999981526, 1.218523565151614014E-15, 3.600000000000000089 ) ) ;
#4056 = CARTESIAN_POINT ( 'NONE',  ( -9.374663227676068189, 3.334394902775866587, 3.599999999999999201 ) ) ;
#4057 = ORIENTED_EDGE ( 'NONE', *, *, #4678, .F. ) ;
#4058 = DIRECTION ( 'NONE',  ( 0.9031820287976468631, 0.4292577580626430467, 0.000000000000000000 ) ) ;
#4059 = ORIENTED_EDGE ( 'NONE', *, *, #5225, .T. ) ;
#4060 = CARTESIAN_POINT ( 'NONE',  ( -2.319298998660988875, 21.65262592974429978, -1.339047901208151092 ) ) ;
#4061 = EDGE_CURVE ( 'NONE', #967, #4699, #3007, .T. ) ;
#4062 = ADVANCED_FACE ( 'NONE', ( #1740 ), #4570, .T. ) ;
#4063 = ORIENTED_EDGE ( 'NONE', *, *, #3995, .T. ) ;
#4064 = CARTESIAN_POINT ( 'NONE',  ( -2.054180817513324264, 24.84581918248667520, 0.000000000000000000 ) ) ;
#4065 = VERTEX_POINT ( 'NONE', #118 ) ;
#4066 = AXIS2_PLACEMENT_3D ( 'NONE', #3969, #2799, #260 ) ;
#4067 = CARTESIAN_POINT ( 'NONE',  ( -2.319298998660988875, 18.15262592974432110, 1.339047901208153091 ) ) ;
#4068 = CARTESIAN_POINT ( 'NONE',  ( 1.800241603548965674, 21.73297455179783100, -1.039369974415359499 ) ) ;
#4069 = AXIS2_PLACEMENT_3D ( 'NONE', #166, #3524, #4717 ) ;
#4070 = FACE_BOUND ( 'NONE', #4244, .T. ) ;
#4071 = CARTESIAN_POINT ( 'NONE',  ( -1.800241603548966340, 24.33297455179781110, -1.039369974415358833 ) ) ;
#4072 = VERTEX_POINT ( 'NONE', #3012 ) ;
#4073 = ORIENTED_EDGE ( 'NONE', *, *, #1551, .T. ) ;
#4074 = LINE ( 'NONE', #837, #2151 ) ;
#4075 = FACE_OUTER_BOUND ( 'NONE', #1212, .T. ) ;
#4076 = ORIENTED_EDGE ( 'NONE', *, *, #4167, .F. ) ;
#4077 = CARTESIAN_POINT ( 'NONE',  ( 0.000000000000000000, 0.000000000000000000, 1.300000000000000044 ) ) ;
#4078 = VECTOR ( 'NONE', #4283, 1000.000000000000114 ) ;
#4079 = CARTESIAN_POINT ( 'NONE',  ( -1.800241603548966118, 21.98297455179782389, 8.600403087552299625E-15 ) ) ;
#4080 = CARTESIAN_POINT ( 'NONE',  ( 2.319298998661003086, 15.95262592974433602, 1.339047901208125779 ) ) ;
#4081 = DIRECTION ( 'NONE',  ( 1.000000000000000000, 0.000000000000000000, 0.000000000000000000 ) ) ;
#4082 = VECTOR ( 'NONE', #623, 999.9999999999998863 ) ;
#4083 = CARTESIAN_POINT ( 'NONE',  ( -1.751007189729884778E-14, 20.95262592974430405, -2.678095802416302629 ) ) ;
#4084 = CARTESIAN_POINT ( 'NONE',  ( 0.000000000000000000, 0.000000000000000000, 3.600000000000000089 ) ) ;
#4085 = CARTESIAN_POINT ( 'NONE',  ( 2.778967435556481291, 0.1924264824948780095, 0.000000000000000000 ) ) ;
#4086 = ORIENTED_EDGE ( 'NONE', *, *, #2795, .T. ) ;
#4087 = DIRECTION ( 'NONE',  ( -0.000000000000000000, -0.000000000000000000, 1.000000000000000000 ) ) ;
#4088 = VERTEX_POINT ( 'NONE', #1691 ) ;
#4089 = ADVANCED_FACE ( 'NONE', ( #4260 ), #495, .T. ) ;
#4090 = CARTESIAN_POINT ( 'NONE',  ( -2.319298998660988875, 19.30262592974431257, 0.000000000000000000 ) ) ;
#4091 = PRODUCT_DEFINITION_FORMATION_WITH_SPECIFIED_SOURCE ( 'ANY', '', #211, .NOT_KNOWN. ) ;
#4092 = ADVANCED_FACE ( 'NONE', ( #5028 ), #2548, .F. ) ;
#4093 = ORIENTED_EDGE ( 'NONE', *, *, #690, .T. ) ;
#4094 = PLANE ( 'NONE',  #3554 ) ;
#4095 = EDGE_LOOP ( 'NONE', ( #4410, #4581 ) ) ;
#4096 = UNCERTAINTY_MEASURE_WITH_UNIT (LENGTH_MEASURE( 1.000000000000000082E-05 ), #1009, 'distance_accuracy_value', 'NONE');
#4097 = CARTESIAN_POINT ( 'NONE',  ( 1.800241603548966784, 20.43297455179783739, 1.039369974415358611 ) ) ;
#4098 = EDGE_CURVE ( 'NONE', #4101, #2782, #4287, .T. ) ;
#4099 = CARTESIAN_POINT ( 'NONE',  ( -9.374663227676071742, -3.334394902775866143, 3.600000000000000089 ) ) ;
#4100 = CARTESIAN_POINT ( 'NONE',  ( -1.272861112297636013E-16, 21.83297455179782531, -2.078739948830717665 ) ) ;
#4101 = VERTEX_POINT ( 'NONE', #3849 ) ;
#4102 = ORIENTED_EDGE ( 'NONE', *, *, #3939, .T. ) ;
#4103 = VECTOR ( 'NONE', #2504, 1000.000000000000000 ) ;
#4104 = CIRCLE ( 'NONE', #164, 13.94999999999999929 ) ;
#4105 = CARTESIAN_POINT ( 'NONE',  ( 2.319298998660690447, 15.95262592974431293, 1.339047901208670455 ) ) ;
#4106 = CIRCLE ( 'NONE', #1484, 9.949999999999979750 ) ;
#4107 = DIRECTION ( 'NONE',  ( -1.000000000000000000, 0.000000000000000000, 0.000000000000000000 ) ) ;
#4108 = VERTEX_POINT ( 'NONE', #3475 ) ;
#4109 = CARTESIAN_POINT ( 'NONE',  ( 9.374663227676069965, -3.334394902775867031, 3.600000000000000089 ) ) ;
#4110 = CARTESIAN_POINT ( 'NONE',  ( 1.800241603548964786, 21.13297455179783668, -1.039369974415361053 ) ) ;
#4111 = CARTESIAN_POINT ( 'NONE',  ( -8.986661186536613499, 4.271114692723194217, 3.600000000000000089 ) ) ;
#4112 = CARTESIAN_POINT ( 'NONE',  ( 3.063227308514445120E-14, 17.65262592974432465, 2.678095802416302629 ) ) ;
#4113 = VECTOR ( 'NONE', #5402, 1000.000000000000000 ) ;
#4114 = ADVANCED_FACE ( 'NONE', ( #90 ), #61, .F. ) ;
#4115 = CARTESIAN_POINT ( 'NONE',  ( -2.319298998660988875, 20.50262592974430476, 3.230507482742362297E-15 ) ) ;
#4116 = DIRECTION ( 'NONE',  ( 0.000000000000000000, 0.000000000000000000, -1.000000000000000000 ) ) ;
#4117 = DIRECTION ( 'NONE',  ( -1.000000000000000000, 0.000000000000000000, 0.000000000000000000 ) ) ;
#4118 = ORIENTED_EDGE ( 'NONE', *, *, #4733, .T. ) ;
#4119 = CARTESIAN_POINT ( 'NONE',  ( -6.717514421272188230, 6.717514421272207770, -1.224646799147351420E-17 ) ) ;
#4120 = CARTESIAN_POINT ( 'NONE',  ( -1.639860726119543710E-16, 21.55262592974430191, -2.678095802416302629 ) ) ;
#4121 = CIRCLE ( 'NONE', #2815, 1.599999999999998979 ) ;
#4122 = VERTEX_POINT ( 'NONE', #1462 ) ;
#4123 = CARTESIAN_POINT ( 'NONE',  ( 9.925054528176918467, -3.789194927251613443, 0.000000000000000000 ) ) ;
#4124 = ORIENTED_EDGE ( 'NONE', *, *, #4666, .T. ) ;
#4125 = CARTESIAN_POINT ( 'NONE',  ( 1.800241603548966784, 19.23297455179784166, 1.039369974415358611 ) ) ;
#4126 = CIRCLE ( 'NONE', #4648, 1.599999999999998979 ) ;
#4127 = LINE ( 'NONE', #369, #532 ) ;
#4128 = CARTESIAN_POINT ( 'NONE',  ( -0.9001208017744819490, 19.08297455179784308, 1.559054961623039581 ) ) ;
#4129 = CIRCLE ( 'NONE', #3358, 1.050000000000000488 ) ;
#4130 = ORIENTED_EDGE ( 'NONE', *, *, #4135, .T. ) ;
#4131 = ORIENTED_EDGE ( 'NONE', *, *, #637, .T. ) ;
#4132 = CARTESIAN_POINT ( 'NONE',  ( -4.265336140141315902, 8.725169408049763931, 1.300000000000000044 ) ) ;
#4133 = AXIS2_PLACEMENT_3D ( 'NONE', #3373, #2958, #863 ) ;
#4134 = CARTESIAN_POINT ( 'NONE',  ( -10.12946815411573098, 3.782692346233659908, 0.000000000000000000 ) ) ;
#4135 = EDGE_CURVE ( 'NONE', #5240, #5351, #1357, .T. ) ;
#4136 = ORIENTED_EDGE ( 'NONE', *, *, #2404, .F. ) ;
#4137 = DIRECTION ( 'NONE',  ( 1.000000000000000000, 0.000000000000000000, 0.000000000000000000 ) ) ;
#4138 = CARTESIAN_POINT ( 'NONE',  ( 1.800241603548966118, 21.68297455179782673, -8.820869099300113395E-15 ) ) ;
#4139 = DIRECTION ( 'NONE',  ( -1.000000000000000000, 0.000000000000000000, 0.000000000000000000 ) ) ;
#4140 = CARTESIAN_POINT ( 'NONE',  ( -1.033215027454400969, 24.71963942814664961, 1.938172644724228011 ) ) ;
#4141 =( LENGTH_UNIT ( ) NAMED_UNIT ( * ) SI_UNIT ( .MILLI., .METRE. ) );
#4142 = CARTESIAN_POINT ( 'NONE',  ( 8.323536452140149862E-15, 20.65262592974430689, 2.678095802416302629 ) ) ;
#4143 = FACE_OUTER_BOUND ( 'NONE', #5140, .T. ) ;
#4144 = CARTESIAN_POINT ( 'NONE',  ( -2.399999999999689493, 16.20903842913882542, -1.385640646055638969 ) ) ;
#4145 = EDGE_LOOP ( 'NONE', ( #5242, #3744, #2243, #2490 ) ) ;
#4146 = LINE ( 'NONE', #3739, #5304 ) ;
#4147 = CARTESIAN_POINT ( 'NONE',  ( 0.000000000000000000, 0.000000000000000000, 3.600000000000000089 ) ) ;
#4148 = CARTESIAN_POINT ( 'NONE',  ( -1.159649499330494660, 16.20262592974433602, -2.008571851812227305 ) ) ;
#4149 = ORIENTED_EDGE ( 'NONE', *, *, #1181, .T. ) ;
#4150 = DIRECTION ( 'NONE',  ( 0.7658968286282860083, -0.3640098508181345838, 0.5299989400031789311 ) ) ;
#4151 = VERTEX_POINT ( 'NONE', #2622 ) ;
#4152 = CARTESIAN_POINT ( 'NONE',  ( 1.800241603548966784, 18.03297455179784947, 1.039369974415358611 ) ) ;
#4153 = DIRECTION ( 'NONE',  ( 1.000000000000000000, 0.000000000000000000, 2.308051624033910069E-13 ) ) ;
#4154 = CARTESIAN_POINT ( 'NONE',  ( 1.800241603548966118, 21.08297455179782887, -2.204660117478139918E-16 ) ) ;
#4155 = VERTEX_POINT ( 'NONE', #523 ) ;
#4156 = CARTESIAN_POINT ( 'NONE',  ( 5.988145724973955808, -12.59938930172713256, 3.600000000000000089 ) ) ;
#4157 = DIRECTION ( 'NONE',  ( 1.000000000000000000, 0.000000000000000000, 0.000000000000000000 ) ) ;
#4158 = ADVANCED_FACE ( 'NONE', ( #2208 ), #4209, .F. ) ;
#4159 = CIRCLE ( 'NONE', #5120, 9.949999999999981526 ) ;
#4160 = ADVANCED_FACE ( 'NONE', ( #1043 ), #4183, .F. ) ;
#4161 = CARTESIAN_POINT ( 'NONE',  ( -3.334394902775769332, -9.374663227676105492, 3.600000000000000089 ) ) ;
#4162 = VERTEX_POINT ( 'NONE', #11 ) ;
#4163 = DIRECTION ( 'NONE',  ( -1.000000000000000000, 0.000000000000000000, 0.000000000000000000 ) ) ;
#4164 = CARTESIAN_POINT ( 'NONE',  ( 0.9001208017744930512, 20.98297455179783100, 1.559054961623032920 ) ) ;
#4165 = DIRECTION ( 'NONE',  ( -0.000000000000000000, -0.000000000000000000, 1.000000000000000000 ) ) ;
#4166 = CARTESIAN_POINT ( 'NONE',  ( -2.319298998660988875, 17.50262592974432252, 6.070829577718204211E-15 ) ) ;
#4167 = EDGE_CURVE ( 'NONE', #4783, #1242, #2294, .T. ) ;
#4168 = CARTESIAN_POINT ( 'NONE',  ( 1.159649499330486222, 19.70262592974431115, -2.008571851812231746 ) ) ;
#4169 = AXIS2_PLACEMENT_3D ( 'NONE', #4119, #4994, #1180 ) ;
#4170 = DIRECTION ( 'NONE',  ( -0.000000000000000000, -0.000000000000000000, 1.000000000000000000 ) ) ;
#4171 = CARTESIAN_POINT ( 'NONE',  ( 0.000000000000000000, 0.000000000000000000, 0.5000000000000000000 ) ) ;
#4172 = ORIENTED_EDGE ( 'NONE', *, *, #5101, .T. ) ;
#4173 = DIRECTION ( 'NONE',  ( -0.000000000000000000, -0.000000000000000000, 1.000000000000000000 ) ) ;
#4174 = CYLINDRICAL_SURFACE ( 'NONE', #2361, 4.000000000000000000 ) ;
#4175 = CARTESIAN_POINT ( 'NONE',  ( -1.159649499330494660, 18.60262592974431684, -2.008571851812227305 ) ) ;
#4176 = CONICAL_SURFACE ( 'NONE', #3912, 11.95000000000000995, 0.7853981633974469467 ) ;
#4177 = EDGE_CURVE ( 'NONE', #4738, #4122, #4999, .T. ) ;
#4178 = ORIENTED_EDGE ( 'NONE', *, *, #4733, .F. ) ;
#4179 = CARTESIAN_POINT ( 'NONE',  ( 6.717514421272335667, -6.717514421272065661, 0.000000000000000000 ) ) ;
#4180 = ORIENTED_EDGE ( 'NONE', *, *, #2652, .T. ) ;
#4181 = CARTESIAN_POINT ( 'NONE',  ( -0.9001208017744832812, 17.08297455179785729, -1.559054961623038693 ) ) ;
#4182 = EDGE_CURVE ( 'NONE', #1639, #2399, #5358, .T. ) ;
#4183 = CYLINDRICAL_SURFACE ( 'NONE', #1936, 8.180456575636107175 ) ;
#4184 = CARTESIAN_POINT ( 'NONE',  ( 1.800241603548965674, 19.33297455179784308, -1.039369974415359499 ) ) ;
#4185 = ORIENTED_EDGE ( 'NONE', *, *, #300, .F. ) ;
#4186 = DIRECTION ( 'NONE',  ( -0.9031820287976499717, 0.4292577580626366629, 0.000000000000000000 ) ) ;
#4187 = CARTESIAN_POINT ( 'NONE',  ( 0.000000000000000000, 0.000000000000000000, 3.600000000000000089 ) ) ;
#4188 = CYLINDRICAL_SURFACE ( 'NONE', #3087, 2.500000000000000000 ) ;
#4189 = EDGE_CURVE ( 'NONE', #1436, #1519, #3872, .T. ) ;
#4190 = ORIENTED_EDGE ( 'NONE', *, *, #4098, .F. ) ;
#4191 = DIRECTION ( 'NONE',  ( 0.000000000000000000, 0.000000000000000000, 1.000000000000000000 ) ) ;
#4192 = CIRCLE ( 'NONE', #3929, 2.500000000000000000 ) ;
#4193 = CARTESIAN_POINT ( 'NONE',  ( 0.9001208017744867229, 22.18297455179782318, 1.559054961623036695 ) ) ;
#4194 = CARTESIAN_POINT ( 'NONE',  ( 0.000000000000000000, 0.000000000000000000, 3.600000000000000089 ) ) ;
#4195 = CARTESIAN_POINT ( 'NONE',  ( -1.159649499330477340, 17.60262592974432394, 2.008571851812237075 ) ) ;
#4196 = CARTESIAN_POINT ( 'NONE',  ( -2.319298998660982214, 18.75262592974431897, 1.339047901208163083 ) ) ;
#4197 = CARTESIAN_POINT ( 'NONE',  ( 4.674855165198473550, -13.14337206292270821, 3.600000000000000089 ) ) ;
#4198 = FACE_OUTER_BOUND ( 'NONE', #741, .T. ) ;
#4199 = DIRECTION ( 'NONE',  ( -1.000000000000000000, 0.000000000000000000, 0.000000000000000000 ) ) ;
#4200 = VECTOR ( 'NONE', #3244, 1000.000000000000000 ) ;
#4201 = CARTESIAN_POINT ( 'NONE',  ( 1.200000000000464695, 16.05903842913881974, -2.078460969082383869 ) ) ;
#4202 = CARTESIAN_POINT ( 'NONE',  ( 2.319298998660988875, 19.00262592974431541, -2.840322094975841520E-16 ) ) ;
#4203 = EDGE_CURVE ( 'NONE', #5174, #2518, #5234, .T. ) ;
#4204 = ORIENTED_EDGE ( 'NONE', *, *, #5326, .T. ) ;
#4205 = CARTESIAN_POINT ( 'NONE',  ( 0.000000000000000000, 0.000000000000000000, 3.600000000000000089 ) ) ;
#4206 = VERTEX_POINT ( 'NONE', #4056 ) ;
#4207 = CARTESIAN_POINT ( 'NONE',  ( -1.800241603548965674, 18.43297455179784805, 1.039369974415360165 ) ) ;
#4208 =( GEOMETRIC_REPRESENTATION_CONTEXT ( 3 ) GLOBAL_UNCERTAINTY_ASSIGNED_CONTEXT ( ( #3834 ) ) GLOBAL_UNIT_ASSIGNED_CONTEXT ( ( #5071, #3464, #1373 ) ) REPRESENTATION_CONTEXT ( 'NONE', 'WORKASPACE' ) );
#4209 = CYLINDRICAL_SURFACE ( 'NONE', #2211, 1.050000000000004041 ) ;
#4210 = CARTESIAN_POINT ( 'NONE',  ( 0.9001208017744826151, 20.58297455179783242, -1.559054961623038915 ) ) ;
#4211 = ORIENTED_EDGE ( 'NONE', *, *, #5397, .T. ) ;
#4212 = CARTESIAN_POINT ( 'NONE',  ( -0.002930373315771246396, -0.001431306476450056086, 1.300000000000000044 ) ) ;
#4213 = CIRCLE ( 'NONE', #3172, 1.599999999999998979 ) ;
#4214 = CARTESIAN_POINT ( 'NONE',  ( 3.116939474840552491E-15, -1.523729130324981278E-15, 17.95000000000004192 ) ) ;
#4215 = VECTOR ( 'NONE', #5367, 1000.000000000000000 ) ;
#4216 = CIRCLE ( 'NONE', #4825, 1.050000000000004041 ) ;
#4217 = CARTESIAN_POINT ( 'NONE',  ( -9.374663227676069965, -3.334394902775865255, 0.5000000000000000000 ) ) ;
#4218 = CARTESIAN_POINT ( 'NONE',  ( -6.717514421272188230, 6.717514421272207770, 6.000000000000000000 ) ) ;
#4219 = ORIENTED_EDGE ( 'NONE', *, *, #146, .T. ) ;
#4220 = CARTESIAN_POINT ( 'NONE',  ( -1.800241603548952574, 18.43297455179784805, 1.039369974415381925 ) ) ;
#4221 = DIRECTION ( 'NONE',  ( 0.000000000000000000, 0.000000000000000000, 1.000000000000000000 ) ) ;
#4222 = CARTESIAN_POINT ( 'NONE',  ( 0.9001208017744826151, 22.98297455179782034, -1.559054961623038915 ) ) ;
#4223 = AXIS2_PLACEMENT_3D ( 'NONE', #2240, #4651, #1776 ) ;
#4224 = PRESENTATION_STYLE_ASSIGNMENT (( #2886 ) ) ;
#4225 = CARTESIAN_POINT ( 'NONE',  ( 0.5348032262708866114, 24.91794472258510851, -1.913321147793050736 ) ) ;
#4226 = DIRECTION ( 'NONE',  ( 0.000000000000000000, 0.000000000000000000, -1.000000000000000000 ) ) ;
#4227 = EDGE_CURVE ( 'NONE', #1581, #3908, #1895, .T. ) ;
#4228 = DIRECTION ( 'NONE',  ( -3.492314515803362258E-15, 1.000000000000000000, 0.000000000000000000 ) ) ;
#4229 = LINE ( 'NONE', #465, #2547 ) ;
#4230 = CARTESIAN_POINT ( 'NONE',  ( -1.159649499330492883, 18.80262592974431612, 2.008571851812228193 ) ) ;
#4231 = ORIENTED_EDGE ( 'NONE', *, *, #4464, .F. ) ;
#4232 = CARTESIAN_POINT ( 'NONE',  ( 3.334394902775834613, 9.374663227676082400, 3.600000000000000089 ) ) ;
#4233 = ORIENTED_EDGE ( 'NONE', *, *, #46, .T. ) ;
#4234 = EDGE_CURVE ( 'NONE', #3008, #816, #275, .T. ) ;
#4235 = CARTESIAN_POINT ( 'NONE',  ( 3.818583336892907545E-16, 18.53297455179784592, 2.078739948830717665 ) ) ;
#4236 = EDGE_CURVE ( 'NONE', #2472, #3130, #188, .T. ) ;
#4237 = CARTESIAN_POINT ( 'NONE',  ( 3.334394902775834169, 9.374663227676080623, 0.000000000000000000 ) ) ;
#4238 = CARTESIAN_POINT ( 'NONE',  ( 1.800241603548966118, 20.48297455179783455, -2.204660117478139918E-16 ) ) ;
#4239 = VERTEX_POINT ( 'NONE', #1953 ) ;
#4240 = DIRECTION ( 'NONE',  ( 1.000000000000000000, 0.000000000000000000, 0.000000000000000000 ) ) ;
#4241 = CARTESIAN_POINT ( 'NONE',  ( 2.319298998660990652, 21.95262592974429694, 1.339047901208151092 ) ) ;
#4242 = DIRECTION ( 'NONE',  ( -0.000000000000000000, -0.000000000000000000, 1.000000000000000000 ) ) ;
#4243 = CARTESIAN_POINT ( 'NONE',  ( 1.159649499330497990, 22.50262592974429410, 2.008571851812225084 ) ) ;
#4244 = EDGE_LOOP ( 'NONE', ( #771, #2231 ) ) ;
#4245 = CARTESIAN_POINT ( 'NONE',  ( -1.800241603548966118, 17.18297455179785516, 1.852360224559148502E-14 ) ) ;
#4246 = DIRECTION ( 'NONE',  ( -0.9949263307592761674, 0.1006061447521146568, 6.977781163303450291E-18 ) ) ;
#4247 = CARTESIAN_POINT ( 'NONE',  ( 1.949287890458799799, 24.82091767879696320, 0.7356192083459348607 ) ) ;
#4248 = DIRECTION ( 'NONE',  ( -0.9031820287976514150, 0.4292577580626334988, 0.000000000000000000 ) ) ;
#4249 = AXIS2_PLACEMENT_3D ( 'NONE', #5298, #4009, #5274 ) ;
#4250 = CARTESIAN_POINT ( 'NONE',  ( 0.000000000000000000, 0.000000000000000000, 3.600000000000000089 ) ) ;
#4251 = CARTESIAN_POINT ( 'NONE',  ( 0.000000000000000000, 0.000000000000000000, 0.000000000000000000 ) ) ;
#4252 = CARTESIAN_POINT ( 'NONE',  ( 2.319298998660988875, 17.20262592974432891, -2.840322094975841520E-16 ) ) ;
#4253 = EDGE_LOOP ( 'NONE', ( #2387, #3777, #3337, #3331 ) ) ;
#4254 = ADVANCED_FACE ( 'NONE', ( #4441 ), #4909, .T. ) ;
#4255 = CARTESIAN_POINT ( 'NONE',  ( -3.334394902775899894, 9.374663227676059307, 3.600000000000000089 ) ) ;
#4256 = VERTEX_POINT ( 'NONE', #3600 ) ;
#4257 = VECTOR ( 'NONE', #2204, 1000.000000000000000 ) ;
#4259 = ADVANCED_FACE ( 'NONE', ( #4469 ), #3975, .T. ) ;
#4258 = CARTESIAN_POINT ( 'NONE',  ( 0.9001208017744826151, 16.98297455179785587, -1.559054961623038915 ) ) ;
#4260 = FACE_OUTER_BOUND ( 'NONE', #664, .T. ) ;
#4261 = CARTESIAN_POINT ( 'NONE',  ( -1.800241603548966340, 17.73297455179785231, -1.039369974415358833 ) ) ;
#4262 = VERTEX_POINT ( 'NONE', #3165 ) ;
#4263 = CARTESIAN_POINT ( 'NONE',  ( 6.050076503259824712, 11.82553085807488102, 4.666698483772653283 ) ) ;
#4264 = CARTESIAN_POINT ( 'NONE',  ( 12.59938930172727822, -5.988145724973651163, 3.600000000000000089 ) ) ;
#4265 = ADVANCED_FACE ( 'NONE', ( #329 ), #4883, .T. ) ;
#4266 = FACE_OUTER_BOUND ( 'NONE', #1381, .T. ) ;
#4267 = CARTESIAN_POINT ( 'NONE',  ( 8.986661186536643697, -4.271114692723135597, 3.600000000000000089 ) ) ;
#4268 = ORIENTED_EDGE ( 'NONE', *, *, #474, .T. ) ;
#4269 = CARTESIAN_POINT ( 'NONE',  ( 0.9001208017745060408, 17.98297455179784876, 1.559054961623025370 ) ) ;
#4270 = CARTESIAN_POINT ( 'NONE',  ( 4.271114692723351425, -8.986661186536538892, 3.600000000000000089 ) ) ;
#4271 = DIRECTION ( 'NONE',  ( 0.000000000000000000, 0.000000000000000000, 1.000000000000000000 ) ) ;
#4272 = AXIS2_PLACEMENT_3D ( 'NONE', #959, #4280, #112 ) ;
#4273 = DIRECTION ( 'NONE',  ( 0.8798645526011857898, 0.4752245459526637239, 0.000000000000000000 ) ) ;
#4274 = CARTESIAN_POINT ( 'NONE',  ( 4.000000000000000000, 4.898587196589412829E-16, 0.000000000000000000 ) ) ;
#4275 = DIRECTION ( 'NONE',  ( -0.000000000000000000, -0.000000000000000000, -1.000000000000000000 ) ) ;
#4276 = VECTOR ( 'NONE', #2262, 1000.000000000000000 ) ;
#4277 = DIRECTION ( 'NONE',  ( -0.000000000000000000, -0.000000000000000000, 1.000000000000000000 ) ) ;
#4278 = AXIS2_PLACEMENT_3D ( 'NONE', #3974, #2419, #652 ) ;
#4279 = ADVANCED_FACE ( 'NONE', ( #1486 ), #3682, .T. ) ;
#4280 = DIRECTION ( 'NONE',  ( -0.000000000000000000, -0.000000000000000000, -1.000000000000000000 ) ) ;
#4281 = AXIS2_PLACEMENT_3D ( 'NONE', #1761, #3444, #1348 ) ;
#4282 = EDGE_LOOP ( 'NONE', ( #1117, #1052 ) ) ;
#4283 = DIRECTION ( 'NONE',  ( -0.3351150656056187671, 0.9421772088116661115, 0.000000000000000000 ) ) ;
#4284 = VERTEX_POINT ( 'NONE', #5288 ) ;
#4285 = CARTESIAN_POINT ( 'NONE',  ( -1.159649499330494660, 23.40262592974428912, -2.008571851812227305 ) ) ;
#4286 = AXIS2_PLACEMENT_3D ( 'NONE', #4740, #3411, #3489 ) ;
#4287 = LINE ( 'NONE', #2159, #3167 ) ;
#4288 = ORIENTED_EDGE ( 'NONE', *, *, #3437, .F. ) ;
#4289 = CARTESIAN_POINT ( 'NONE',  ( -0.9001208017744819490, 16.68297455179786226, 1.559054961623039581 ) ) ;
#4290 = ORIENTED_EDGE ( 'NONE', *, *, #3741, .T. ) ;
#4291 = DIRECTION ( 'NONE',  ( 1.000000000000000000, 0.000000000000000000, 0.000000000000000000 ) ) ;
#4292 = CARTESIAN_POINT ( 'NONE',  ( 1.159649499330494438, 23.90262592974428557, -2.008571851812228193 ) ) ;
#4293 = CIRCLE ( 'NONE', #3946, 9.949999999999979750 ) ;
#4294 = APPLICATION_CONTEXT ( 'automotive_design' ) ;
#4295 = FACE_OUTER_BOUND ( 'NONE', #3648, .T. ) ;
#4296 = AXIS2_PLACEMENT_3D ( 'NONE', #4644, #2183, #3878 ) ;
#4297 = CARTESIAN_POINT ( 'NONE',  ( 2.319298998660990652, 17.15262592974432820, 1.339047901208151092 ) ) ;
#4298 = CARTESIAN_POINT ( 'NONE',  ( -2.319298998660989319, 23.45262592974428983, -1.339047901208149538 ) ) ;
#4299 = AXIS2_PLACEMENT_3D ( 'NONE', #676, #3541, #4360 ) ;
#4300 = ORIENTED_EDGE ( 'NONE', *, *, #4236, .T. ) ;
#4301 = CARTESIAN_POINT ( 'NONE',  ( 0.9001208017744738443, 16.38297455179785800, -1.559054961623044022 ) ) ;
#4302 = ADVANCED_FACE ( 'NONE', ( #4855 ), #4830, .F. ) ;
#4303 = EDGE_CURVE ( 'NONE', #389, #4954, #1516, .T. ) ;
#4304 = CARTESIAN_POINT ( 'NONE',  ( 4.159293387078927809E-16, 8.902178078927279903E-16, 10.00000000000000533 ) ) ;
#4305 = CIRCLE ( 'NONE', #2559, 13.94999999999999929 ) ;
#4306 = EDGE_CURVE ( 'NONE', #5250, #5040, #1333, .T. ) ;
#4307 = CARTESIAN_POINT ( 'NONE',  ( -8.986661186536613499, 4.271114692723194217, 3.600000000000000089 ) ) ;
#4308 = DIRECTION ( 'NONE',  ( -0.3351150656056154364, 0.9421772088116672217, 0.000000000000000000 ) ) ;
#4309 = VECTOR ( 'NONE', #4322, 1000.000000000000000 ) ;
#4310 = DIRECTION ( 'NONE',  ( -1.000000000000000000, 0.000000000000000000, 0.000000000000000000 ) ) ;
#4311 = CARTESIAN_POINT ( 'NONE',  ( 0.000000000000000000, 0.000000000000000000, 6.000000000000000000 ) ) ;
#4312 = ORIENTED_EDGE ( 'NONE', *, *, #2410, .F. ) ;
#4313 = DIRECTION ( 'NONE',  ( -0.8983966372754098595, 0.4391850203868931102, 0.000000000000000000 ) ) ;
#4314 = ORIENTED_EDGE ( 'NONE', *, *, #2702, .F. ) ;
#4315 = CARTESIAN_POINT ( 'NONE',  ( 2.319298998660989319, 24.95262592974428273, 1.339047901208150648 ) ) ;
#4316 = ORIENTED_EDGE ( 'NONE', *, *, #340, .T. ) ;
#4317 = CARTESIAN_POINT ( 'NONE',  ( 3.818583336892907545E-16, 15.53297455179786546, 2.078739948830717665 ) ) ;
#4318 = ORIENTED_EDGE ( 'NONE', *, *, #1412, .T. ) ;
#4319 = DIRECTION ( 'NONE',  ( -0.000000000000000000, -0.000000000000000000, -1.000000000000000000 ) ) ;
#4320 = FACE_OUTER_BOUND ( 'NONE', #3215, .T. ) ;
#4321 = CARTESIAN_POINT ( 'NONE',  ( 0.9001208017744826151, 22.38297455179782247, -1.559054961623038915 ) ) ;
#4322 = DIRECTION ( 'NONE',  ( -0.000000000000000000, -0.000000000000000000, -1.000000000000000000 ) ) ;
#4323 = CARTESIAN_POINT ( 'NONE',  ( 1.159649499330494438, 16.10262592974433105, -2.008571851812228193 ) ) ;
#4324 = CARTESIAN_POINT ( 'NONE',  ( 0.3007445539131581858, 24.53965888435311271, -2.504460853257227892 ) ) ;
#4325 = EDGE_LOOP ( 'NONE', ( #246, #4850, #2212, #4984 ) ) ;
#4326 = EDGE_CURVE ( 'NONE', #389, #2437, #521, .T. ) ;
#4327 = CARTESIAN_POINT ( 'NONE',  ( 2.444536685499875167E-14, 17.93297455179785160, 2.078739948830718109 ) ) ;
#4328 = CARTESIAN_POINT ( 'NONE',  ( 10.71429185807062723, 5.292112052865257432, 1.300000000000000044 ) ) ;
#4329 = SURFACE_SIDE_STYLE ('',( #1429 ) ) ;
#4330 = ADVANCED_FACE ( 'NONE', ( #243 ), #2393, .F. ) ;
#4331 = FACE_OUTER_BOUND ( 'NONE', #548, .T. ) ;
#4332 = PLANE ( 'NONE',  #577 ) ;
#4333 = VECTOR ( 'NONE', #3481, 1000.000000000000227 ) ;
#4334 = CARTESIAN_POINT ( 'NONE',  ( 8.317514421272335312, -6.717514421272065661, 6.000000000000000000 ) ) ;
#4335 = EDGE_CURVE ( 'NONE', #4370, #259, #2808, .T. ) ;
#4336 = DIRECTION ( 'NONE',  ( -0.000000000000000000, -0.000000000000000000, -1.000000000000000000 ) ) ;
#4337 = AXIS2_PLACEMENT_3D ( 'NONE', #1823, #1025, #3689 ) ;
#4338 = VECTOR ( 'NONE', #4425, 1000.000000000000000 ) ;
#4339 = ORIENTED_EDGE ( 'NONE', *, *, #3897, .T. ) ;
#4340 = LINE ( 'NONE', #2256, #2776 ) ;
#4341 = ORIENTED_EDGE ( 'NONE', *, *, #2563, .F. ) ;
#4342 = CARTESIAN_POINT ( 'NONE',  ( -1.159649499330492883, 23.60262592974428841, 2.008571851812228193 ) ) ;
#4343 = EDGE_CURVE ( 'NONE', #579, #5386, #1232, .T. ) ;
#4344 = ORIENTED_EDGE ( 'NONE', *, *, #4659, .T. ) ;
#4345 = CARTESIAN_POINT ( 'NONE',  ( 1.800241603548966118, 16.88297455179785800, -2.204660117478139918E-16 ) ) ;
#4346 = ORIENTED_EDGE ( 'NONE', *, *, #2993, .T. ) ;
#4347 = DIRECTION ( 'NONE',  ( 1.000000000000000000, 0.000000000000000000, 0.000000000000000000 ) ) ;
#4348 = CARTESIAN_POINT ( 'NONE',  ( 1.159649499330494438, 21.50262592974430120, -2.008571851812228193 ) ) ;
#4349 = CARTESIAN_POINT ( 'NONE',  ( -1.800241603548966118, 24.38297455179781181, 0.000000000000000000 ) ) ;
#4350 = EDGE_CURVE ( 'NONE', #630, #1326, #383, .T. ) ;
#4351 = AXIS2_PLACEMENT_3D ( 'NONE', #5181, #2252, #2174 ) ;
#4352 = DIRECTION ( 'NONE',  ( 0.000000000000000000, 0.000000000000000000, 1.000000000000000000 ) ) ;
#4353 = CARTESIAN_POINT ( 'NONE',  ( 1.159649499330495992, 17.70262592974432181, 2.008571851812227749 ) ) ;
#4354 = CARTESIAN_POINT ( 'NONE',  ( -1.685412760685102389E-14, 21.55262592974430191, -2.678095802416302629 ) ) ;
#4355 = ORIENTED_EDGE ( 'NONE', *, *, #713, .F. ) ;
#4356 = CARTESIAN_POINT ( 'NONE',  ( 1.120246448799602212E-14, 16.13297455179786155, 2.078739948830718109 ) ) ;
#4357 = CARTESIAN_POINT ( 'NONE',  ( 0.000000000000000000, 0.000000000000000000, 0.5000000000000000000 ) ) ;
#4358 =( NAMED_UNIT ( * ) SI_UNIT ( $, .STERADIAN. ) SOLID_ANGLE_UNIT ( ) );
#4359 = EDGE_CURVE ( 'NONE', #4942, #3704, #5094, .T. ) ;
#4360 = DIRECTION ( 'NONE',  ( 1.000000000000000000, 0.000000000000000000, 0.000000000000000000 ) ) ;
#4361 = DIRECTION ( 'NONE',  ( 0.000000000000000000, 0.000000000000000000, -1.000000000000000000 ) ) ;
#4362 = CARTESIAN_POINT ( 'NONE',  ( -0.9001208017744778411, 22.68297455179781963, 1.559054961623041580 ) ) ;
#4363 = CARTESIAN_POINT ( 'NONE',  ( -2.319298998660989319, 16.30262592974431968, -2.636766400910197481E-13 ) ) ;
#4364 = DIRECTION ( 'NONE',  ( 0.000000000000000000, -0.000000000000000000, -1.000000000000000000 ) ) ;
#4365 = ORIENTED_EDGE ( 'NONE', *, *, #1291, .F. ) ;
#4366 = DIRECTION ( 'NONE',  ( -0.000000000000000000, 0.000000000000000000, -1.000000000000000000 ) ) ;
#4367 = VERTEX_POINT ( 'NONE', #436 ) ;
#4368 = CARTESIAN_POINT ( 'NONE',  ( 2.319298998660988875, 23.80262592974428415, -2.840322094975841520E-16 ) ) ;
#4369 = ADVANCED_FACE ( 'NONE', ( #851 ), #4555, .T. ) ;
#4370 = VERTEX_POINT ( 'NONE', #24 ) ;
#4371 = CARTESIAN_POINT ( 'NONE',  ( -1.800241603548966340, 17.13297455179785800, -1.039369974415358833 ) ) ;
#4372 = ORIENTED_EDGE ( 'NONE', *, *, #5129, .T. ) ;
#4373 = FACE_OUTER_BOUND ( 'NONE', #2729, .T. ) ;
#4374 = CIRCLE ( 'NONE', #339, 13.94999999999999929 ) ;
#4375 = CARTESIAN_POINT ( 'NONE',  ( -1.159649499330495104, 20.40262592974430689, -2.008571851812227749 ) ) ;
#4376 = CARTESIAN_POINT ( 'NONE',  ( 0.9001208017744838363, 22.78297455179782105, 1.559054961623038471 ) ) ;
#4377 = PRODUCT_DEFINITION_SHAPE ( 'NONE', 'NONE',  #3341 ) ;
#4378 = FACE_OUTER_BOUND ( 'NONE', #3263, .T. ) ;
#4379 = CARTESIAN_POINT ( 'NONE',  ( -1.639860726119544942E-16, 17.35262592974432749, -2.678095802416303517 ) ) ;
#4380 = VERTEX_POINT ( 'NONE', #2064 ) ;
#4381 = CARTESIAN_POINT ( 'NONE',  ( -2.697326152779096375, 16.09844929580394890, -6.040518000766155494E-13 ) ) ;
#4382 = CARTESIAN_POINT ( 'NONE',  ( 4.056854249492451103, 5.656854249492308639, 6.000000000000000000 ) ) ;
#4383 = DIRECTION ( 'NONE',  ( 0.8798645526011857898, 0.4752245459526637239, 2.030772809561036469E-13 ) ) ;
#4384 = CARTESIAN_POINT ( 'NONE',  ( -0.9001208017744819490, 24.48297455179780968, 1.559054961623039581 ) ) ;
#4385 = CARTESIAN_POINT ( 'NONE',  ( 1.555341725076337706E-15, 7.682302105108978995E-16, 17.95000000000004192 ) ) ;
#4386 = CIRCLE ( 'NONE', #971, 6.080456575636104866 ) ;
#4387 =( NAMED_UNIT ( * ) PLANE_ANGLE_UNIT ( ) SI_UNIT ( $, .RADIAN. ) );
#4388 = EDGE_CURVE ( 'NONE', #810, #2152, #5406, .T. ) ;
#4389 = DIRECTION ( 'NONE',  ( 0.7071067811865414665, 0.7071067811865536790, 0.000000000000000000 ) ) ;
#4390 = ORIENTED_EDGE ( 'NONE', *, *, #170, .T. ) ;
#4391 = CARTESIAN_POINT ( 'NONE',  ( 6.972266317189437950E-16, 24.93465206644485832, -1.965347933555152471 ) ) ;
#4392 = EDGE_LOOP ( 'NONE', ( #2759, #835, #1670, #3525 ) ) ;
#4393 = CARTESIAN_POINT ( 'NONE',  ( 2.319298998660988431, 22.65262592974429268, -1.339047901208152425 ) ) ;
#4394 = VECTOR ( 'NONE', #4029, 1000.000000000000000 ) ;
#4395 = EDGE_CURVE ( 'NONE', #4802, #3117, #2120, .T. ) ;
#4396 = ORIENTED_EDGE ( 'NONE', *, *, #2866, .T. ) ;
#4397 = EDGE_CURVE ( 'NONE', #5267, #1112, #1498, .T. ) ;
#4398 = CARTESIAN_POINT ( 'NONE',  ( 0.000000000000000000, 0.000000000000000000, -6.218749999999967137 ) ) ;
#4399 = VERTEX_POINT ( 'NONE', #3414 ) ;
#4400 = CARTESIAN_POINT ( 'NONE',  ( -9.374663227676069965, 3.334394902775867031, 3.600000000000000089 ) ) ;
#4401 = CARTESIAN_POINT ( 'NONE',  ( 4.919582178358633841E-16, 21.25262592974430476, 2.678095802416303517 ) ) ;
#4402 = EDGE_CURVE ( 'NONE', #3296, #1601, #463, .T. ) ;
#4403 = CARTESIAN_POINT ( 'NONE',  ( -1.800241603548965674, 23.23297455179782034, 1.039369974415360165 ) ) ;
#4404 = CARTESIAN_POINT ( 'NONE',  ( 3.278135129845476392, 9.007820706583343551, 1.300000000000000044 ) ) ;
#4405 = CARTESIAN_POINT ( 'NONE',  ( 1.159649499330495992, 17.10262592974432749, 2.008571851812227749 ) ) ;
#4406 = EDGE_LOOP ( 'NONE', ( #859, #231, #5076, #4568, #5308, #3514, #3860, #4185, #4447, #429, #1206, #4290, #2355, #551, #2847, #2365, #685 ) ) ;
#4407 = ORIENTED_EDGE ( 'NONE', *, *, #1643, .T. ) ;
#4408 = LINE ( 'NONE', #4846, #3030 ) ;
#4409 = DIRECTION ( 'NONE',  ( -1.000000000000000000, 0.000000000000000000, 0.000000000000000000 ) ) ;
#4410 = ORIENTED_EDGE ( 'NONE', *, *, #981, .F. ) ;
#4411 = CARTESIAN_POINT ( 'NONE',  ( 0.000000000000000000, 0.000000000000000000, 2.500000000000005773 ) ) ;
#4412 = CARTESIAN_POINT ( 'NONE',  ( 2.767075332439473012, -8.090586884989679817, 0.000000000000000000 ) ) ;
#4413 = CARTESIAN_POINT ( 'NONE',  ( -5.656854249492327291, -5.656854249492432096, -1.224646799147351420E-17 ) ) ;
#4414 = DIRECTION ( 'NONE',  ( -0.000000000000000000, -0.000000000000000000, -1.000000000000000000 ) ) ;
#4415 = DIRECTION ( 'NONE',  ( 0.000000000000000000, 0.000000000000000000, 1.000000000000000000 ) ) ;
#4416 = VERTEX_POINT ( 'NONE', #2507 ) ;
#4417 = FACE_OUTER_BOUND ( 'NONE', #3956, .T. ) ;
#4418 = ORIENTED_EDGE ( 'NONE', *, *, #5225, .F. ) ;
#4419 = CARTESIAN_POINT ( 'NONE',  ( -2.319298998660988875, 22.30262592974429481, 0.000000000000000000 ) ) ;
#4420 = EDGE_CURVE ( 'NONE', #3826, #579, #4991, .T. ) ;
#4421 = EDGE_LOOP ( 'NONE', ( #5273, #4190, #1339, #251, #2288 ) ) ;
#4422 = CARTESIAN_POINT ( 'NONE',  ( 10.71429185807062723, 5.292112052865257432, 1.300000000000000044 ) ) ;
#4423 = ORIENTED_EDGE ( 'NONE', *, *, #7, .T. ) ;
#4424 = ADVANCED_FACE ( 'NONE', ( #3362 ), #3303, .F. ) ;
#4425 = DIRECTION ( 'NONE',  ( 0.7071067811865453523, 0.7071067811865496822, -0.000000000000000000 ) ) ;
#4426 = CARTESIAN_POINT ( 'NONE',  ( -2.319298998660989763, 19.30262592974431257, 0.000000000000000000 ) ) ;
#4427 = CARTESIAN_POINT ( 'NONE',  ( -1.800241603548966118, 18.98297455179784166, 0.000000000000000000 ) ) ;
#4428 = VECTOR ( 'NONE', #1335, 1000.000000000000000 ) ;
#4429 = CIRCLE ( 'NONE', #5128, 1.050000000000001821 ) ;
#4430 = CARTESIAN_POINT ( 'NONE',  ( -8.317514421272187874, 6.717514421272207770, 0.000000000000000000 ) ) ;
#4431 = CARTESIAN_POINT ( 'NONE',  ( 3.818583336892907545E-16, 22.73297455179782389, 2.078739948830717665 ) ) ;
#4432 = VERTEX_POINT ( 'NONE', #4579 ) ;
#4433 = ORIENTED_EDGE ( 'NONE', *, *, #4388, .T. ) ;
#4434 = CARTESIAN_POINT ( 'NONE',  ( 1.159649499330512201, 16.50262592974432962, 2.008571851812217979 ) ) ;
#4435 = CIRCLE ( 'NONE', #2521, 9.949999999999981526 ) ;
#4436 = LINE ( 'NONE', #1479, #4473 ) ;
#4437 = ORIENTED_EDGE ( 'NONE', *, *, #3138, .F. ) ;
#4438 = CARTESIAN_POINT ( 'NONE',  ( -8.986661186536551327, -4.271114692723320339, 3.599999999999999201 ) ) ;
#4439 = CARTESIAN_POINT ( 'NONE',  ( -9.185996884128961426, 3.321864870154491722, 0.000000000000000000 ) ) ;
#4440 = CARTESIAN_POINT ( 'NONE',  ( -8.986661186536613499, 4.271114692723197770, 0.000000000000000000 ) ) ;
#4441 = FACE_OUTER_BOUND ( 'NONE', #2072, .T. ) ;
#4442 = ORIENTED_EDGE ( 'NONE', *, *, #4722, .F. ) ;
#4443 = CARTESIAN_POINT ( 'NONE',  ( -8.135996884128957163, 3.321864870154491722, 6.000000000000000000 ) ) ;
#4444 = VERTEX_POINT ( 'NONE', #2147 ) ;
#4445 = ADVANCED_FACE ( 'NONE', ( #4143 ), #822, .F. ) ;
#4446 = CARTESIAN_POINT ( 'NONE',  ( 1.159649499330493994, 21.50262592974430120, -2.008571851812227305 ) ) ;
#4447 = ORIENTED_EDGE ( 'NONE', *, *, #4567, .F. ) ;
#4448 = PLANE ( 'NONE',  #564 ) ;
#4449 = VERTEX_POINT ( 'NONE', #3762 ) ;
#4450 = PLANE ( 'NONE',  #2985 ) ;
#4451 = CARTESIAN_POINT ( 'NONE',  ( -1.639860726119544942E-16, 19.75262592974431541, -2.678095802416303517 ) ) ;
#4452 = CARTESIAN_POINT ( 'NONE',  ( -0.9001208017744832812, 21.28297455179782816, -1.559054961623038693 ) ) ;
#4453 = CARTESIAN_POINT ( 'NONE',  ( -2.399999999999999911, 25.00000000000000000, -5.539323897681383358E-13 ) ) ;
#4454 = CARTESIAN_POINT ( 'NONE',  ( -1.800241603548966118, 22.58297455179782176, 0.000000000000000000 ) ) ;
#4455 = ORIENTED_EDGE ( 'NONE', *, *, #792, .F. ) ;
#4456 = ORIENTED_EDGE ( 'NONE', *, *, #2431, .F. ) ;
#4457 = CARTESIAN_POINT ( 'NONE',  ( 2.767075332439402402, 8.090586884989674488, 0.000000000000000000 ) ) ;
#4458 = AXIS2_PLACEMENT_3D ( 'NONE', #213, #651, #5287 ) ;
#4459 = DIRECTION ( 'NONE',  ( 1.000000000000000000, 0.000000000000000000, 0.000000000000000000 ) ) ;
#4460 = ORIENTED_EDGE ( 'NONE', *, *, #3986, .F. ) ;
#4461 = CARTESIAN_POINT ( 'NONE',  ( -3.321864870154459748, -9.185996884128973861, 6.000000000000000000 ) ) ;
#4462 = EDGE_CURVE ( 'NONE', #1491, #1883, #1294, .T. ) ;
#4463 = CARTESIAN_POINT ( 'NONE',  ( 5.601875593886424450E-15, 22.73297455179782389, 2.078739948830718109 ) ) ;
#4464 = EDGE_CURVE ( 'NONE', #5351, #2592, #1, .T. ) ;
#4465 = CARTESIAN_POINT ( 'NONE',  ( -9.925054528176918467, -3.789194927251613443, 0.000000000000000000 ) ) ;
#4466 = ADVANCED_FACE ( 'NONE', ( #4521 ), #1678, .T. ) ;
#4467 = SURFACE_STYLE_FILL_AREA ( #5317 ) ;
#4468 = MECHANICAL_DESIGN_GEOMETRIC_PRESENTATION_REPRESENTATION (  '', ( #2460 ), #4208 ) ;
#4469 = FACE_OUTER_BOUND ( 'NONE', #4957, .T. ) ;
#4470 = ORIENTED_EDGE ( 'NONE', *, *, #1914, .F. ) ;
#4471 = DIRECTION ( 'NONE',  ( -3.491481338843133355E-15, 1.000000000000000000, 0.000000000000000000 ) ) ;
#4472 = ORIENTED_EDGE ( 'NONE', *, *, #2227, .F. ) ;
#4473 = VECTOR ( 'NONE', #185, 1000.000000000000000 ) ;
#4474 = CARTESIAN_POINT ( 'NONE',  ( -1.159649499330494660, 20.40262592974430689, -2.008571851812227305 ) ) ;
#4475 = VECTOR ( 'NONE', #1948, 1000.000000000000000 ) ;
#4476 = ORIENTED_EDGE ( 'NONE', *, *, #2735, .T. ) ;
#4477 = CARTESIAN_POINT ( 'NONE',  ( 2.778967435556481291, 0.1924264824948780095, 0.000000000000000000 ) ) ;
#4478 = ORIENTED_EDGE ( 'NONE', *, *, #220, .T. ) ;
#4479 = CIRCLE ( 'NONE', #2125, 13.94999999999999929 ) ;
#4480 = CARTESIAN_POINT ( 'NONE',  ( 2.319298998660990652, 18.35262592974432039, 1.339047901208151092 ) ) ;
#4481 = CARTESIAN_POINT ( 'NONE',  ( -0.9001208017744832812, 20.08297455179783597, -1.559054961623038693 ) ) ;
#4482 = DIRECTION ( 'NONE',  ( -0.000000000000000000, -0.000000000000000000, 1.000000000000000000 ) ) ;
#4483 = CARTESIAN_POINT ( 'NONE',  ( 0.9001208017744826151, 24.18297455179781252, -1.559054961623038915 ) ) ;
#4484 = ORIENTED_EDGE ( 'NONE', *, *, #2028, .T. ) ;
#4485 = CARTESIAN_POINT ( 'NONE',  ( -10.73583981544116206, 5.248260993623373061, 1.300000000000000044 ) ) ;
#4486 = CARTESIAN_POINT ( 'NONE',  ( 0.000000000000000000, 25.00000000000000000, 0.000000000000000000 ) ) ;
#4487 = LINE ( 'NONE', #1165, #522 ) ;
#4488 = EDGE_CURVE ( 'NONE', #4256, #831, #965, .T. ) ;
#4489 = ORIENTED_EDGE ( 'NONE', *, *, #2357, .T. ) ;
#4490 = DIRECTION ( 'NONE',  ( -0.000000000000000000, -0.000000000000000000, 1.000000000000000000 ) ) ;
#4491 = CARTESIAN_POINT ( 'NONE',  ( 1.800241603548968117, 21.03297455179783526, 1.039369974415355058 ) ) ;
#4492 = CARTESIAN_POINT ( 'NONE',  ( -3.321864870154523697, 9.185996884128948992, 0.000000000000000000 ) ) ;
#4493 = EDGE_CURVE ( 'NONE', #4065, #5148, #3387, .T. ) ;
#4494 = B_SPLINE_CURVE_WITH_KNOTS ( 'NONE', 3,
 ( #3439, #3081, #485, #2668, #2585, #1318, #566, #4684, #1344, #3491, #2561, #4247, #5152, #3053, #2610, #4660, #5179, #541, #2249, #1757, #2171, #1839, #3838, #78, #1430, #4768, #4225, #462, #2146, #1455 ),
 .UNSPECIFIED., .F., .F.,
 ( 4, 2, 2, 2, 2, 2, 2, 2, 2, 2, 2, 2, 2, 2, 4 ),
 ( 0.006380476098479860927, 0.007188039537968763520, 0.007591821257713214817, 0.007995602977457666113, 0.008399384697202118277, 0.008803166416946568706, 0.009206948136691019136, 0.009610729856435471299, 0.01001451157617992346, 0.01041829329592437389, 0.01082207501566882432, 0.01122585673541327649, 0.01203342017490217908, 0.01243720189464662951, 0.01284098361439108167 ),
 .UNSPECIFIED. ) ;
#4495 = CARTESIAN_POINT ( 'NONE',  ( 3.278135129845539897, -9.007820706583318682, 6.000000000000000000 ) ) ;
#4496 = DIRECTION ( 'NONE',  ( -1.000000000000000000, 0.000000000000000000, 0.000000000000000000 ) ) ;
#4497 = ORIENTED_EDGE ( 'NONE', *, *, #4532, .T. ) ;
#4498 = CARTESIAN_POINT ( 'NONE',  ( -0.6932355172887835204, 24.95671444420064233, -1.824016031892795819 ) ) ;
#4499 = VERTEX_POINT ( 'NONE', #356 ) ;
#4500 = CARTESIAN_POINT ( 'NONE',  ( -1.159649499330494660, 21.60262592974429907, -2.008571851812227305 ) ) ;
#4501 = ORIENTED_EDGE ( 'NONE', *, *, #913, .F. ) ;
#4502 = DIRECTION ( 'NONE',  ( -0.000000000000000000, -0.000000000000000000, -1.000000000000000000 ) ) ;
#4503 = ORIENTED_EDGE ( 'NONE', *, *, #345, .F. ) ;
#4504 = ADVANCED_FACE ( 'NONE', ( #5378 ), #1619, .F. ) ;
#4505 = CARTESIAN_POINT ( 'NONE',  ( -1.800241603548965674, 22.03297455179782460, 1.039369974415360165 ) ) ;
#4506 = AXIS2_PLACEMENT_3D ( 'NONE', #2045, #2073, #5385 ) ;
#4507 = LINE ( 'NONE', #290, #4745 ) ;
#4508 = CARTESIAN_POINT ( 'NONE',  ( -0.9001208017744819490, 22.08297455179782531, 1.559054961623039581 ) ) ;
#4509 = AXIS2_PLACEMENT_3D ( 'NONE', #2659, #3556, #555 ) ;
#4510 = CARTESIAN_POINT ( 'NONE',  ( 4.195368951439092164, 8.496760909177261567, 1.300000000000000044 ) ) ;
#4511 = EDGE_CURVE ( 'NONE', #993, #1279, #2611, .T. ) ;
#4512 = CARTESIAN_POINT ( 'NONE',  ( -9.925054528176918467, -3.789194927251613443, 6.000000000000000000 ) ) ;
#4513 = DIRECTION ( 'NONE',  ( 0.000000000000000000, 0.000000000000000000, 1.000000000000000000 ) ) ;
#4514 = ORIENTED_EDGE ( 'NONE', *, *, #5151, .T. ) ;
#4515 = DIRECTION ( 'NONE',  ( -1.000000000000000000, 0.000000000000000000, 0.000000000000000000 ) ) ;
#4516 = AXIS2_PLACEMENT_3D ( 'NONE', #3194, #279, #717 ) ;
#4517 = CARTESIAN_POINT ( 'NONE',  ( -1.800241603548972336, 20.73297455179783455, -1.039369974415348619 ) ) ;
#4518 = CARTESIAN_POINT ( 'NONE',  ( -1.800241603548966118, 24.98297455179780613, 0.000000000000000000 ) ) ;
#4519 = CYLINDRICAL_SURFACE ( 'NONE', #1392, 9.949999999999979750 ) ;
#4520 = CARTESIAN_POINT ( 'NONE',  ( 1.159649499330485778, 19.10262592974431328, -2.008571851812232190 ) ) ;
#4521 = FACE_OUTER_BOUND ( 'NONE', #2739, .T. ) ;
#4522 = DIRECTION ( 'NONE',  ( -0.000000000000000000, -0.000000000000000000, 1.000000000000000000 ) ) ;
#4523 = ORIENTED_EDGE ( 'NONE', *, *, #4167, .T. ) ;
#4524 = CARTESIAN_POINT ( 'NONE',  ( 4.086042306639758925E-16, -1.453329928648908071E-16, -6.218749999999967137 ) ) ;
#4525 = CARTESIAN_POINT ( 'NONE',  ( 1.159649499330495548, 21.90262592974429623, 2.008571851812226861 ) ) ;
#4526 = CARTESIAN_POINT ( 'NONE',  ( 12.59938930172719473, 5.988145724973826134, 3.600000000000000089 ) ) ;
#4527 = VERTEX_POINT ( 'NONE', #4661 ) ;
#4528 = DIRECTION ( 'NONE',  ( -0.4391850203868899460, -0.8983966372754113028, 0.000000000000000000 ) ) ;
#4529 = VERTEX_POINT ( 'NONE', #3890 ) ;
#4530 = ADVANCED_FACE ( 'NONE', ( #567 ), #3441, .T. ) ;
#4531 = CARTESIAN_POINT ( 'NONE',  ( 0.9001208017744826151, 21.78297455179782460, -1.559054961623038915 ) ) ;
#4532 = EDGE_CURVE ( 'NONE', #4527, #4886, #1060, .T. ) ;
#4533 = DIRECTION ( 'NONE',  ( -0.000000000000000000, -0.000000000000000000, 1.000000000000000000 ) ) ;
#4534 = CARTESIAN_POINT ( 'NONE',  ( 1.800241603548966784, 24.03297455179781394, 1.039369974415358611 ) ) ;
#4535 = ORIENTED_EDGE ( 'NONE', *, *, #4911, .T. ) ;
#4536 = CARTESIAN_POINT ( 'NONE',  ( 9.374663227676071742, 3.334394902775866143, 3.600000000000000089 ) ) ;
#4537 = AXIS2_PLACEMENT_3D ( 'NONE', #2755, #4027, #1095 ) ;
#4538 = CARTESIAN_POINT ( 'NONE',  ( 4.674855165198473550, -13.14337206292270821, 3.600000000000000089 ) ) ;
#4539 = CIRCLE ( 'NONE', #2187, 1.050000000000002265 ) ;
#4540 = PLANE ( 'NONE',  #4556 ) ;
#4541 = ORIENTED_EDGE ( 'NONE', *, *, #4726, .F. ) ;
#4542 = CARTESIAN_POINT ( 'NONE',  ( 9.185996884128961426, 3.321864870154491722, 6.000000000000000000 ) ) ;
#4543 = CARTESIAN_POINT ( 'NONE',  ( 1.800241603548961900, 22.33297455179782531, -1.039369974415366382 ) ) ;
#4544 = CARTESIAN_POINT ( 'NONE',  ( 4.674855165198289697, 13.14337206292277394, 3.600000000000000089 ) ) ;
#4545 = CARTESIAN_POINT ( 'NONE',  ( -1.833407497040945522, 24.69146401598761287, 1.238546637380371518 ) ) ;
#4546 = VECTOR ( 'NONE', #3106, 1000.000000000000000 ) ;
#4547 = CARTESIAN_POINT ( 'NONE',  ( 2.319298998660991540, 20.15262592974431399, 1.339047901208146429 ) ) ;
#4548 = CARTESIAN_POINT ( 'NONE',  ( 0.000000000000000000, 0.000000000000000000, 4.000000000000006217 ) ) ;
#4549 = DIRECTION ( 'NONE',  ( -1.000000000000000000, 0.000000000000000000, 0.000000000000000000 ) ) ;
#4550 = ORIENTED_EDGE ( 'NONE', *, *, #1319, .T. ) ;
#4551 = LINE ( 'NONE', #3364, #749 ) ;
#4552 = FACE_OUTER_BOUND ( 'NONE', #1415, .T. ) ;
#4553 = AXIS2_PLACEMENT_3D ( 'NONE', #2483, #1679, #2889 ) ;
#4554 = CARTESIAN_POINT ( 'NONE',  ( -2.319298998660988875, 16.90262592974432820, 0.000000000000000000 ) ) ;
#4555 = CONICAL_SURFACE ( 'NONE', #2481, 11.95000000000000995, 0.7853981633974469467 ) ;
#4556 = AXIS2_PLACEMENT_3D ( 'NONE', #428, #4571, #4599 ) ;
#4557 = ORIENTED_EDGE ( 'NONE', *, *, #4189, .F. ) ;
#4558 = LINE ( 'NONE', #804, #1454 ) ;
#4559 = VERTEX_POINT ( 'NONE', #4685 ) ;
#4561 = EDGE_CURVE ( 'NONE', #3908, #2450, #4562, .T. ) ;
#4560 = CARTESIAN_POINT ( 'NONE',  ( 3.818583336892907545E-16, 16.13297455179786155, 2.078739948830717665 ) ) ;
#4562 = CIRCLE ( 'NONE', #2734, 13.94999999999999929 ) ;
#4563 = FACE_OUTER_BOUND ( 'NONE', #1603, .T. ) ;
#4564 = CARTESIAN_POINT ( 'NONE',  ( -1.800241603548965674, 20.23297455179783810, 1.039369974415360165 ) ) ;
#4565 = AXIS2_PLACEMENT_3D ( 'NONE', #4871, #256, #3989 ) ;
#4566 = VERTEX_POINT ( 'NONE', #4274 ) ;
#4567 = EDGE_CURVE ( 'NONE', #579, #412, #5261, .T. ) ;
#4568 = ORIENTED_EDGE ( 'NONE', *, *, #4720, .F. ) ;
#4569 = DIRECTION ( 'NONE',  ( 1.000000000000000000, 0.000000000000000000, 0.000000000000000000 ) ) ;
#4570 = CONICAL_SURFACE ( 'NONE', #2645, 13.94999999999999929, 1.012197011451335449 ) ;
#4571 = DIRECTION ( 'NONE',  ( 0.000000000000000000, 0.000000000000000000, -1.000000000000000000 ) ) ;
#4572 = VERTEX_POINT ( 'NONE', #985 ) ;
#4573 = CYLINDRICAL_SURFACE ( 'NONE', #5064, 9.949999999999981526 ) ;
#4574 = CARTESIAN_POINT ( 'NONE',  ( -1.800241603548967673, 22.53297455179782460, -1.039369974415356390 ) ) ;
#4575 = DIRECTION ( 'NONE',  ( 0.000000000000000000, -0.000000000000000000, -1.000000000000000000 ) ) ;
#4576 = CARTESIAN_POINT ( 'NONE',  ( -3.334394902775899006, 9.374663227676061084, 3.600000000000000089 ) ) ;
#4577 = EDGE_CURVE ( 'NONE', #4641, #4108, #360, .T. ) ;
#4578 = CARTESIAN_POINT ( 'NONE',  ( -1.159649499330500433, 19.80262592974430902, -2.008571851812223752 ) ) ;
#4579 = CARTESIAN_POINT ( 'NONE',  ( -3.782692346233623493, -10.12946815411574342, 6.000000000000000000 ) ) ;
#4580 = DIRECTION ( 'NONE',  ( 1.000000000000000000, 0.000000000000000000, 0.000000000000000000 ) ) ;
#4581 = ORIENTED_EDGE ( 'NONE', *, *, #4182, .F. ) ;
#4582 = DIRECTION ( 'NONE',  ( -1.000000000000000000, 0.000000000000000000, 0.000000000000000000 ) ) ;
#4583 = DIRECTION ( 'NONE',  ( 0.4292577580626272815, 0.9031820287976544126, -0.000000000000000000 ) ) ;
#4584 = CARTESIAN_POINT ( 'NONE',  ( -2.319298998660988875, 16.85262592974432749, -1.339047901208151092 ) ) ;
#4585 = SHAPE_REPRESENTATION ( 'motor upper part_Varsay考an', ( #4805 ), #2969 ) ;
#4586 = ORIENTED_EDGE ( 'NONE', *, *, #2857, .F. ) ;
#4587 = CYLINDRICAL_SURFACE ( 'NONE', #5389, 1.599999999999999867 ) ;
#4588 = ORIENTED_EDGE ( 'NONE', *, *, #3109, .F. ) ;
#4589 = CARTESIAN_POINT ( 'NONE',  ( 1.800241603548966118, 18.08297455179785018, -2.204660117478139918E-16 ) ) ;
#4590 = AXIS2_PLACEMENT_3D ( 'NONE', #5420, #727, #2525 ) ;
#4591 = EDGE_CURVE ( 'NONE', #1353, #5040, #3025, .T. ) ;
#4592 = CARTESIAN_POINT ( 'NONE',  ( 0.000000000000000000, 0.000000000000000000, 0.000000000000000000 ) ) ;
#4593 = CARTESIAN_POINT ( 'NONE',  ( -0.9001208017744832812, 20.08297455179783597, -1.559054961623038693 ) ) ;
#4594 = ORIENTED_EDGE ( 'NONE', *, *, #1439, .T. ) ;
#4595 = CIRCLE ( 'NONE', #2505, 6.080456575636104866 ) ;
#4596 = CARTESIAN_POINT ( 'NONE',  ( -8.135996884128957163, 3.321864870154491722, 0.000000000000000000 ) ) ;
#4597 = FACE_OUTER_BOUND ( 'NONE', #4921, .T. ) ;
#4598 = VECTOR ( 'NONE', #3175, 999.9999999999998863 ) ;
#4599 = DIRECTION ( 'NONE',  ( -0.7071067811865561215, 0.7071067811865389130, 0.000000000000000000 ) ) ;
#4600 = ORIENTED_EDGE ( 'NONE', *, *, #1999, .T. ) ;
#4601 = CARTESIAN_POINT ( 'NONE',  ( 0.000000000000000000, 25.00000000000000000, 0.000000000000000000 ) ) ;
#4602 = CARTESIAN_POINT ( 'NONE',  ( -1.800241603548966118, 19.58297455179783952, 1.675987415160897487E-14 ) ) ;
#4603 = CARTESIAN_POINT ( 'NONE',  ( 4.271114692723351425, -8.986661186536538892, 3.600000000000000089 ) ) ;
#4604 = DIRECTION ( 'NONE',  ( -1.000000000000000000, 0.000000000000000000, 0.000000000000000000 ) ) ;
#4605 = ADVANCED_FACE ( 'NONE', ( #3867 ), #595, .F. ) ;
#4606 = CARTESIAN_POINT ( 'NONE',  ( -2.319298998660988875, 19.90262592974431044, 3.798571901737530995E-15 ) ) ;
#4607 = VECTOR ( 'NONE', #3573, 1000.000000000000000 ) ;
#4608 = DIRECTION ( 'NONE',  ( 1.000000000000000000, 0.000000000000000000, 0.000000000000000000 ) ) ;
#4609 = DIRECTION ( 'NONE',  ( 1.000000000000000000, 0.000000000000000000, 0.000000000000000000 ) ) ;
#4610 = FACE_OUTER_BOUND ( 'NONE', #2635, .T. ) ;
#4611 = PLANE ( 'NONE',  #3245 ) ;
#4612 = CARTESIAN_POINT ( 'NONE',  ( 1.159649499330495548, 16.50262592974432962, 2.008571851812226861 ) ) ;
#4613 = AXIS2_PLACEMENT_3D ( 'NONE', #4250, #3112, #3055 ) ;
#4614 = ORIENTED_EDGE ( 'NONE', *, *, #5293, .T. ) ;
#4615 = CARTESIAN_POINT ( 'NONE',  ( -4.000000000000000000, 0.000000000000000000, 6.000000000000000000 ) ) ;
#4616 = ORIENTED_EDGE ( 'NONE', *, *, #2071, .F. ) ;
#4617 = CARTESIAN_POINT ( 'NONE',  ( 1.800241603548966784, 16.23297455179786297, 1.039369974415358611 ) ) ;
#4618 = AXIS2_PLACEMENT_3D ( 'NONE', #3490, #4271, #1782 ) ;
#4619 = CARTESIAN_POINT ( 'NONE',  ( -4.056854249492328535, -5.656854249492432096, 6.000000000000000000 ) ) ;
#4620 = CARTESIAN_POINT ( 'NONE',  ( -1.272861112297636013E-16, 21.23297455179783100, -2.078739948830717665 ) ) ;
#4621 = ORIENTED_EDGE ( 'NONE', *, *, #3803, .T. ) ;
#4622 = DIRECTION ( 'NONE',  ( 1.000000000000000000, 0.000000000000000000, 0.000000000000000000 ) ) ;
#4623 = CARTESIAN_POINT ( 'NONE',  ( -1.159649499330493327, 23.00262592974429054, 2.008571851812229081 ) ) ;
#4624 = CARTESIAN_POINT ( 'NONE',  ( 0.000000000000000000, 0.000000000000000000, 1.300000000000000044 ) ) ;
#4625 = CARTESIAN_POINT ( 'NONE',  ( -5.988145724973692907, -12.59938930172725691, 3.600000000000000089 ) ) ;
#4626 = AXIS2_PLACEMENT_3D ( 'NONE', #1201, #1290, #4604 ) ;
#4627 = VERTEX_POINT ( 'NONE', #5121 ) ;
#4628 = CARTESIAN_POINT ( 'NONE',  ( -0.9001208017744892764, 18.28297455179784592, -1.559054961623035362 ) ) ;
#4629 = DIRECTION ( 'NONE',  ( 1.000000000000000000, 0.000000000000000000, 0.000000000000000000 ) ) ;
#4630 = CARTESIAN_POINT ( 'NONE',  ( -1.251337728135582861, 24.59691983912728119, -1.938069911920418109 ) ) ;
#4631 = CARTESIAN_POINT ( 'NONE',  ( 1.159649499330507982, 18.90262592974431399, 2.008571851812219311 ) ) ;
#4632 = EDGE_CURVE ( 'NONE', #3799, #3241, #3054, .T. ) ;
#4633 = CARTESIAN_POINT ( 'NONE',  ( 8.986661186536643697, -4.271114692723132933, 3.600000000000000089 ) ) ;
#4634 = DIRECTION ( 'NONE',  ( 0.000000000000000000, 0.000000000000000000, -1.000000000000000000 ) ) ;
#4635 = AXIS2_PLACEMENT_3D ( 'NONE', #1786, #3113, #4310 ) ;
#4636 = CARTESIAN_POINT ( 'NONE',  ( -4.271114692723165795, -8.986661186536627710, 3.600000000000000089 ) ) ;
#4637 = ADVANCED_FACE ( 'NONE', ( #954 ), #1864, .F. ) ;
#4638 = CARTESIAN_POINT ( 'NONE',  ( -2.319298998660988875, 19.25262592974431541, -1.339047901208151092 ) ) ;
#4639 = ORIENTED_EDGE ( 'NONE', *, *, #457, .F. ) ;
#4640 = DIRECTION ( 'NONE',  ( -0.000000000000000000, -0.000000000000000000, -1.000000000000000000 ) ) ;
#4641 = VERTEX_POINT ( 'NONE', #1400 ) ;
#4642 = CARTESIAN_POINT ( 'NONE',  ( -1.272861112297636013E-16, 18.23297455179784876, -2.078739948830717665 ) ) ;
#4643 = VECTOR ( 'NONE', #4273, 999.9999999999998863 ) ;
#4644 = CARTESIAN_POINT ( 'NONE',  ( 0.000000000000000000, 0.000000000000000000, 3.600000000000000089 ) ) ;
#4645 = CARTESIAN_POINT ( 'NONE',  ( 0.9001208017744838363, 19.18297455179784095, 1.559054961623038471 ) ) ;
#4646 = ORIENTED_EDGE ( 'NONE', *, *, #438, .F. ) ;
#4647 = CARTESIAN_POINT ( 'NONE',  ( -4.674855165198197327, -13.14337206292280769, 2.500000000000012434 ) ) ;
#4648 = AXIS2_PLACEMENT_3D ( 'NONE', #1320, #3001, #487 ) ;
#4649 = CARTESIAN_POINT ( 'NONE',  ( 4.919582178358633841E-16, 23.05262592974429126, 2.678095802416303517 ) ) ;
#4650 = AXIS2_PLACEMENT_3D ( 'NONE', #2578, #4242, #5088 ) ;
#4651 = DIRECTION ( 'NONE',  ( -0.000000000000000000, -0.000000000000000000, 1.000000000000000000 ) ) ;
#4652 = CARTESIAN_POINT ( 'NONE',  ( 2.319298998660988875, 24.45262592974428273, -1.339047901208151536 ) ) ;
#4653 = ORIENTED_EDGE ( 'NONE', *, *, #2800, .T. ) ;
#4654 = UNCERTAINTY_MEASURE_WITH_UNIT (LENGTH_MEASURE( 1.000000000000000082E-05 ), #540, 'distance_accuracy_value', 'NONE');
#4655 = CARTESIAN_POINT ( 'NONE',  ( 0.9001208017744952716, 17.38297455179785445, 1.559054961623031588 ) ) ;
#4656 =( NAMED_UNIT ( * ) SI_UNIT ( $, .STERADIAN. ) SOLID_ANGLE_UNIT ( ) );
#4657 = VECTOR ( 'NONE', #2728, 1000.000000000000114 ) ;
#4658 = APPLICATION_PROTOCOL_DEFINITION ( 'draft international standard', 'automotive_design', 1998, #1289 ) ;
#4659 = EDGE_CURVE ( 'NONE', #4262, #1963, #2224, .T. ) ;
#4660 = CARTESIAN_POINT ( 'NONE',  ( 2.059984402845808749, 24.84351997435505055, -0.06342567703001515678 ) ) ;
#4661 = CARTESIAN_POINT ( 'NONE',  ( -8.986661186536609947, 4.271114692723195994, 0.5000000000000000000 ) ) ;
#4662 = ADVANCED_FACE ( 'NONE', ( #4331 ), #4769, .F. ) ;
#4663 = DIRECTION ( 'NONE',  ( -0.000000000000000000, -0.000000000000000000, 1.000000000000000000 ) ) ;
#4664 = CARTESIAN_POINT ( 'NONE',  ( 0.000000000000000000, 0.000000000000000000, 2.500000000000005773 ) ) ;
#4665 = CARTESIAN_POINT ( 'NONE',  ( 2.319298998660989319, 17.75262592974432252, 1.339047901208150648 ) ) ;
#4666 = EDGE_CURVE ( 'NONE', #5102, #1279, #2908, .T. ) ;
#4667 = ORIENTED_EDGE ( 'NONE', *, *, #4747, .T. ) ;
#4668 = DIRECTION ( 'NONE',  ( -0.7989646751445420580, -0.2841770072801158564, 0.5299989400031790421 ) ) ;
#4669 = EDGE_LOOP ( 'NONE', ( #4314, #604, #3586, #4318, #4005, #2255, #2655, #102, #2933, #4049, #3674, #3529, #4118, #122, #2496, #1383, #5051, #5026, #4288, #5084 ) ) ;
#4670 = CARTESIAN_POINT ( 'NONE',  ( 3.818583336892907545E-16, 17.33297455179785729, 2.078739948830717665 ) ) ;
#4671 = LINE ( 'NONE', #914, #1068 ) ;
#4672 = CARTESIAN_POINT ( 'NONE',  ( -1.272861112297636013E-16, 15.83297455179786439, -2.078739948830717665 ) ) ;
#4673 = VERTEX_POINT ( 'NONE', #5072 ) ;
#4674 = CARTESIAN_POINT ( 'NONE',  ( -0.1924264824948682950, -2.778967435556482179, 0.000000000000000000 ) ) ;
#4675 = CARTESIAN_POINT ( 'NONE',  ( 2.319298998660990652, 22.55262592974429481, 1.339047901208151092 ) ) ;
#4676 = LINE ( 'NONE', #920, #4309 ) ;
#4677 = CARTESIAN_POINT ( 'NONE',  ( -2.319298998660984434, 22.35262592974429552, 1.339047901208159974 ) ) ;
#4678 = EDGE_CURVE ( 'NONE', #3231, #4416, #4126, .T. ) ;
#4679 = ORIENTED_EDGE ( 'NONE', *, *, #1515, .T. ) ;
#4680 = CARTESIAN_POINT ( 'NONE',  ( -0.9001208017744799506, 17.28297455179785302, 1.559054961623040469 ) ) ;
#4681 = DIRECTION ( 'NONE',  ( 0.8965934609264115673, 0.4428545650933264910, 0.000000000000000000 ) ) ;
#4682 = CIRCLE ( 'NONE', #1360, 9.949999999999979750 ) ;
#4683 = SHAPE_DEFINITION_REPRESENTATION ( #1879, #1187 ) ;
#4684 = CARTESIAN_POINT ( 'NONE',  ( 1.544985226177280735, 24.79708271669726471, 1.432954392490070061 ) ) ;
#4685 = CARTESIAN_POINT ( 'NONE',  ( 5.988145724973955808, -12.59938930172713256, 3.600000000000000089 ) ) ;
#4686 = AXIS2_PLACEMENT_3D ( 'NONE', #3745, #1658, #3284 ) ;
#4687 = DIRECTION ( 'NONE',  ( 1.000000000000000000, 0.000000000000000000, 0.000000000000000000 ) ) ;
#4688 = FACE_BOUND ( 'NONE', #3049, .T. ) ;
#4689 = CARTESIAN_POINT ( 'NONE',  ( -1.159649499330492883, 15.80262592974433744, 2.008571851812228193 ) ) ;
#4690 = AXIS2_PLACEMENT_3D ( 'NONE', #2811, #3168, #4471 ) ;
#4691 = VERTEX_POINT ( 'NONE', #3839 ) ;
#4692 = DIRECTION ( 'NONE',  ( 3.304235192336768412E-15, -1.000000000000000000, 0.000000000000000000 ) ) ;
#4693 = ORIENTED_EDGE ( 'NONE', *, *, #4135, .F. ) ;
#4694 = VECTOR ( 'NONE', #1046, 1000.000000000000227 ) ;
#4695 = CARTESIAN_POINT ( 'NONE',  ( -2.319298998660987987, 24.75262592974428344, 1.339047901208152647 ) ) ;
#4696 = CARTESIAN_POINT ( 'NONE',  ( 0.000000000000000000, 0.000000000000000000, 2.500000000000005773 ) ) ;
#4697 = ORIENTED_EDGE ( 'NONE', *, *, #2311, .F. ) ;
#4698 = CARTESIAN_POINT ( 'NONE',  ( 3.818583336892907545E-16, 16.73297455179785587, 2.078739948830717665 ) ) ;
#4699 = VERTEX_POINT ( 'NONE', #79 ) ;
#4700 = CARTESIAN_POINT ( 'NONE',  ( 0.000000000000000000, 0.000000000000000000, 0.5000000000000000000 ) ) ;
#4701 = CARTESIAN_POINT ( 'NONE',  ( -1.159649499330493327, 23.60262592974428841, 2.008571851812229081 ) ) ;
#4702 = EDGE_CURVE ( 'NONE', #321, #2155, #1759, .T. ) ;
#4703 = DIRECTION ( 'NONE',  ( -0.000000000000000000, -0.000000000000000000, -1.000000000000000000 ) ) ;
#4704 = CARTESIAN_POINT ( 'NONE',  ( -2.319298998660988875, 17.55262592974432678, 1.339047901208153091 ) ) ;
#4705 = CARTESIAN_POINT ( 'NONE',  ( 2.319298998660989763, 23.15262592974429268, 1.339047901208149316 ) ) ;
#4706 = EDGE_LOOP ( 'NONE', ( #4396, #4149, #1847, #1534 ) ) ;
#4707 = CARTESIAN_POINT ( 'NONE',  ( 0.9001208017744753986, 18.78297455179784592, -1.559054961623043134 ) ) ;
#4708 = DIRECTION ( 'NONE',  ( 0.8985440666540870369, 0.4388833105516039557, 0.000000000000000000 ) ) ;
#4709 = DIRECTION ( 'NONE',  ( 0.1006061447521146568, 0.9949263307592761674, -2.102823076595943606E-17 ) ) ;
#4710 = VECTOR ( 'NONE', #1699, 1000.000000000000000 ) ;
#4711 = CARTESIAN_POINT ( 'NONE',  ( 0.000000000000000000, 0.000000000000000000, 3.600000000000000089 ) ) ;
#4712 = DIRECTION ( 'NONE',  ( 1.000000000000000000, 0.000000000000000000, 0.000000000000000000 ) ) ;
#4713 = DIRECTION ( 'NONE',  ( 0.7071067811865413555, 0.7071067811865535679, 0.000000000000000000 ) ) ;
#4714 = FACE_OUTER_BOUND ( 'NONE', #3797, .T. ) ;
#4715 = AXIS2_PLACEMENT_3D ( 'NONE', #826, #2566, #2069 ) ;
#4716 = ORIENTED_EDGE ( 'NONE', *, *, #2129, .T. ) ;
#4717 = DIRECTION ( 'NONE',  ( 1.000000000000000000, 0.000000000000000000, 0.000000000000000000 ) ) ;
#4718 = EDGE_LOOP ( 'NONE', ( #4180, #1156, #4859, #2967, #193, #745 ) ) ;
#4719 = CARTESIAN_POINT ( 'NONE',  ( -1.159649499330494660, 25.20262592974427918, -2.008571851812227305 ) ) ;
#4720 = EDGE_CURVE ( 'NONE', #2782, #816, #2202, .T. ) ;
#4721 = AXIS2_PLACEMENT_3D ( 'NONE', #4987, #3384, #4139 ) ;
#4722 = EDGE_CURVE ( 'NONE', #1990, #5240, #448, .T. ) ;
#4723 = ORIENTED_EDGE ( 'NONE', *, *, #550, .T. ) ;
#4724 = CARTESIAN_POINT ( 'NONE',  ( 0.9001208017744838363, 16.78297455179785658, 1.559054961623038471 ) ) ;
#4725 = ORIENTED_EDGE ( 'NONE', *, *, #2338, .F. ) ;
#4726 = EDGE_CURVE ( 'NONE', #4262, #907, #2999, .T. ) ;
#4727 = LINE ( 'NONE', #4212, #2514 ) ;
#4728 = CARTESIAN_POINT ( 'NONE',  ( -1.159649499330495104, 22.80262592974429126, -2.008571851812227749 ) ) ;
#4729 = CARTESIAN_POINT ( 'NONE',  ( 13.94999999999999929, 1.708382284810557565E-15, 3.600000000000000089 ) ) ;
#4730 = AXIS2_PLACEMENT_3D ( 'NONE', #107, #2639, #3866 ) ;
#4731 = B_SPLINE_CURVE_WITH_KNOTS ( 'NONE', 3,
 ( #3454, #3015, #4263, #499 ),
 .UNSPECIFIED., .F., .F.,
 ( 4, 4 ),
 ( 3.576224061345498009E-18, 0.002829367955020220191 ),
 .UNSPECIFIED. ) ;
#4732 = CARTESIAN_POINT ( 'NONE',  ( 0.000000000000000000, 0.000000000000000000, 6.000000000000000000 ) ) ;
#4733 = EDGE_CURVE ( 'NONE', #2651, #1833, #2029, .T. ) ;
#4734 = VECTOR ( 'NONE', #3710, 1000.000000000000000 ) ;
#4735 = CARTESIAN_POINT ( 'NONE',  ( 1.159649499330495992, 15.90262592974433353, 2.008571851812227749 ) ) ;
#4736 = CARTESIAN_POINT ( 'NONE',  ( -2.319298998660989319, 24.05262592974428770, -1.339047901208150204 ) ) ;
#4737 = VECTOR ( 'NONE', #3294, 1000.000000000000000 ) ;
#4738 = VERTEX_POINT ( 'NONE', #1918 ) ;
#4739 = CARTESIAN_POINT ( 'NONE',  ( 1.800241603548966118, 16.28297455179786368, -2.558074325090908668E-14 ) ) ;
#4740 = CARTESIAN_POINT ( 'NONE',  ( 0.000000000000000000, 0.000000000000000000, 0.5000000000000000000 ) ) ;
#4741 = AXIS2_PLACEMENT_3D ( 'NONE', #3111, #5153, #542 ) ;
#4742 = CARTESIAN_POINT ( 'NONE',  ( -8.317514421272189651, 6.717514421272207770, -1.224646799147351420E-17 ) ) ;
#4743 = CARTESIAN_POINT ( 'NONE',  ( -13.94999999999999929, 0.000000000000000000, 10.59999999999999964 ) ) ;
#4744 = DIRECTION ( 'NONE',  ( 1.000000000000000000, 0.000000000000000000, 0.000000000000000000 ) ) ;
#4745 = VECTOR ( 'NONE', #2930, 1000.000000000000000 ) ;
#4746 = DIRECTION ( 'NONE',  ( -0.000000000000000000, -0.000000000000000000, -1.000000000000000000 ) ) ;
#4747 = EDGE_CURVE ( 'NONE', #4239, #2001, #731, .T. ) ;
#4748 = PLANE ( 'NONE',  #593 ) ;
#4749 = VECTOR ( 'NONE', #301, 1000.000000000000000 ) ;
#4750 = VERTEX_POINT ( 'NONE', #3649 ) ;
#4751 = DIRECTION ( 'NONE',  ( 1.000000000000000000, 3.304235192336765651E-15, 0.000000000000000000 ) ) ;
#4752 = ORIENTED_EDGE ( 'NONE', *, *, #29, .T. ) ;
#4753 = EDGE_CURVE ( 'NONE', #1491, #4370, #4305, .T. ) ;
#4754 = CARTESIAN_POINT ( 'NONE',  ( 3.818583336892907545E-16, 15.53297455179786546, 2.078739948830717665 ) ) ;
#4755 = VERTEX_POINT ( 'NONE', #2752 ) ;
#4756 = CARTESIAN_POINT ( 'NONE',  ( -0.9001208017744832812, 17.68297455179785160, -1.559054961623038693 ) ) ;
#4757 = VERTEX_POINT ( 'NONE', #678 ) ;
#4758 = DIRECTION ( 'NONE',  ( -0.000000000000000000, -1.000000000000000000, -0.000000000000000000 ) ) ;
#4759 = CARTESIAN_POINT ( 'NONE',  ( 2.319298998660989319, 21.45262592974430405, -1.339047901208152647 ) ) ;
#4760 = CARTESIAN_POINT ( 'NONE',  ( 1.800241603548966784, 23.43297455179781963, 1.039369974415358611 ) ) ;
#4761 = ADVANCED_FACE ( 'NONE', ( #4053 ), #1092, .F. ) ;
#4762 = CARTESIAN_POINT ( 'NONE',  ( -9.185996884128961426, 3.321864870154491722, 0.000000000000000000 ) ) ;
#4763 = CARTESIAN_POINT ( 'NONE',  ( -2.319298998660989763, 16.30262592974433034, 0.000000000000000000 ) ) ;
#4764 = CARTESIAN_POINT ( 'NONE',  ( -2.319298998660988875, 21.70262592974429694, 1.033418392252322477E-14 ) ) ;
#4765 = ORIENTED_EDGE ( 'NONE', *, *, #981, .T. ) ;
#4766 = CARTESIAN_POINT ( 'NONE',  ( -0.9001208017744570800, 16.08297455179786439, 1.559054961623053570 ) ) ;
#4767 = PLANE ( 'NONE',  #2895 ) ;
#4768 = CARTESIAN_POINT ( 'NONE',  ( 0.6659789122748166479, 24.91389260126798533, -1.875916996040448481 ) ) ;
#4769 = PLANE ( 'NONE',  #528 ) ;
#4770 = CARTESIAN_POINT ( 'NONE',  ( 0.9001208017744817269, 24.18297455179781252, -1.559054961623039803 ) ) ;
#4771 = ADVANCED_FACE ( 'NONE', ( #5258, #2356 ), #1976, .T. ) ;
#4772 = VECTOR ( 'NONE', #293, 1000.000000000000000 ) ;
#4773 = DIRECTION ( 'NONE',  ( 1.000000000000000000, 0.000000000000000000, 0.000000000000000000 ) ) ;
#4774 = DIRECTION ( 'NONE',  ( 0.4292577580626304457, 0.9031820287976528583, 0.000000000000000000 ) ) ;
#4775 = CIRCLE ( 'NONE', #2855, 9.949999999999979750 ) ;
#4776 = VERTEX_POINT ( 'NONE', #3998 ) ;
#4777 = DIRECTION ( 'NONE',  ( 1.000000000000000000, -1.243449787580175325E-14, 0.000000000000000000 ) ) ;
#4778 = VERTEX_POINT ( 'NONE', #237 ) ;
#4779 = CARTESIAN_POINT ( 'NONE',  ( 2.319298998660988431, 25.05262592974428060, -1.339047901208152425 ) ) ;
#4780 = CIRCLE ( 'NONE', #3822, 13.94999999999999929 ) ;
#4781 = ORIENTED_EDGE ( 'NONE', *, *, #501, .F. ) ;
#4782 = CARTESIAN_POINT ( 'NONE',  ( -4.056854249492327646, -5.656854249492432096, -1.224646799147351420E-17 ) ) ;
#4783 = VERTEX_POINT ( 'NONE', #4438 ) ;
#4784 = CARTESIAN_POINT ( 'NONE',  ( -9.949999999999981526, 0.000000000000000000, 0.000000000000000000 ) ) ;
#4785 = CARTESIAN_POINT ( 'NONE',  ( -2.319298998660989763, 21.10262592974430262, 0.000000000000000000 ) ) ;
#4786 = CARTESIAN_POINT ( 'NONE',  ( -0.9001208017744832812, 23.08297455179781821, -1.559054961623038693 ) ) ;
#4787 = DIRECTION ( 'NONE',  ( -1.000000000000000000, 0.000000000000000000, 0.000000000000000000 ) ) ;
#4788 = CARTESIAN_POINT ( 'NONE',  ( 1.159649499330494438, 16.70262592974432891, -2.008571851812228193 ) ) ;
#4789 = CARTESIAN_POINT ( 'NONE',  ( -1.159649499330480449, 21.20262592974430049, 2.008571851812235298 ) ) ;
#4790 = EDGE_LOOP ( 'NONE', ( #3771, #4052, #607, #2209, #5299, #417, #2395, #2349, #662, #574, #2748, #5408, #2812, #2067, #4076, #991, #1688, #2607, #3184, #2425 ) ) ;
#4791 = CARTESIAN_POINT ( 'NONE',  ( 6.973082242688637905E-13, 15.94844929580395210, -3.114603960798457472 ) ) ;
#4792 =( GEOMETRIC_REPRESENTATION_CONTEXT ( 3 ) GLOBAL_UNCERTAINTY_ASSIGNED_CONTEXT ( ( #4654 ) ) GLOBAL_UNIT_ASSIGNED_CONTEXT ( ( #540, #3052, #4358 ) ) REPRESENTATION_CONTEXT ( 'NONE', 'WORKASPACE' ) );
#4793 = EDGE_CURVE ( 'NONE', #4954, #4432, #1681, .T. ) ;
#4794 = DIRECTION ( 'NONE',  ( 0.000000000000000000, -0.000000000000000000, 1.000000000000000000 ) ) ;
#4795 = DIRECTION ( 'NONE',  ( 0.000000000000000000, 0.000000000000000000, 1.000000000000000000 ) ) ;
#4796 = CARTESIAN_POINT ( 'NONE',  ( 5.092731148967371623E-15, 23.33297455179781821, 2.078739948830718109 ) ) ;
#4797 = FACE_OUTER_BOUND ( 'NONE', #295, .T. ) ;
#4798 = CARTESIAN_POINT ( 'NONE',  ( -2.861037394075326201, 8.242525614142131474, 6.000000000000000000 ) ) ;
#4799 = EDGE_CURVE ( 'NONE', #3718, #3008, #4024, .T. ) ;
#4800 = DIRECTION ( 'NONE',  ( -0.000000000000000000, -0.000000000000000000, 1.000000000000000000 ) ) ;
#4801 = EDGE_CURVE ( 'NONE', #4783, #2024, #5314, .T. ) ;
#4802 = VERTEX_POINT ( 'NONE', #3594 ) ;
#4803 = LINE ( 'NONE', #686, #1461 ) ;
#4804 = ORIENTED_EDGE ( 'NONE', *, *, #1960, .F. ) ;
#4805 = AXIS2_PLACEMENT_3D ( 'NONE', #327, #2303, #1538 ) ;
#4806 = CARTESIAN_POINT ( 'NONE',  ( -2.319298998660988875, 22.85262592974429197, -1.339047901208151092 ) ) ;
#4807 = AXIS2_PLACEMENT_3D ( 'NONE', #3028, #2278, #1813 ) ;
#4808 = EDGE_LOOP ( 'NONE', ( #4437, #917, #2774, #2108 ) ) ;
#4809 = DIRECTION ( 'NONE',  ( 0.000000000000000000, 0.000000000000000000, -1.000000000000000000 ) ) ;
#4810 = ORIENTED_EDGE ( 'NONE', *, *, #882, .T. ) ;
#4811 = CARTESIAN_POINT ( 'NONE',  ( 3.278135129845476392, 9.007820706583343551, 0.000000000000000000 ) ) ;
#4812 = VECTOR ( 'NONE', #5042, 1000.000000000000000 ) ;
#4813 = CARTESIAN_POINT ( 'NONE',  ( -1.159649499330493327, 21.80262592974429836, 2.008571851812229081 ) ) ;
#4814 = CARTESIAN_POINT ( 'NONE',  ( -0.9001208017744832812, 22.48297455179782034, -1.559054961623038693 ) ) ;
#4815 = DIRECTION ( 'NONE',  ( 0.4292577580626398270, -0.9031820287976484174, 0.000000000000000000 ) ) ;
#4816 = CARTESIAN_POINT ( 'NONE',  ( -2.319298998660989763, 15.10262592974433993, 0.000000000000000000 ) ) ;
#4817 = ORIENTED_EDGE ( 'NONE', *, *, #3965, .T. ) ;
#4818 = CARTESIAN_POINT ( 'NONE',  ( 5.995812796456054400E-13, 16.15262592974431399, -2.678095802416303517 ) ) ;
#4819 = CIRCLE ( 'NONE', #704, 2.500000000000000000 ) ;
#4820 = DIRECTION ( 'NONE',  ( -0.000000000000000000, 0.000000000000000000, -1.000000000000000000 ) ) ;
#4821 = COLOUR_RGB ( '',0.3333333333333333148, 0.3333333333333333148, 0.3333333333333333148 ) ;
#4822 = CARTESIAN_POINT ( 'NONE',  ( 2.778967435556481291, 0.1924264824948780095, 0.000000000000000000 ) ) ;
#4823 = CARTESIAN_POINT ( 'NONE',  ( -2.482722518868804011E-15, 24.23297455179781323, -2.078739948830718109 ) ) ;
#4824 = CARTESIAN_POINT ( 'NONE',  ( -3.782692346233695435, 10.12946815411571677, 0.000000000000000000 ) ) ;
#4825 = AXIS2_PLACEMENT_3D ( 'NONE', #4542, #2473, #4163 ) ;
#4826 = CARTESIAN_POINT ( 'NONE',  ( 0.000000000000000000, 0.000000000000000000, 3.600000000000000089 ) ) ;
#4827 = EDGE_CURVE ( 'NONE', #3724, #4008, #1763, .T. ) ;
#4828 = ADVANCED_FACE ( 'NONE', ( #2803 ), #2300, .F. ) ;
#4829 = CIRCLE ( 'NONE', #1685, 9.949999999999979750 ) ;
#4830 = CYLINDRICAL_SURFACE ( 'NONE', #1689, 1.050000000000004041 ) ;
#4831 = ORIENTED_EDGE ( 'NONE', *, *, #4227, .T. ) ;
#4832 = DIRECTION ( 'NONE',  ( -0.7658968286282810123, -0.3640098508181451864, -0.5299989400031790421 ) ) ;
#4833 = ORIENTED_EDGE ( 'NONE', *, *, #1049, .T. ) ;
#4834 = CARTESIAN_POINT ( 'NONE',  ( -2.319298998660987987, 20.55262592974430547, 1.339047901208152647 ) ) ;
#4835 = ADVANCED_FACE ( 'NONE', ( #4851 ), #1456, .T. ) ;
#4836 = ORIENTED_EDGE ( 'NONE', *, *, #5293, .F. ) ;
#4837 = CARTESIAN_POINT ( 'NONE',  ( -1.446390260329634359, 24.66211098677369407, -1.723981532150481444 ) ) ;
#4838 = ORIENTED_EDGE ( 'NONE', *, *, #3343, .T. ) ;
#4839 = CARTESIAN_POINT ( 'NONE',  ( 0.000000000000000000, 0.000000000000000000, 0.000000000000000000 ) ) ;
#4840 = CARTESIAN_POINT ( 'NONE',  ( -2.319298998660988875, 19.35262592974431328, 1.339047901208153091 ) ) ;
#4841 = CARTESIAN_POINT ( 'NONE',  ( -1.800241603548965674, 23.83297455179781821, 1.039369974415360165 ) ) ;
#4842 = CARTESIAN_POINT ( 'NONE',  ( -9.925054528176918467, -3.789194927251613443, 0.000000000000000000 ) ) ;
#4843 = CARTESIAN_POINT ( 'NONE',  ( 3.818583336892907545E-16, 23.33297455179781821, 2.078739948830717665 ) ) ;
#4844 = VERTEX_POINT ( 'NONE', #209 ) ;
#4845 = ORIENTED_EDGE ( 'NONE', *, *, #572, .T. ) ;
#4846 = CARTESIAN_POINT ( 'NONE',  ( 10.73583981544116206, -5.248260993623373061, 1.300000000000000044 ) ) ;
#4847 = APPLICATION_PROTOCOL_DEFINITION ( 'draft international standard', 'automotive_design', 1998, #1775 ) ;
#4848 = EDGE_CURVE ( 'NONE', #2679, #4284, #4386, .T. ) ;
#4849 = CARTESIAN_POINT ( 'NONE',  ( -0.1924264824948682950, -2.778967435556482179, 6.000000000000000000 ) ) ;
#4850 = ORIENTED_EDGE ( 'NONE', *, *, #3693, .F. ) ;
#4851 = FACE_OUTER_BOUND ( 'NONE', #722, .T. ) ;
#4852 = CARTESIAN_POINT ( 'NONE',  ( -1.800241603548966118, 23.18297455179781608, 1.322796070486883803E-15 ) ) ;
#4853 = DIRECTION ( 'NONE',  ( -0.000000000000000000, -0.000000000000000000, 1.000000000000000000 ) ) ;
#4854 = FACE_OUTER_BOUND ( 'NONE', #3728, .T. ) ;
#4855 = FACE_OUTER_BOUND ( 'NONE', #892, .T. ) ;
#4856 = AXIS2_PLACEMENT_3D ( 'NONE', #2409, #3670, #3264 ) ;
#4857 = ORIENTED_EDGE ( 'NONE', *, *, #2459, .F. ) ;
#4858 = LINE ( 'NONE', #1153, #4694 ) ;
#4859 = ORIENTED_EDGE ( 'NONE', *, *, #2621, .T. ) ;
#4860 = CARTESIAN_POINT ( 'NONE',  ( 1.159649499330493994, 22.10262592974429552, -2.008571851812227305 ) ) ;
#4861 = AXIS2_PLACEMENT_3D ( 'NONE', #2498, #5422, #4157 ) ;
#4862 = EDGE_LOOP ( 'NONE', ( #2441, #2569, #2044, #5307 ) ) ;
#4863 = LINE ( 'NONE', #250, #1627 ) ;
#4864 = ORIENTED_EDGE ( 'NONE', *, *, #73, .F. ) ;
#4865 = DIRECTION ( 'NONE',  ( 0.3640098508181425219, 0.7658968286282822335, 0.5299989400031789311 ) ) ;
#4866 = CARTESIAN_POINT ( 'NONE',  ( -2.319298998660988875, 20.55262592974430547, 1.339047901208153091 ) ) ;
#4867 = CARTESIAN_POINT ( 'NONE',  ( 1.800241603548965674, 19.33297455179784308, -1.039369974415359499 ) ) ;
#4868 = AXIS2_PLACEMENT_3D ( 'NONE', #1437, #114, #4751 ) ;
#4869 = EDGE_CURVE ( 'NONE', #2786, #1019, #711, .T. ) ;
#4870 = EDGE_CURVE ( 'NONE', #119, #3611, #2442, .T. ) ;
#4871 = CARTESIAN_POINT ( 'NONE',  ( 0.000000000000000000, 0.000000000000000000, 0.000000000000000000 ) ) ;
#4872 = CARTESIAN_POINT ( 'NONE',  ( -0.9001208017744832812, 23.68297455179781608, -1.559054961623038693 ) ) ;
#4873 = ORIENTED_EDGE ( 'NONE', *, *, #4402, .F. ) ;
#4874 = EDGE_CURVE ( 'NONE', #4008, #5199, #2056, .T. ) ;
#4875 = ORIENTED_EDGE ( 'NONE', *, *, #3741, .F. ) ;
#4876 = CARTESIAN_POINT ( 'NONE',  ( 2.319298998661004862, 16.55262592974433034, 1.339047901208124891 ) ) ;
#4877 = AXIS2_PLACEMENT_3D ( 'NONE', #4054, #1067, #2804 ) ;
#4878 = CARTESIAN_POINT ( 'NONE',  ( -0.1924264824948682950, -2.778967435556482179, 0.000000000000000000 ) ) ;
#4879 = ORIENTED_EDGE ( 'NONE', *, *, #743, .T. ) ;
#4880 = DIRECTION ( 'NONE',  ( -0.000000000000000000, -0.000000000000000000, -1.000000000000000000 ) ) ;
#4881 = CARTESIAN_POINT ( 'NONE',  ( 0.9001208017744826151, 24.78297455179780684, -1.559054961623038915 ) ) ;
#4882 = LINE ( 'NONE', #270, #601 ) ;
#4883 = CYLINDRICAL_SURFACE ( 'NONE', #3958, 2.399999999999999911 ) ;
#4884 = ORIENTED_EDGE ( 'NONE', *, *, #2868, .F. ) ;
#4885 = DIRECTION ( 'NONE',  ( -0.000000000000000000, -0.000000000000000000, -1.000000000000000000 ) ) ;
#4886 = VERTEX_POINT ( 'NONE', #3297 ) ;
#4887 = CARTESIAN_POINT ( 'NONE',  ( 2.319298998660988875, 20.80262592974430547, -2.840322094975841520E-16 ) ) ;
#4888 = AXIS2_PLACEMENT_3D ( 'NONE', #4826, #681, #1893 ) ;
#4889 = ORIENTED_EDGE ( 'NONE', *, *, #3896, .T. ) ;
#4890 = CARTESIAN_POINT ( 'NONE',  ( 5.117514421272335134, -6.717514421272065661, -1.224646799147351420E-17 ) ) ;
#4891 = ORIENTED_EDGE ( 'NONE', *, *, #2176, .T. ) ;
#4892 = CARTESIAN_POINT ( 'NONE',  ( -1.159649499330495104, 18.60262592974431684, -2.008571851812227749 ) ) ;
#4893 = CARTESIAN_POINT ( 'NONE',  ( 0.9001208017744838363, 21.58297455179782887, 1.559054961623038471 ) ) ;
#4894 = EDGE_CURVE ( 'NONE', #3636, #2651, #817, .T. ) ;
#4895 = PLANE ( 'NONE',  #1855 ) ;
#4896 = EDGE_CURVE ( 'NONE', #4101, #3602, #1585, .T. ) ;
#4897 = CARTESIAN_POINT ( 'NONE',  ( -1.272861112297636013E-16, 23.03297455179782105, -2.078739948830717665 ) ) ;
#4898 = AXIS2_PLACEMENT_3D ( 'NONE', #4413, #2302, #3568 ) ;
#4899 = ORIENTED_EDGE ( 'NONE', *, *, #840, .T. ) ;
#4900 = ORIENTED_EDGE ( 'NONE', *, *, #4189, .T. ) ;
#4901 = CARTESIAN_POINT ( 'NONE',  ( 2.319298998661289080, 16.05262592974431257, -1.339047901207633506 ) ) ;
#4902 = LINE ( 'NONE', #4161, #2469 ) ;
#4903 = ORIENTED_EDGE ( 'NONE', *, *, #73, .T. ) ;
#4904 = DIRECTION ( 'NONE',  ( -3.304235192336768412E-15, 1.000000000000000000, 0.000000000000000000 ) ) ;
#4905 = CARTESIAN_POINT ( 'NONE',  ( 7.129308928643590032E-15, 20.93297455179783029, 2.078739948830718109 ) ) ;
#4906 = CARTESIAN_POINT ( 'NONE',  ( 1.159649499330510647, 15.90262592974433353, 2.008571851812218423 ) ) ;
#4907 = DIRECTION ( 'NONE',  ( -0.000000000000000000, -0.000000000000000000, -1.000000000000000000 ) ) ;
#4908 = AXIS2_PLACEMENT_3D ( 'NONE', #3186, #3240, #2354 ) ;
#4909 = CYLINDRICAL_SURFACE ( 'NONE', #5254, 6.080456575636104866 ) ;
#4910 = PRESENTATION_STYLE_ASSIGNMENT (( #5407 ) ) ;
#4911 = EDGE_CURVE ( 'NONE', #4108, #4038, #4216, .T. ) ;
#4912 = ORIENTED_EDGE ( 'NONE', *, *, #2540, .F. ) ;
#4913 = DIRECTION ( 'NONE',  ( 8.659560562354906974E-17, -0.7071067811865496822, 0.7071067811865453523 ) ) ;
#4914 = VECTOR ( 'NONE', #4880, 1000.000000000000000 ) ;
#4915 = EDGE_LOOP ( 'NONE', ( #310, #5165, #1045, #2769, #2205 ) ) ;
#4916 = CARTESIAN_POINT ( 'NONE',  ( 4.919582178358630883E-16, 19.45262592974431115, 2.678095802416302629 ) ) ;
#4917 = CIRCLE ( 'NONE', #274, 11.95000000000001350 ) ;
#4918 = EDGE_CURVE ( 'NONE', #1530, #1990, #1671, .T. ) ;
#4919 = ORIENTED_EDGE ( 'NONE', *, *, #870, .T. ) ;
#4920 = CARTESIAN_POINT ( 'NONE',  ( 2.778967435556481291, 0.1924264824948780095, 6.000000000000000000 ) ) ;
#4921 = EDGE_LOOP ( 'NONE', ( #1441, #4875, #1468, #4178 ) ) ;
#4922 = CIRCLE ( 'NONE', #1768, 1.050000000000000488 ) ;
#4923 = CARTESIAN_POINT ( 'NONE',  ( 0.9001208017744838363, 20.98297455179783100, 1.559054961623038471 ) ) ;
#4924 = LINE ( 'NONE', #341, #3613 ) ;
#4925 = CARTESIAN_POINT ( 'NONE',  ( -0.9001208017744832812, 24.28297455179781039, -1.559054961623038693 ) ) ;
#4926 = ORIENTED_EDGE ( 'NONE', *, *, #5339, .F. ) ;
#4927 = CARTESIAN_POINT ( 'NONE',  ( -4.000000000000000000, 0.000000000000000000, 0.000000000000000000 ) ) ;
#4928 = EDGE_CURVE ( 'NONE', #4757, #2731, #843, .T. ) ;
#4929 = DIRECTION ( 'NONE',  ( -0.000000000000000000, -0.000000000000000000, 1.000000000000000000 ) ) ;
#4930 = DIRECTION ( 'NONE',  ( 1.000000000000000000, 0.000000000000000000, 0.000000000000000000 ) ) ;
#4931 = ORIENTED_EDGE ( 'NONE', *, *, #3466, .F. ) ;
#4932 = DIRECTION ( 'NONE',  ( -1.000000000000000000, 0.000000000000000000, 0.000000000000000000 ) ) ;
#4933 = CARTESIAN_POINT ( 'NONE',  ( -1.800241603548961677, 21.43297455179783029, 1.039369974415366826 ) ) ;
#4934 = PLANE ( 'NONE',  #253 ) ;
#4935 = CARTESIAN_POINT ( 'NONE',  ( -2.124925878737903950, 24.63545141718780584, -0.7940200694673541504 ) ) ;
#4936 = DIRECTION ( 'NONE',  ( 0.000000000000000000, 0.000000000000000000, 1.000000000000000000 ) ) ;
#4937 = CARTESIAN_POINT ( 'NONE',  ( 2.319298998661002642, 18.35262592974432039, 1.339047901208128222 ) ) ;
#4938 = ADVANCED_FACE ( 'NONE', ( #785 ), #2033, .F. ) ;
#4939 = CARTESIAN_POINT ( 'NONE',  ( 11.95000000000001350, 0.000000000000000000, 1.300000000000000044 ) ) ;
#4940 = DIRECTION ( 'NONE',  ( 0.000000000000000000, 0.000000000000000000, -1.000000000000000000 ) ) ;
#4941 =( BOUNDED_CURVE ( )  B_SPLINE_CURVE ( 2, ( #674, #1114, #2325, #1944, #2772, #1862, #3993, #4876, #4434, #3588, #591, #2352, #1531 ),
 .UNSPECIFIED., .F., .T. ) 
 B_SPLINE_CURVE_WITH_KNOTS ( ( 3, 2, 2, 2, 2, 2, 3 ),
 ( 0.8750000000000000000, 0.8854166666666670737, 0.8958333333333342585, 0.9062500000000013323, 0.9166666666666682950, 0.9270833333333354798, 0.9375000000000025535 ),
 .UNSPECIFIED. ) 
 CURVE ( )  GEOMETRIC_REPRESENTATION_ITEM ( )  RATIONAL_B_SPLINE_CURVE ( ( 1.000000000000000000, 0.8660254037844387076, 1.000000000000000000, 0.8660254037844387076, 1.000000000000000000, 0.8660254037844387076, 1.000000000000000000, 0.8660254037844387076, 1.000000000000000000, 0.8660254037844387076, 1.000000000000000000, 0.8660254037844058450, 1.000000000000032863 ) ) 
 REPRESENTATION_ITEM ( '' )  );
#4942 = VERTEX_POINT ( 'NONE', #2529 ) ;
#4943 = DIRECTION ( 'NONE',  ( 0.000000000000000000, 0.000000000000000000, 1.000000000000000000 ) ) ;
#4944 = CARTESIAN_POINT ( 'NONE',  ( -1.639860726119543710E-16, 20.35262592974430973, -2.678095802416302629 ) ) ;
#4945 = ORIENTED_EDGE ( 'NONE', *, *, #1789, .F. ) ;
#4946 = LINE ( 'NONE', #4232, #215 ) ;
#4947 = EDGE_LOOP ( 'NONE', ( #941, #2500, #3505, #2455 ) ) ;
#4948 = AXIS2_PLACEMENT_3D ( 'NONE', #4486, #1164, #754 ) ;
#4949 = CARTESIAN_POINT ( 'NONE',  ( -1.800241603548965674, 21.43297455179783029, 1.039369974415360165 ) ) ;
#4950 = VECTOR ( 'NONE', #4640, 1000.000000000000000 ) ;
#4951 = FACE_BOUND ( 'NONE', #3193, .T. ) ;
#4952 = CARTESIAN_POINT ( 'NONE',  ( 1.800241603548966118, 21.68297455179782673, -2.204660117478139918E-16 ) ) ;
#4953 = ORIENTED_EDGE ( 'NONE', *, *, #768, .T. ) ;
#4954 = VERTEX_POINT ( 'NONE', #3354 ) ;
#4955 = DIRECTION ( 'NONE',  ( 0.000000000000000000, 0.000000000000000000, -1.000000000000000000 ) ) ;
#4956 = DIRECTION ( 'NONE',  ( 0.000000000000000000, 0.000000000000000000, -1.000000000000000000 ) ) ;
#4957 = EDGE_LOOP ( 'NONE', ( #1517, #4723, #4523, #3690 ) ) ;
#4958 = CARTESIAN_POINT ( 'NONE',  ( 5.656854249492450748, 5.656854249492308639, 0.000000000000000000 ) ) ;
#4959 = AXIS2_PLACEMENT_3D ( 'NONE', #3631, #1518, #2336 ) ;
#4960 = CARTESIAN_POINT ( 'NONE',  ( -1.800241603548968117, 21.93297455179783029, -1.039369974415355724 ) ) ;
#4961 = DIRECTION ( 'NONE',  ( 0.4292577580626492084, -0.9031820287976439765, 0.000000000000000000 ) ) ;
#4962 = CARTESIAN_POINT ( 'NONE',  ( -2.165041446159039040, 24.63907839341176143, -0.6648850571855420277 ) ) ;
#4963 = CARTESIAN_POINT ( 'NONE',  ( 2.319298998660977773, 19.65262592974431399, -1.339047901208170188 ) ) ;
#4964 = DIRECTION ( 'NONE',  ( 1.000000000000000000, 0.000000000000000000, 0.000000000000000000 ) ) ;
#4965 = EDGE_CURVE ( 'NONE', #3269, #4755, #4213, .T. ) ;
#4966 = EDGE_LOOP ( 'NONE', ( #3200, #3620, #2261 ) ) ;
#4967 = DIRECTION ( 'NONE',  ( 0.000000000000000000, 0.000000000000000000, -1.000000000000000000 ) ) ;
#4968 = CARTESIAN_POINT ( 'NONE',  ( 0.000000000000000000, 0.000000000000000000, 3.600000000000000089 ) ) ;
#4969 = CARTESIAN_POINT ( 'NONE',  ( -2.319298998660988875, 18.70262592974431826, 0.000000000000000000 ) ) ;
#4970 =( BOUNDED_CURVE ( )  B_SPLINE_CURVE ( 2, ( #1754, #2691, #2637, #158, #3023 ),
 .UNSPECIFIED., .F., .T. ) 
 B_SPLINE_CURVE_WITH_KNOTS ( ( 3, 2, 3 ),
 ( 0.000000000000000000, 0.1666666666666666297, 0.2500000000000347500 ),
 .UNSPECIFIED. ) 
 CURVE ( )  GEOMETRIC_REPRESENTATION_ITEM ( )  RATIONAL_B_SPLINE_CURVE ( ( 1.000000000000000000, 0.8660254037844385966, 1.000000000000000000, 0.9330127018921914317, 0.9330127018922192983 ) ) 
 REPRESENTATION_ITEM ( '' )  );
#4971 = EDGE_CURVE ( 'NONE', #1223, #5174, #3864, .T. ) ;
#4972 = EDGE_LOOP ( 'NONE', ( #1573, #3289, #2839, #5412, #3668, #4679, #3123, #3978, #922, #377, #3819, #1314 ) ) ;
#4973 = DIRECTION ( 'NONE',  ( 0.3351150656056253174, -0.9421772088116637800, 0.000000000000000000 ) ) ;
#4974 = ORIENTED_EDGE ( 'NONE', *, *, #4359, .T. ) ;
#4975 = CARTESIAN_POINT ( 'NONE',  ( -1.800241603548966118, 20.78297455179783171, 0.000000000000000000 ) ) ;
#4976 = CIRCLE ( 'NONE', #5150, 8.180456575636107175 ) ;
#4977 = FACE_BOUND ( 'NONE', #589, .T. ) ;
#4978 = CARTESIAN_POINT ( 'NONE',  ( -1.800241603548965674, 21.43297455179783029, 1.039369974415360165 ) ) ;
#4979 = ORIENTED_EDGE ( 'NONE', *, *, #5247, .T. ) ;
#4980 = VERTEX_POINT ( 'NONE', #378 ) ;
#4981 = CARTESIAN_POINT ( 'NONE',  ( 2.778967435556481291, 0.1924264824948780095, 0.000000000000000000 ) ) ;
#4982 = AXIS2_PLACEMENT_3D ( 'NONE', #3985, #5166, #5219 ) ;
#4983 = DIRECTION ( 'NONE',  ( 1.000000000000000000, 0.000000000000000000, 0.000000000000000000 ) ) ;
#4984 = ORIENTED_EDGE ( 'NONE', *, *, #2727, .T. ) ;
#4985 = DIRECTION ( 'NONE',  ( -1.000000000000000000, 0.000000000000000000, 0.000000000000000000 ) ) ;
#4986 = CARTESIAN_POINT ( 'NONE',  ( 6.111020038805480433E-15, 22.13297455179782602, 2.078739948830718109 ) ) ;
#4987 = CARTESIAN_POINT ( 'NONE',  ( 0.000000000000000000, 0.000000000000000000, 0.5000000000000000000 ) ) ;
#4988 = CARTESIAN_POINT ( 'NONE',  ( -2.319298998661007083, 17.45262592974432536, -1.339047901208119118 ) ) ;
#4989 = VECTOR ( 'NONE', #2970, 1000.000000000000000 ) ;
#4990 = CARTESIAN_POINT ( 'NONE',  ( -2.013384905909011496E-14, 18.55262592974431968, -2.678095802416302629 ) ) ;
#4991 = LINE ( 'NONE', #2562, #1511 ) ;
#4992 =( NAMED_UNIT ( * ) PLANE_ANGLE_UNIT ( ) SI_UNIT ( $, .RADIAN. ) );
#4993 = ORIENTED_EDGE ( 'NONE', *, *, #2835, .F. ) ;
#4994 = DIRECTION ( 'NONE',  ( -0.000000000000000000, -0.000000000000000000, -1.000000000000000000 ) ) ;
#4995 = DIRECTION ( 'NONE',  ( 0.000000000000000000, 0.000000000000000000, 1.000000000000000000 ) ) ;
#4996 = EDGE_CURVE ( 'NONE', #3249, #3634, #180, .T. ) ;
#4997 = STYLED_ITEM ( 'NONE', ( #4910 ), #3022 ) ;
#4998 = CARTESIAN_POINT ( 'NONE',  ( 1.159649499330493994, 17.90262592974432110, -2.008571851812227305 ) ) ;
#4999 = CIRCLE ( 'NONE', #891, 9.949999999999979750 ) ;
#5000 = CIRCLE ( 'NONE', #2646, 1.050000000000000488 ) ;
#5001 = EDGE_LOOP ( 'NONE', ( #884, #5251, #3353, #2747, #3539 ) ) ;
#5002 = LINE ( 'NONE', #4123, #2417 ) ;
#5003 = ORIENTED_EDGE ( 'NONE', *, *, #146, .F. ) ;
#5004 = CARTESIAN_POINT ( 'NONE',  ( 0.9001208017744826151, 15.78297455179786191, -1.559054961623038915 ) ) ;
#5005 = AXIS2_PLACEMENT_3D ( 'NONE', #4711, #1784, #2173 ) ;
#5006 = DIRECTION ( 'NONE',  ( 0.000000000000000000, 0.000000000000000000, 1.000000000000000000 ) ) ;
#5007 = CARTESIAN_POINT ( 'NONE',  ( 0.9001208017744838363, 20.38297455179783313, 1.559054961623038471 ) ) ;
#5008 = VECTOR ( 'NONE', #2992, 999.9999999999998863 ) ;
#5009 = ORIENTED_EDGE ( 'NONE', *, *, #1811, .F. ) ;
#5010 = DIRECTION ( 'NONE',  ( -0.000000000000000000, -0.000000000000000000, -1.000000000000000000 ) ) ;
#5011 = DIRECTION ( 'NONE',  ( 1.000000000000000000, 0.000000000000000000, 0.000000000000000000 ) ) ;
#5012 = DIRECTION ( 'NONE',  ( 0.000000000000000000, 0.000000000000000000, -1.000000000000000000 ) ) ;
#5013 = ORIENTED_EDGE ( 'NONE', *, *, #2386, .T. ) ;
#5014 = DIRECTION ( 'NONE',  ( -1.000000000000000000, 0.000000000000000000, 0.000000000000000000 ) ) ;
#5015 = CARTESIAN_POINT ( 'NONE',  ( 1.800241603548966118, 21.08297455179782887, -9.261801122795742512E-15 ) ) ;
#5016 = DIRECTION ( 'NONE',  ( -1.000000000000000000, 0.000000000000000000, 0.000000000000000000 ) ) ;
#5017 = CARTESIAN_POINT ( 'NONE',  ( -0.6511448543699772662, 24.58070100133901192, -2.226018468885055501 ) ) ;
#5018 = CARTESIAN_POINT ( 'NONE',  ( -1.159649499330478895, 19.40262592974431399, 2.008571851812236186 ) ) ;
#5019 = DIRECTION ( 'NONE',  ( 1.000000000000000000, 0.000000000000000000, 0.000000000000000000 ) ) ;
#5020 = B_SPLINE_CURVE_WITH_KNOTS ( 'NONE', 3,
 ( #1991, #663, #3662, #1128, #2018, #1157, #4837, #721, #2400, #3146 ),
 .UNSPECIFIED., .F., .F.,
 ( 4, 2, 2, 2, 4 ),
 ( 5.468918426430708390E-20, 0.0007073419173601260164, 0.001414683834720251382, 0.002122025752080377182, 0.002829367669440502331 ),
 .UNSPECIFIED. ) ;
#5021 = CARTESIAN_POINT ( 'NONE',  ( -1.290217023351349912, 24.97724044667841170, -1.436680411888992204 ) ) ;
#5022 = FACE_OUTER_BOUND ( 'NONE', #1665, .T. ) ;
#5023 = CARTESIAN_POINT ( 'NONE',  ( -1.159649499330492883, 17.00262592974432962, 2.008571851812228193 ) ) ;
#5024 = EDGE_LOOP ( 'NONE', ( #1554, #3873, #2862, #2658 ) ) ;
#5025 = DIRECTION ( 'NONE',  ( -0.000000000000000000, -0.000000000000000000, -1.000000000000000000 ) ) ;
#5026 = ORIENTED_EDGE ( 'NONE', *, *, #4019, .F. ) ;
#5027 = CARTESIAN_POINT ( 'NONE',  ( 1.800241603548966784, 18.63297455179784734, 1.039369974415358611 ) ) ;
#5028 = FACE_OUTER_BOUND ( 'NONE', #130, .T. ) ;
#5029 = CARTESIAN_POINT ( 'NONE',  ( -1.800241603548966340, 18.93297455179784450, -1.039369974415358833 ) ) ;
#5030 = AXIS2_PLACEMENT_3D ( 'NONE', #1224, #3350, #5011 ) ;
#5031 = ORIENTED_EDGE ( 'NONE', *, *, #175, .F. ) ;
#5032 = DIRECTION ( 'NONE',  ( -0.000000000000000000, 0.000000000000000000, -1.000000000000000000 ) ) ;
#5033 = CARTESIAN_POINT ( 'NONE',  ( 1.159649499330046352, 15.90262592974431222, 2.008571851812487541 ) ) ;
#5034 = ADVANCED_FACE ( 'NONE', ( #3705 ), #1168, .F. ) ;
#5035 = AXIS2_PLACEMENT_3D ( 'NONE', #3717, #2102, #418 ) ;
#5036 = AXIS2_PLACEMENT_3D ( 'NONE', #3480, #5141, #996 ) ;
#5037 = CARTESIAN_POINT ( 'NONE',  ( -12.59938930172715565, -5.988145724973914952, 2.500000000000014655 ) ) ;
#5038 = EDGE_CURVE ( 'NONE', #3380, #3656, #4976, .T. ) ;
#5039 = CARTESIAN_POINT ( 'NONE',  ( 8.986661186536585078, 4.271114692723258166, 3.600000000000000089 ) ) ;
#5040 = VERTEX_POINT ( 'NONE', #2911 ) ;
#5041 = CARTESIAN_POINT ( 'NONE',  ( 1.800241603548966118, 18.68297455179784450, -2.381701515692657337E-14 ) ) ;
#5042 = DIRECTION ( 'NONE',  ( -0.6339873161885805075, -0.3131454660569100157, 0.7071067811865485719 ) ) ;
#5043 = CARTESIAN_POINT ( 'NONE',  ( -2.144573763998575643E-14, 17.35262592974432749, -2.678095802416302629 ) ) ;
#5044 = CARTESIAN_POINT ( 'NONE',  ( -2.319298998660997757, 18.65262592974431755, -1.339047901208136659 ) ) ;
#5045 = VECTOR ( 'NONE', #1207, 1000.000000000000000 ) ;
#5046 = DIRECTION ( 'NONE',  ( 1.000000000000000000, 0.000000000000000000, 0.000000000000000000 ) ) ;
#5047 = CARTESIAN_POINT ( 'NONE',  ( 12.59938930172719473, 5.988145724973825246, 2.500000000000008882 ) ) ;
#5048 = DIRECTION ( 'NONE',  ( -0.000000000000000000, -0.000000000000000000, -1.000000000000000000 ) ) ;
#5049 = CARTESIAN_POINT ( 'NONE',  ( 2.319298998660988431, 17.25262592974432962, -1.339047901208152425 ) ) ;
#5050 = CIRCLE ( 'NONE', #3045, 2.500000000000000000 ) ;
#5051 = ORIENTED_EDGE ( 'NONE', *, *, #3592, .T. ) ;
#5052 = CARTESIAN_POINT ( 'NONE',  ( -8.986661186536551327, -4.271114692723320339, 0.000000000000000000 ) ) ;
#5053 = ORIENTED_EDGE ( 'NONE', *, *, #620, .T. ) ;
#5054 = CARTESIAN_POINT ( 'NONE',  ( 0.9001208017744826151, 17.58297455179785018, -1.559054961623038915 ) ) ;
#5055 = DIRECTION ( 'NONE',  ( 1.000000000000000000, 0.000000000000000000, 0.000000000000000000 ) ) ;
#5056 = CARTESIAN_POINT ( 'NONE',  ( -1.800241603548966340, 20.73297455179783100, -1.039369974415358833 ) ) ;
#5057 = ORIENTED_EDGE ( 'NONE', *, *, #4061, .T. ) ;
#5058 = DIRECTION ( 'NONE',  ( -0.000000000000000000, -0.000000000000000000, 1.000000000000000000 ) ) ;
#5059 = CARTESIAN_POINT ( 'NONE',  ( 1.159649499330494438, 22.10262592974429552, -2.008571851812228193 ) ) ;
#5060 = ADVANCED_FACE ( 'NONE', ( #1257 ), #4573, .T. ) ;
#5061 = EDGE_CURVE ( 'NONE', #4122, #3169, #757, .T. ) ;
#5062 = CARTESIAN_POINT ( 'NONE',  ( 4.271114692723228856, 8.986661186536601065, 0.000000000000000000 ) ) ;
#5063 = CARTESIAN_POINT ( 'NONE',  ( 2.865612047097640176E-16, 23.65262592974428912, 2.678095802416302629 ) ) ;
#5064 = AXIS2_PLACEMENT_3D ( 'NONE', #430, #2941, #4515 ) ;
#5065 = ORIENTED_EDGE ( 'NONE', *, *, #3031, .T. ) ;
#5066 = CARTESIAN_POINT ( 'NONE',  ( 0.9001208017744747325, 17.58297455179785018, -1.559054961623043578 ) ) ;
#5067 = LINE ( 'NONE', #5119, #2319 ) ;
#5068 = CARTESIAN_POINT ( 'NONE',  ( 1.800241603548965674, 24.13297455179781181, -1.039369974415359499 ) ) ;
#5069 = AXIS2_PLACEMENT_3D ( 'NONE', #930, #4277, #3468 ) ;
#5070 = EDGE_CURVE ( 'NONE', #3634, #2285, #5369, .T. ) ;
#5071 =( LENGTH_UNIT ( ) NAMED_UNIT ( * ) SI_UNIT ( .MILLI., .METRE. ) );
#5072 = CARTESIAN_POINT ( 'NONE',  ( -5.248260993623335757, -10.73583981544117982, 1.300000000000000044 ) ) ;
#5073 = DIRECTION ( 'NONE',  ( 0.8798645526011857898, 0.4752245459526637239, 1.970409719546730755E-13 ) ) ;
#5074 = LINE ( 'NONE', #189, #3935 ) ;
#5075 = CARTESIAN_POINT ( 'NONE',  ( -1.639860726119543710E-16, 18.55262592974431612, -2.678095802416302629 ) ) ;
#5076 = ORIENTED_EDGE ( 'NONE', *, *, #1367, .T. ) ;
#5077 = CARTESIAN_POINT ( 'NONE',  ( 0.000000000000000000, 0.000000000000000000, -6.218749999999967137 ) ) ;
#5078 = ORIENTED_EDGE ( 'NONE', *, *, #1089, .T. ) ;
#5079 = CARTESIAN_POINT ( 'NONE',  ( 0.9001208017744838363, 17.38297455179785445, 1.559054961623038471 ) ) ;
#5080 = EDGE_CURVE ( 'NONE', #2012, #5290, #3381, .T. ) ;
#5081 = VECTOR ( 'NONE', #3945, 1000.000000000000114 ) ;
#5082 = DIRECTION ( 'NONE',  ( -1.000000000000000000, 0.000000000000000000, 0.000000000000000000 ) ) ;
#5083 = CARTESIAN_POINT ( 'NONE',  ( 3.818583336892907545E-16, 20.93297455179783029, 2.078739948830717665 ) ) ;
#5084 = ORIENTED_EDGE ( 'NONE', *, *, #4511, .F. ) ;
#5085 = LINE ( 'NONE', #37, #3892 ) ;
#5086 = CARTESIAN_POINT ( 'NONE',  ( 4.919582178358633841E-16, 24.25262592974427989, 2.678095802416303517 ) ) ;
#5087 = VECTOR ( 'NONE', #3073, 1000.000000000000000 ) ;
#5088 = DIRECTION ( 'NONE',  ( 1.000000000000000000, 0.000000000000000000, 0.000000000000000000 ) ) ;
#5089 = CARTESIAN_POINT ( 'NONE',  ( -2.319298998660986655, 23.55262592974428770, 1.339047901208154645 ) ) ;
#5090 = ORIENTED_EDGE ( 'NONE', *, *, #3437, .T. ) ;
#5091 = UNCERTAINTY_MEASURE_WITH_UNIT (LENGTH_MEASURE( 1.000000000000000082E-05 ), #2997, 'distance_accuracy_value', 'NONE');
#5092 = CARTESIAN_POINT ( 'NONE',  ( 2.546365574483686364E-14, 16.73297455179785942, 2.078739948830718109 ) ) ;
#5093 = CARTESIAN_POINT ( 'NONE',  ( -4.271114692723165795, -8.986661186536627710, 3.600000000000000089 ) ) ;
#5094 = CIRCLE ( 'NONE', #88, 13.94999999999999929 ) ;
#5095 = DIRECTION ( 'NONE',  ( 0.000000000000000000, 0.000000000000000000, 1.000000000000000000 ) ) ;
#5096 = LINE ( 'NONE', #3413, #4643 ) ;
#5097 = DIRECTION ( 'NONE',  ( 0.9421772088116637800, 0.3351150656056253729, -0.000000000000000000 ) ) ;
#5098 = CARTESIAN_POINT ( 'NONE',  ( -3.334394902775767999, -9.374663227676103716, 0.000000000000000000 ) ) ;
#5099 = DIRECTION ( 'NONE',  ( 0.000000000000000000, 0.000000000000000000, 1.000000000000000000 ) ) ;
#5100 = CARTESIAN_POINT ( 'NONE',  ( 0.000000000000000000, 0.000000000000000000, 38.74284989122453737 ) ) ;
#5101 = EDGE_CURVE ( 'NONE', #2192, #1582, #98, .T. ) ;
#5102 = VERTEX_POINT ( 'NONE', #2532 ) ;
#5103 = CARTESIAN_POINT ( 'NONE',  ( 13.14337206292275440, -4.674855165198334106, 2.500000000000006661 ) ) ;
#5104 = ORIENTED_EDGE ( 'NONE', *, *, #5038, .F. ) ;
#5105 = CARTESIAN_POINT ( 'NONE',  ( 2.319298998660988431, 23.85262592974428841, -1.339047901208152425 ) ) ;
#5106 = CARTESIAN_POINT ( 'NONE',  ( 12.50747877992344215, 6.177821183051905862, 1.300000000000000044 ) ) ;
#5107 = EDGE_LOOP ( 'NONE', ( #4130, #1355, #4931, #3499, #3851 ) ) ;
#5108 = CARTESIAN_POINT ( 'NONE',  ( -1.272861112297636013E-16, 18.23297455179784876, -2.078739948830717665 ) ) ;
#5109 = ORIENTED_EDGE ( 'NONE', *, *, #1985, .T. ) ;
#5110 =( BOUNDED_SURFACE ( )  B_SPLINE_SURFACE ( 1, 2, ( 
 ( #500, #1826, #2188, #3404, #3853, #95, #3455, #2962, #3069, #5086, #529, #66, #1774, #3044, #5142, #1336, #4292, #5112, #2552, #919, #1800, #1363, #4701, #1281, #943, #3883, #2629, #2214, #556, #125, #3508, #3016, #867, #4649, #4623, #1389, #972, #3828, #4728, #1745, #38, #454, #2660, #4675, #3806, #1308, #2238, #894, #1720, #2138, #3910, #151, #5059, #2991, #2577, #4241, #3429, #3534, #4813, #1877, #2264, #611, #1497, #997, #4348, #4759, #634, #174, #3179, #4401, #583, #201, #4785, #1080, #227, #2791, #1056, #1965, #5220, #2684, #3125, #5167, #1904, #4866, #2291, #2317, #4375, #3936, #287, #3580, #1472, #1856, #5194, #3149, #1028, #1445, #2711, #2742, #3204, #4451, #2765, #1419, #3098, #3963, #3557, #3987, #5245, #4840, #4426, #666, #2345, #4012, #254, #1934, #3614, #5277, #1525, #1108, #696, #2373, #4043, #3638, #4892, #1130, #3232, #2819, #5301, #4480, #723, #2403, #312, #4067, #1549, #947, #3885, #2664, #2633, #5171, #1777, #1365, #4353, #2715, #587, #4704, #3128, #1059, #1450, #4379, #5115, #3967, #1882, #4297, #4405, #615, #154, #3047, #3074, #639, #1032, #534, #4788, #976, #1475, #1831, #128, #2216, #3914, #3102, #4763, #3940, #2746, #1802, #4323, #3484, #5146, #1394, #4735, #3512, #3792, #559, #204, #2241, #1424, #1002, #3457, #2687, #2296, #2268, #100, #179, #3154, #5197, #4816 ),
 ( #1859, #3560, #3537, #5223, #2378, #5333, #726, #3584, #1968, #2846, #2822, #1553, #2321, #4071, #4925, #3667, #4483, #5362, #3642, #4534, #4047, #1907, #257, #3991, #2407, #2023, #4872, #3235, #1528, #1084, #2875, #316, #291, #4843, #2348, #5306, #1940, #2768, #5249, #4897, #342, #1606, #1580, #230, #1501, #4431, #671, #1133, #4454, #4015, #3209, #1995, #3183, #3618, #5280, #3261, #1111, #1161, #4508, #2796, #699, #751, #2436, #4100, #3696, #3288, #4952, #1191, #371, #2495, #3374, #4978, #2959, #5418, #1250, #4620, #1634, #2523, #4154, #864, #3426, #5083, #2135, #2080, #1663, #5056, #395, #1305, #4210, #1332, #4238, #3749, #5007, #3802, #778, #4564, #450, #2107, #4593, #3722, #1741, #2549, #890, #3346, #3316, #3401, #35, #1692, #2931, #834, #2988, #2049, #3013, #4184, #2463, #1717, #4645, #3776, #4128, #12, #2902, #5029, #1278, #2574, #5391, #473, #423, #2160, #3825, #62, #1220, #809, #2708, #3530, #91, #5108, #5164, #3503, #2260, #580, #3095, #553, #2656, #2184, #1414, #4261, #4756, #496, #3932, #1359, #3960, #1771, #3041, #1385, #3553, #915, #1796, #4371, #3907, #2680, #3850, #608, #4345, #2599, #4724, #4698, #4289, #5139, #3121, #197, #3452, #525, #1469, #171, #3880, #994, #1852, #1873, #968, #2287, #940, #5217, #2624, #4672, #2210, #121, #3478, #5190, #3065, #4317, #1442, #2234, #148 ) ),
 .UNSPECIFIED., .F., .F., .F. ) 
 B_SPLINE_SURFACE_WITH_KNOTS ( ( 2, 2 ),
 ( 3, 2, 2, 2, 2, 2, 2, 2, 2, 2, 2, 2, 2, 2, 2, 2, 2, 2, 2, 2, 2, 2, 2, 2, 2, 2, 2, 2, 2, 2, 2, 2, 2, 2, 2, 2, 2, 2, 2, 2, 2, 2, 2, 2, 2, 2, 2, 2, 2, 2, 2, 2, 2, 2, 2, 2, 2, 2, 2, 2, 2, 2, 2, 2, 2, 2, 2, 2, 2, 2, 2, 2, 2, 2, 2, 2, 2, 2, 2, 2, 2, 2, 2, 2, 2, 2, 2, 2, 2, 2, 2, 2, 2, 2, 2, 2, 3 ),
 ( 0.000000000000000000, 1.000000000000000000 ),
 ( 0.000000000000000000, 0.01041666666666666609, 0.02083333333333333218, 0.03125000000000000000, 0.04166666666666666435, 0.05208333333333333565, 0.06250000000000000000, 0.07291666666666667129, 0.08333333333333332871, 0.09375000000000000000, 0.1041666666666666713, 0.1145833333333333287, 0.1250000000000000000, 0.1354166666666666574, 0.1458333333333333426, 0.1562500000000000000, 0.1666666666666666574, 0.1770833333333333426, 0.1875000000000000000, 0.1979166666666666574, 0.2083333333333333426, 0.2187500000000000000, 0.2291666666666666574, 0.2395833333333333426, 0.2500000000000000000, 0.2604166666666666852, 0.2708333333333333148, 0.2812500000000000000, 0.2916666666666666852, 0.3020833333333333148, 0.3125000000000000000, 0.3229166666666666852, 0.3333333333333333148, 0.3437500000000000000, 0.3541666666666666852, 0.3645833333333333148, 0.3750000000000000000, 0.3854166666666666852, 0.3958333333333333148, 0.4062500000000000000, 0.4166666666666666852, 0.4270833333333333148, 0.4375000000000000000, 0.4479166666666666852, 0.4583333333333333148, 0.4687500000000000000, 0.4791666666666666852, 0.4895833333333333148, 0.5000000000000000000, 0.5104166666666666297, 0.5208333333333333703, 0.5312500000000000000, 0.5416666666666666297, 0.5520833333333333703, 0.5625000000000000000, 0.5729166666666666297, 0.5833333333333333703, 0.5937500000000000000, 0.6041666666666666297, 0.6145833333333333703, 0.6250000000000000000, 0.6354166666666666297, 0.6458333333333333703, 0.6562500000000000000, 0.6666666666666666297, 0.6770833333333333703, 0.6875000000000000000, 0.6979166666666666297, 0.7083333333333333703, 0.7187500000000000000, 0.7291666666666666297, 0.7395833333333333703, 0.7500000000000000000, 0.7604166666666666297, 0.7708333333333333703, 0.7812500000000000000, 0.7916666666666666297, 0.8020833333333333703, 0.8125000000000000000, 0.8229166666666666297, 0.8333333333333333703, 0.8437500000000000000, 0.8541666666666666297, 0.8645833333333333703, 0.8750000000000000000, 0.8854166666666666297, 0.8958333333333333703, 0.9062500000000000000, 0.9166666666666666297, 0.9270833333333333703, 0.9375000000000000000, 0.9479166666666666297, 0.9583333333333333703, 0.9687500000000000000, 0.9791666666666666297, 0.9895833333333333703, 1.000000000000000000 ),
 .UNSPECIFIED. ) 
 GEOMETRIC_REPRESENTATION_ITEM ( )  RATIONAL_B_SPLINE_SURFACE ( (
 ( 1.000000000000000000, 0.8660254037844387076, 1.000000000000000000, 0.8660254037844387076, 1.000000000000000000, 0.8660254037844387076, 1.000000000000000000, 0.8660254037844387076, 1.000000000000000000, 0.8660254037844387076, 1.000000000000000000, 0.8660254037844387076, 1.000000000000000000, 0.8660254037844387076, 1.000000000000000000, 0.8660254037844387076, 1.000000000000000000, 0.8660254037844387076, 1.000000000000000000, 0.8660254037844387076, 1.000000000000000000, 0.8660254037844387076, 1.000000000000000000, 0.8660254037844387076, 1.000000000000000000, 0.8660254037844387076, 1.000000000000000000, 0.8660254037844387076, 1.000000000000000000, 0.8660254037844387076, 1.000000000000000000, 0.8660254037844387076, 1.000000000000000000, 0.8660254037844387076, 1.000000000000000000, 0.8660254037844387076, 1.000000000000000000, 0.8660254037844387076, 1.000000000000000000, 0.8660254037844387076, 1.000000000000000000, 0.8660254037844387076, 1.000000000000000000, 0.8660254037844387076, 1.000000000000000000, 0.8660254037844387076, 1.000000000000000000, 0.8660254037844387076, 1.000000000000000000, 0.8660254037844387076, 1.000000000000000000, 0.8660254037844387076, 1.000000000000000000, 0.8660254037844387076, 1.000000000000000000, 0.8660254037844387076, 1.000000000000000000, 0.8660254037844387076, 1.000000000000000000, 0.8660254037844387076, 1.000000000000000000, 0.8660254037844387076, 1.000000000000000000, 0.8660254037844387076, 1.000000000000000000, 0.8660254037844387076, 1.000000000000000000, 0.8660254037844387076, 1.000000000000000000, 0.8660254037844387076, 1.000000000000000000, 0.8660254037844387076, 1.000000000000000000, 0.8660254037844387076, 1.000000000000000000, 0.8660254037844387076, 1.000000000000000000, 0.8660254037844387076, 1.000000000000000000, 0.8660254037844387076, 1.000000000000000000, 0.8660254037844387076, 1.000000000000000000, 0.8660254037844387076, 1.000000000000000000, 0.8660254037844387076, 1.000000000000000000, 0.8660254037844387076, 1.000000000000000000, 0.8660254037844387076, 1.000000000000000000, 0.8660254037844387076, 1.000000000000000000, 0.8660254037844387076, 1.000000000000000000, 0.8660254037844387076, 1.000000000000000000, 0.8660254037844387076, 1.000000000000000000, 0.8660254037844387076, 1.000000000000000000, 0.8660254037844387076, 1.000000000000000000, 0.8660254037844387076, 1.000000000000000000, 0.8660254037844387076, 1.000000000000000000, 0.8660254037844387076, 1.000000000000000000, 0.8660254037844387076, 1.000000000000000000, 0.8660254037844387076, 1.000000000000000000, 0.8660254037844387076, 1.000000000000000000, 0.8660254037844387076, 1.000000000000000000, 0.8660254037844387076, 1.000000000000000000, 0.8660254037844387076, 1.000000000000000000, 0.8660254037844387076, 1.000000000000000000, 0.8660254037844387076, 1.000000000000000000, 0.8660254037844387076, 1.000000000000000000, 0.8660254037844387076, 1.000000000000000000, 0.8660254037844387076, 1.000000000000000000, 0.8660254037844387076, 1.000000000000000000, 0.8660254037844387076, 1.000000000000000000, 0.8660254037844387076, 1.000000000000000000, 0.8660254037844387076, 1.000000000000000000, 0.8660254037844387076, 1.000000000000000000, 0.8660254037844387076, 1.000000000000000000, 0.8660254037844387076, 1.000000000000000000, 0.8660254037844387076, 1.000000000000000000, 0.8660254037844387076, 1.000000000000000000, 0.8660254037844387076, 1.000000000000000000, 0.8660254037844387076, 1.000000000000000000, 0.8660254037844387076, 1.000000000000000000, 0.8660254037844387076, 1.000000000000000000, 0.8660254037844387076, 1.000000000000000000, 0.8660254037844387076, 1.000000000000000000, 0.8660254037844387076, 1.000000000000000000, 0.8660254037844387076, 1.000000000000000000, 0.8660254037844387076, 1.000000000000000000, 0.8660254037844387076, 1.000000000000000000, 0.8660254037844387076, 1.000000000000000000, 0.8660254037844387076, 1.000000000000000000, 0.8660254037844387076, 1.000000000000000000, 0.8660254037844387076, 1.000000000000000000, 0.8660254037844387076, 1.000000000000000000, 0.8660254037844387076, 1.000000000000000000, 0.8660254037844387076, 1.000000000000000000, 0.8660254037844387076, 1.000000000000000000, 0.8660254037844387076, 1.000000000000000000, 0.8660254037844387076, 1.000000000000000000, 0.8660254037844387076, 1.000000000000000000, 0.8660254037844387076, 1.000000000000000000),
 ( 1.000000000000000000, 0.8660254037844387076, 1.000000000000000000, 0.8660254037844387076, 1.000000000000000000, 0.8660254037844387076, 1.000000000000000000, 0.8660254037844387076, 1.000000000000000000, 0.8660254037844387076, 1.000000000000000000, 0.8660254037844387076, 1.000000000000000000, 0.8660254037844387076, 1.000000000000000000, 0.8660254037844387076, 1.000000000000000000, 0.8660254037844387076, 1.000000000000000000, 0.8660254037844387076, 1.000000000000000000, 0.8660254037844387076, 1.000000000000000000, 0.8660254037844387076, 1.000000000000000000, 0.8660254037844387076, 1.000000000000000000, 0.8660254037844387076, 1.000000000000000000, 0.8660254037844387076, 1.000000000000000000, 0.8660254037844387076, 1.000000000000000000, 0.8660254037844387076, 1.000000000000000000, 0.8660254037844387076, 1.000000000000000000, 0.8660254037844387076, 1.000000000000000000, 0.8660254037844387076, 1.000000000000000000, 0.8660254037844387076, 1.000000000000000000, 0.8660254037844387076, 1.000000000000000000, 0.8660254037844387076, 1.000000000000000000, 0.8660254037844387076, 1.000000000000000000, 0.8660254037844387076, 1.000000000000000000, 0.8660254037844387076, 1.000000000000000000, 0.8660254037844387076, 1.000000000000000000, 0.8660254037844387076, 1.000000000000000000, 0.8660254037844387076, 1.000000000000000000, 0.8660254037844387076, 1.000000000000000000, 0.8660254037844387076, 1.000000000000000000, 0.8660254037844387076, 1.000000000000000000, 0.8660254037844387076, 1.000000000000000000, 0.8660254037844387076, 1.000000000000000000, 0.8660254037844387076, 1.000000000000000000, 0.8660254037844387076, 1.000000000000000000, 0.8660254037844387076, 1.000000000000000000, 0.8660254037844387076, 1.000000000000000000, 0.8660254037844387076, 1.000000000000000000, 0.8660254037844387076, 1.000000000000000000, 0.8660254037844387076, 1.000000000000000000, 0.8660254037844387076, 1.000000000000000000, 0.8660254037844387076, 1.000000000000000000, 0.8660254037844387076, 1.000000000000000000, 0.8660254037844387076, 1.000000000000000000, 0.8660254037844387076, 1.000000000000000000, 0.8660254037844387076, 1.000000000000000000, 0.8660254037844387076, 1.000000000000000000, 0.8660254037844387076, 1.000000000000000000, 0.8660254037844387076, 1.000000000000000000, 0.8660254037844387076, 1.000000000000000000, 0.8660254037844387076, 1.000000000000000000, 0.8660254037844387076, 1.000000000000000000, 0.8660254037844387076, 1.000000000000000000, 0.8660254037844387076, 1.000000000000000000, 0.8660254037844387076, 1.000000000000000000, 0.8660254037844387076, 1.000000000000000000, 0.8660254037844387076, 1.000000000000000000, 0.8660254037844387076, 1.000000000000000000, 0.8660254037844387076, 1.000000000000000000, 0.8660254037844387076, 1.000000000000000000, 0.8660254037844387076, 1.000000000000000000, 0.8660254037844387076, 1.000000000000000000, 0.8660254037844387076, 1.000000000000000000, 0.8660254037844387076, 1.000000000000000000, 0.8660254037844387076, 1.000000000000000000, 0.8660254037844387076, 1.000000000000000000, 0.8660254037844387076, 1.000000000000000000, 0.8660254037844387076, 1.000000000000000000, 0.8660254037844387076, 1.000000000000000000, 0.8660254037844387076, 1.000000000000000000, 0.8660254037844387076, 1.000000000000000000, 0.8660254037844387076, 1.000000000000000000, 0.8660254037844387076, 1.000000000000000000, 0.8660254037844387076, 1.000000000000000000, 0.8660254037844387076, 1.000000000000000000, 0.8660254037844387076, 1.000000000000000000, 0.8660254037844387076, 1.000000000000000000, 0.8660254037844387076, 1.000000000000000000, 0.8660254037844387076, 1.000000000000000000, 0.8660254037844387076, 1.000000000000000000, 0.8660254037844387076, 1.000000000000000000, 0.8660254037844387076, 1.000000000000000000, 0.8660254037844387076, 1.000000000000000000, 0.8660254037844387076, 1.000000000000000000, 0.8660254037844387076, 1.000000000000000000, 0.8660254037844387076, 1.000000000000000000, 0.8660254037844387076, 1.000000000000000000, 0.8660254037844387076, 1.000000000000000000, 0.8660254037844387076, 1.000000000000000000, 0.8660254037844387076, 1.000000000000000000, 0.8660254037844387076, 1.000000000000000000, 0.8660254037844387076, 1.000000000000000000, 0.8660254037844387076, 1.000000000000000000, 0.8660254037844387076, 1.000000000000000000, 0.8660254037844387076, 1.000000000000000000) ) ) 
 REPRESENTATION_ITEM ( '' )  SURFACE ( )  );
#5111 = LINE ( 'NONE', #970, #232 ) ;
#5112 = CARTESIAN_POINT ( 'NONE',  ( 2.319298998660989319, 23.85262592974428841, -1.339047901208152647 ) ) ;
#5113 = CIRCLE ( 'NONE', #645, 13.94999999999999929 ) ;
#5114 = CARTESIAN_POINT ( 'NONE',  ( -12.53263308999197179, 6.126631034397157727, 3.999999999999997335 ) ) ;
#5115 = CARTESIAN_POINT ( 'NONE',  ( 1.159649499330494438, 17.30262592974432678, -2.008571851812228193 ) ) ;
#5116 = CARTESIAN_POINT ( 'NONE',  ( -6.683675726020609850E-15, 22.15262592974429623, -2.678095802416302629 ) ) ;
#5117 = EDGE_LOOP ( 'NONE', ( #1872, #149 ) ) ;
#5118 = CARTESIAN_POINT ( 'NONE',  ( -1.800241603548981439, 16.53297455179786013, -1.039369974415332631 ) ) ;
#5119 = CARTESIAN_POINT ( 'NONE',  ( 8.986661186536585078, 4.271114692723258166, 3.600000000000000089 ) ) ;
#5120 = AXIS2_PLACEMENT_3D ( 'NONE', #3540, #3622, #1477 ) ;
#5121 = CARTESIAN_POINT ( 'NONE',  ( -4.271114692723165795, -8.986661186536627710, 0.000000000000000000 ) ) ;
#5122 = ADVANCED_FACE ( 'NONE', ( #1231 ), #2098, .T. ) ;
#5123 = CARTESIAN_POINT ( 'NONE',  ( -8.135996884128957163, 3.321864870154491722, 0.000000000000000000 ) ) ;
#5124 = CARTESIAN_POINT ( 'NONE',  ( 3.334394902775964287, -9.374663227676037991, 0.000000000000000000 ) ) ;
#5125 = CARTESIAN_POINT ( 'NONE',  ( -2.319298998660988875, 15.70262592974433424, 0.000000000000000000 ) ) ;
#5126 = EDGE_CURVE ( 'NONE', #4750, #579, #2036, .T. ) ;
#5127 = VECTOR ( 'NONE', #3882, 1000.000000000000000 ) ;
#5128 = AXIS2_PLACEMENT_3D ( 'NONE', #3498, #3472, #1380 ) ;
#5129 = EDGE_CURVE ( 'NONE', #2192, #3688, #5337, .T. ) ;
#5130 = ORIENTED_EDGE ( 'NONE', *, *, #3770, .T. ) ;
#5131 = CARTESIAN_POINT ( 'NONE',  ( 3.278135129845539897, -9.007820706583318682, 0.000000000000000000 ) ) ;
#5132 = ORIENTED_EDGE ( 'NONE', *, *, #3198, .T. ) ;
#5133 = VECTOR ( 'NONE', #929, 1000.000000000000000 ) ;
#5134 = APPLICATION_CONTEXT ( 'automotive_design' ) ;
#5135 = CARTESIAN_POINT ( 'NONE',  ( -1.159649499330492883, 24.80262592974428060, 2.008571851812228193 ) ) ;
#5136 = ADVANCED_FACE ( 'NONE', ( #2477 ), #4519, .F. ) ;
#5137 = CARTESIAN_POINT ( 'NONE',  ( -9.374663227676069965, 3.334394902775867031, 3.600000000000000089 ) ) ;
#5138 = VERTEX_POINT ( 'NONE', #4576 ) ;
#5139 = CARTESIAN_POINT ( 'NONE',  ( -1.800241603548965674, 16.63297455179785800, 1.039369974415360165 ) ) ;
#5140 = EDGE_LOOP ( 'NONE', ( #1503, #4667, #4845, #3809 ) ) ;
#5141 = DIRECTION ( 'NONE',  ( 0.000000000000000000, 0.000000000000000000, 1.000000000000000000 ) ) ;
#5142 = CARTESIAN_POINT ( 'NONE',  ( -1.159649499330495104, 24.00262592974428344, -2.008571851812227749 ) ) ;
#5143 = B_SPLINE_CURVE_WITH_KNOTS ( 'NONE', 3,
 ( #3951, #190, #2725, #299 ),
 .UNSPECIFIED., .F., .F.,
 ( 4, 4 ),
 ( 0.000000000000000000, 0.002828427169860046712 ),
 .UNSPECIFIED. ) ;
#5144 = DIRECTION ( 'NONE',  ( 1.000000000000000000, 0.000000000000000000, 0.000000000000000000 ) ) ;
#5145 = EDGE_CURVE ( 'NONE', #3231, #458, #3327, .T. ) ;
#5146 = CARTESIAN_POINT ( 'NONE',  ( 2.319298998660989763, 16.00262592974433673, -2.840322094975842506E-16 ) ) ;
#5147 = CARTESIAN_POINT ( 'NONE',  ( -2.319298998660983990, 21.75262592974429765, 1.339047901208160196 ) ) ;
#5148 = VERTEX_POINT ( 'NONE', #4729 ) ;
#5149 = CARTESIAN_POINT ( 'NONE',  ( -1.800241603548960345, 19.03297455179784592, 1.039369974415368825 ) ) ;
#5150 = AXIS2_PLACEMENT_3D ( 'NONE', #5426, #2853, #1227 ) ;
#5151 = EDGE_CURVE ( 'NONE', #2428, #3459, #69, .T. ) ;
#5152 = CARTESIAN_POINT ( 'NONE',  ( 1.989358151315880452, 24.82489895900287635, 0.6053789341370576782 ) ) ;
#5153 = DIRECTION ( 'NONE',  ( -0.000000000000000000, -0.000000000000000000, 1.000000000000000000 ) ) ;
#5154 = CARTESIAN_POINT ( 'NONE',  ( -0.1924264824948682950, -2.778967435556482179, 0.000000000000000000 ) ) ;
#5155 = FACE_BOUND ( 'NONE', #305, .T. ) ;
#5156 = CARTESIAN_POINT ( 'NONE',  ( 0.000000000000000000, 0.000000000000000000, 0.5000000000000000000 ) ) ;
#5157 = AXIS2_PLACEMENT_3D ( 'NONE', #1854, #2683, #4347 ) ;
#5158 = EDGE_LOOP ( 'NONE', ( #225, #2312, #4003, #4390 ) ) ;
#5159 = ADVANCED_FACE ( 'NONE', ( #3811 ), #655, .T. ) ;
#5160 = DIRECTION ( 'NONE',  ( 1.000000000000000000, 0.000000000000000000, 0.000000000000000000 ) ) ;
#5161 = ORIENTED_EDGE ( 'NONE', *, *, #288, .T. ) ;
#5162 = CARTESIAN_POINT ( 'NONE',  ( 1.159649499330495548, 24.90262592974427847, 2.008571851812226861 ) ) ;
#5163 = ORIENTED_EDGE ( 'NONE', *, *, #6, .F. ) ;
#5164 = CARTESIAN_POINT ( 'NONE',  ( 0.9001208017744826151, 18.18297455179784805, -1.559054961623038915 ) ) ;
#5165 = ORIENTED_EDGE ( 'NONE', *, *, #933, .T. ) ;
#5166 = DIRECTION ( 'NONE',  ( 0.000000000000000000, 0.000000000000000000, 1.000000000000000000 ) ) ;
#5167 = CARTESIAN_POINT ( 'NONE',  ( 4.919582178358633841E-16, 20.65262592974430689, 2.678095802416303517 ) ) ;
#5168 = CARTESIAN_POINT ( 'NONE',  ( 1.800241603548965674, 23.53297455179781394, -1.039369974415359499 ) ) ;
#5169 = EDGE_CURVE ( 'NONE', #1961, #3143, #505, .T. ) ;
#5170 = LINE ( 'NONE', #3966, #1945 ) ;
#5171 = CARTESIAN_POINT ( 'NONE',  ( 2.319298998660989319, 17.85262592974432394, -1.339047901208152647 ) ) ;
#5172 = CARTESIAN_POINT ( 'NONE',  ( 2.319298998660988875, 22.00262592974429765, -1.005015171302564121E-14 ) ) ;
#5173 = AXIS2_PLACEMENT_3D ( 'NONE', #1946, #5312, #2695 ) ;
#5174 = VERTEX_POINT ( 'NONE', #1814 ) ;
#5175 = DIRECTION ( 'NONE',  ( 0.000000000000000000, 0.000000000000000000, 1.000000000000000000 ) ) ;
#5176 = DIRECTION ( 'NONE',  ( -0.4388833105516039557, 0.8985440666540870369, 0.000000000000000000 ) ) ;
#5177 = CARTESIAN_POINT ( 'NONE',  ( 0.000000000000000000, 0.000000000000000000, 0.000000000000000000 ) ) ;
#5178 = VECTOR ( 'NONE', #350, 1000.000000000000000 ) ;
#5179 = CARTESIAN_POINT ( 'NONE',  ( 2.047859958362100219, 24.84703922109706653, -0.1972193955356843220 ) ) ;
#5180 = DIRECTION ( 'NONE',  ( -0.7071067811865462405, -0.7071067811865486830, 0.000000000000000000 ) ) ;
#5181 = CARTESIAN_POINT ( 'NONE',  ( 3.278135129845476392, 9.007820706583343551, 6.000000000000000000 ) ) ;
#5182 = VECTOR ( 'NONE', #586, 1000.000000000000000 ) ;
#5183 = DIRECTION ( 'NONE',  ( 0.000000000000000000, -0.000000000000000000, 1.000000000000000000 ) ) ;
#5184 = FACE_OUTER_BOUND ( 'NONE', #4790, .T. ) ;
#5185 = ORIENTED_EDGE ( 'NONE', *, *, #4359, .F. ) ;
#5186 = DIRECTION ( 'NONE',  ( -0.000000000000000000, -0.000000000000000000, 1.000000000000000000 ) ) ;
#5187 = ORIENTED_EDGE ( 'NONE', *, *, #2515, .F. ) ;
#5188 = CARTESIAN_POINT ( 'NONE',  ( 4.919582178358630883E-16, 23.05262592974429126, 2.678095802416302629 ) ) ;
#5189 = EDGE_LOOP ( 'NONE', ( #42, #2625, #172, #2940 ) ) ;
#5190 = CARTESIAN_POINT ( 'NONE',  ( 1.800241603548966784, 15.63297455179786510, 1.039369974415358611 ) ) ;
#5191 = ORIENTED_EDGE ( 'NONE', *, *, #5070, .F. ) ;
#5192 = DIRECTION ( 'NONE',  ( 1.000000000000000000, 0.000000000000000000, 0.000000000000000000 ) ) ;
#5193 = ADVANCED_FACE ( 'NONE', ( #2228 ), #570, .T. ) ;
#5194 = CARTESIAN_POINT ( 'NONE',  ( 1.159649499330495992, 20.10262592974430973, 2.008571851812227749 ) ) ;
#5195 = CARTESIAN_POINT ( 'NONE',  ( 1.800241603548966784, 22.23297455179782389, 1.039369974415358611 ) ) ;
#5196 = DIRECTION ( 'NONE',  ( -0.000000000000000000, -0.000000000000000000, -1.000000000000000000 ) ) ;
#5197 = CARTESIAN_POINT ( 'NONE',  ( -2.319298998660988875, 15.15262592974434064, 1.339047901208153091 ) ) ;
#5198 = CARTESIAN_POINT ( 'NONE',  ( 1.159649499330506206, 21.30262592974430191, 2.008571851812220199 ) ) ;
#5199 = VERTEX_POINT ( 'NONE', #3895 ) ;
#5200 = CARTESIAN_POINT ( 'NONE',  ( 1.348663076390070659, 15.89844929580394961, -2.335952970598541789 ) ) ;
#5201 = EDGE_CURVE ( 'NONE', #3433, #2236, #2351, .T. ) ;
#5202 = EDGE_CURVE ( 'NONE', #4151, #4566, #545, .T. ) ;
#5203 = LINE ( 'NONE', #3134, #793 ) ;
#5204 = DIRECTION ( 'NONE',  ( 0.9421772088116672217, 0.3351150656056154364, 0.000000000000000000 ) ) ;
#5205 = CARTESIAN_POINT ( 'NONE',  ( -4.838158926507845209E-15, 23.63297455179781537, -2.078739948830718109 ) ) ;
#5206 = PRODUCT ( 'RS2205', 'RS2205', '', ( #565 ) ) ;
#5207 = AXIS2_PLACEMENT_3D ( 'NONE', #1997, #3292, #347 ) ;
#5208 = CARTESIAN_POINT ( 'NONE',  ( 12.53263308999197179, -6.126631034397157727, 1.300000000000000044 ) ) ;
#5209 = CARTESIAN_POINT ( 'NONE',  ( 4.000000000000000000, 4.898587196589412829E-16, 6.000000000000000000 ) ) ;
#5210 = AXIS2_PLACEMENT_3D ( 'NONE', #224, #3230, #5241 ) ;
#5211 = ORIENTED_EDGE ( 'NONE', *, *, #2158, .F. ) ;
#5212 = DIRECTION ( 'NONE',  ( 0.000000000000000000, -0.000000000000000000, -1.000000000000000000 ) ) ;
#5213 = ORIENTED_EDGE ( 'NONE', *, *, #2459, .T. ) ;
#5214 = CARTESIAN_POINT ( 'NONE',  ( 1.159649499330493994, 25.10262592974427776, -2.008571851812227305 ) ) ;
#5215 = AXIS2_PLACEMENT_3D ( 'NONE', #5131, #57, #1791 ) ;
#5216 = ORIENTED_EDGE ( 'NONE', *, *, #2603, .F. ) ;
#5217 = CARTESIAN_POINT ( 'NONE',  ( -1.800241603548966340, 15.93297455179786404, -1.039369974415358833 ) ) ;
#5218 = EDGE_LOOP ( 'NONE', ( #1561, #1795, #113, #5335, #85 ) ) ;
#5219 = DIRECTION ( 'NONE',  ( -3.492314515803362258E-15, 1.000000000000000000, 0.000000000000000000 ) ) ;
#5220 = CARTESIAN_POINT ( 'NONE',  ( 2.319298998660989763, 20.80262592974430547, -2.840322094975842506E-16 ) ) ;
#5221 = CARTESIAN_POINT ( 'NONE',  ( -1.272861112297636013E-16, 23.03297455179782105, -2.078739948830717665 ) ) ;
#5222 = CARTESIAN_POINT ( 'NONE',  ( 8.134310703387669391E-16, 24.74898902876640605, 2.151010971233594748 ) ) ;
#5223 = CARTESIAN_POINT ( 'NONE',  ( -1.272861112297636013E-16, 24.83297455179780755, -2.078739948830717665 ) ) ;
#5224 = ORIENTED_EDGE ( 'NONE', *, *, #4996, .F. ) ;
#5225 = EDGE_CURVE ( 'NONE', #1158, #4380, #3496, .T. ) ;
#5226 = DIRECTION ( 'NONE',  ( 1.000000000000000000, 0.000000000000000000, 0.000000000000000000 ) ) ;
#5227 = STYLED_ITEM ( 'NONE', ( #1262 ), #2474 ) ;
#5228 = ADVANCED_FACE ( 'NONE', ( #5184 ), #1762, .F. ) ;
#5229 = CARTESIAN_POINT ( 'NONE',  ( 0.000000000000000000, 0.000000000000000000, 3.600000000000000089 ) ) ;
#5230 = CARTESIAN_POINT ( 'NONE',  ( 3.334394902775964287, -9.374663227676037991, 3.600000000000000089 ) ) ;
#5231 = CARTESIAN_POINT ( 'NONE',  ( -0.9001208017744861678, 23.08297455179781821, -1.559054961623037139 ) ) ;
#5232 = CARTESIAN_POINT ( 'NONE',  ( 1.357109077572269210E-14, 15.85262592974433637, 2.678095802416302629 ) ) ;
#5233 = ADVANCED_FACE ( 'NONE', ( #598 ), #4748, .F. ) ;
#5234 = LINE ( 'NONE', #4939, #4045 ) ;
#5235 = VERTEX_POINT ( 'NONE', #1015 ) ;
#5236 = LINE ( 'NONE', #627, #49 ) ;
#5237 = ORIENTED_EDGE ( 'NONE', *, *, #2939, .T. ) ;
#5238 = CARTESIAN_POINT ( 'NONE',  ( 1.159649499330495548, 20.10262592974430973, 2.008571851812226861 ) ) ;
#5239 = AXIS2_PLACEMENT_3D ( 'NONE', #3922, #1377, #2589 ) ;
#5240 = VERTEX_POINT ( 'NONE', #3545 ) ;
#5241 = DIRECTION ( 'NONE',  ( -3.304235192336768412E-15, 1.000000000000000000, 0.000000000000000000 ) ) ;
#5242 = ORIENTED_EDGE ( 'NONE', *, *, #1618, .T. ) ;
#5243 = CYLINDRICAL_SURFACE ( 'NONE', #3894, 1.050000000000001821 ) ;
#5244 = AXIS2_PLACEMENT_3D ( 'NONE', #1590, #3273, #2943 ) ;
#5245 = CARTESIAN_POINT ( 'NONE',  ( -1.159649499330493327, 19.40262592974431399, 2.008571851812229081 ) ) ;
#5246 = CARTESIAN_POINT ( 'NONE',  ( 0.000000000000000000, 0.000000000000000000, 0.000000000000000000 ) ) ;
#5247 = EDGE_CURVE ( 'NONE', #4886, #2786, #861, .T. ) ;
#5248 = DIRECTION ( 'NONE',  ( -0.000000000000000000, -0.000000000000000000, 1.000000000000000000 ) ) ;
#5249 = CARTESIAN_POINT ( 'NONE',  ( -0.9001208017744832812, 23.08297455179781821, -1.559054961623038693 ) ) ;
#5250 = VERTEX_POINT ( 'NONE', #4798 ) ;
#5251 = ORIENTED_EDGE ( 'NONE', *, *, #1579, .T. ) ;
#5252 = FACE_OUTER_BOUND ( 'NONE', #330, .T. ) ;
#5253 = CIRCLE ( 'NONE', #1137, 8.180456575636107175 ) ;
#5254 = AXIS2_PLACEMENT_3D ( 'NONE', #5264, #736, #3629 ) ;
#5255 = DIRECTION ( 'NONE',  ( 0.000000000000000000, 0.000000000000000000, -1.000000000000000000 ) ) ;
#5256 = CIRCLE ( 'NONE', #966, 9.949999999999979750 ) ;
#5257 = ORIENTED_EDGE ( 'NONE', *, *, #4870, .F. ) ;
#5258 = FACE_BOUND ( 'NONE', #1076, .T. ) ;
#5259 = CARTESIAN_POINT ( 'NONE',  ( 0.000000000000000000, 0.000000000000000000, 0.000000000000000000 ) ) ;
#5260 = CARTESIAN_POINT ( 'NONE',  ( -2.275762622088138844E-14, 16.15262592974433531, -2.678095802416302629 ) ) ;
#5261 = CIRCLE ( 'NONE', #616, 9.949999999999981526 ) ;
#5262 = CARTESIAN_POINT ( 'NONE',  ( 13.14337206292275440, 4.674855165198334106, 2.500000000000006661 ) ) ;
#5263 = AXIS2_PLACEMENT_3D ( 'NONE', #3807, #3430, #2605 ) ;
#5264 = CARTESIAN_POINT ( 'NONE',  ( 2.778967435556481291, 0.1924264824948780095, 0.000000000000000000 ) ) ;
#5265 = VERTEX_POINT ( 'NONE', #988 ) ;
#5266 = CARTESIAN_POINT ( 'NONE',  ( 8.090586884989688699, -2.767075332439445035, 6.000000000000000000 ) ) ;
#5267 = VERTEX_POINT ( 'NONE', #3923 ) ;
#5268 = CARTESIAN_POINT ( 'NONE',  ( -2.319298998660988875, 19.85262592974430973, -1.339047901208151092 ) ) ;
#5269 = ADVANCED_FACE ( 'NONE', ( #2614 ), #1042, .T. ) ;
#5270 = EDGE_CURVE ( 'NONE', #5102, #2550, #163, .T. ) ;
#5271 = AXIS2_PLACEMENT_3D ( 'NONE', #216, #1923, #3278 ) ;
#5272 = ADVANCED_FACE ( 'NONE', ( #4714 ), #2700, .T. ) ;
#5273 = ORIENTED_EDGE ( 'NONE', *, *, #3695, .T. ) ;
#5274 = DIRECTION ( 'NONE',  ( 0.000000000000000000, -0.000000000000000000, 1.000000000000000000 ) ) ;
#5275 = ORIENTED_EDGE ( 'NONE', *, *, #370, .T. ) ;
#5276 = DIRECTION ( 'NONE',  ( 3.491481338843133355E-15, -1.000000000000000000, 0.000000000000000000 ) ) ;
#5277 = CARTESIAN_POINT ( 'NONE',  ( 2.319298998660990652, 18.95262592974431470, 1.339047901208151092 ) ) ;
#5278 = CARTESIAN_POINT ( 'NONE',  ( 1.800241603548966784, 19.83297455179783952, 1.039369974415358611 ) ) ;
#5279 = CARTESIAN_POINT ( 'NONE',  ( 0.000000000000000000, 0.000000000000000000, 6.000000000000000000 ) ) ;
#5280 = CARTESIAN_POINT ( 'NONE',  ( 1.800241603548966118, 22.28297455179782460, -2.204660117478139918E-16 ) ) ;
#5281 = VERTEX_POINT ( 'NONE', #1435 ) ;
#5282 = ORIENTED_EDGE ( 'NONE', *, *, #3205, .T. ) ;
#5283 = LINE ( 'NONE', #3647, #5081 ) ;
#5284 = EDGE_LOOP ( 'NONE', ( #2086, #4889, #1086, #1237 ) ) ;
#5285 = DIRECTION ( 'NONE',  ( -0.4428545650933264910, 0.8965934609264115673, 0.000000000000000000 ) ) ;
#5286 = CARTESIAN_POINT ( 'NONE',  ( 1.800241603548966118, 22.88297455179781892, -1.543262082234697770E-15 ) ) ;
#5287 = DIRECTION ( 'NONE',  ( -1.000000000000000000, 0.000000000000000000, 0.000000000000000000 ) ) ;
#5288 = CARTESIAN_POINT ( 'NONE',  ( 8.090586884989663830, -2.767075332439431712, 0.000000000000000000 ) ) ;
#5289 = CONICAL_SURFACE ( 'NONE', #4856, 13.94999999999999929, 1.012197011451335449 ) ;
#5290 = VERTEX_POINT ( 'NONE', #3114 ) ;
#5291 = LINE ( 'NONE', #1123, #2604 ) ;
#5292 = ORIENTED_EDGE ( 'NONE', *, *, #4388, .F. ) ;
#5293 = EDGE_CURVE ( 'NONE', #3624, #658, #5143, .T. ) ;
#5294 = CARTESIAN_POINT ( 'NONE',  ( -2.319298998660988875, 19.90262592974431044, 0.000000000000000000 ) ) ;
#5295 = AXIS2_PLACEMENT_3D ( 'NONE', #4920, #1547, #1077 ) ;
#5296 = EDGE_CURVE ( 'NONE', #3459, #2428, #4192, .T. ) ;
#5297 = ORIENTED_EDGE ( 'NONE', *, *, #1845, .F. ) ;
#5298 = CARTESIAN_POINT ( 'NONE',  ( 0.000000000000000000, 25.00000000000000000, 0.000000000000000000 ) ) ;
#5299 = ORIENTED_EDGE ( 'NONE', *, *, #2892, .T. ) ;
#5300 = CARTESIAN_POINT ( 'NONE',  ( 0.6430780618349823952, 16.08224350989571860, -2.399999999999999467 ) ) ;
#5301 = CARTESIAN_POINT ( 'NONE',  ( 2.319298998660989763, 18.40262592974431755, -2.840322094975842506E-16 ) ) ;
#5302 = EDGE_CURVE ( 'NONE', #4691, #831, #5416, .T. ) ;
#5303 = CARTESIAN_POINT ( 'NONE',  ( 3.818583336892907545E-16, 20.93297455179783029, 2.078739948830717665 ) ) ;
#5304 = VECTOR ( 'NONE', #1623, 1000.000000000000000 ) ;
#5305 = LINE ( 'NONE', #2874, #3789 ) ;
#5306 = CARTESIAN_POINT ( 'NONE',  ( -1.800241603548965674, 23.23297455179782034, 1.039369974415360165 ) ) ;
#5307 = ORIENTED_EDGE ( 'NONE', *, *, #4874, .T. ) ;
#5308 = ORIENTED_EDGE ( 'NONE', *, *, #1346, .T. ) ;
#5309 = CARTESIAN_POINT ( 'NONE',  ( 2.697326152778748654, 15.74844929580395281, 1.557301980399832031 ) ) ;
#5310 = AXIS2_PLACEMENT_3D ( 'NONE', #1841, #3921, #3494 ) ;
#5311 = ITEM_DEFINED_TRANSFORMATION ( 'NONE', 'NONE', #4618,  #4805 ) ;
#5312 = DIRECTION ( 'NONE',  ( 0.000000000000000000, -1.000000000000000000, 0.000000000000000000 ) ) ;
#5313 = ORIENTED_EDGE ( 'NONE', *, *, #3059, .T. ) ;
#5314 = LINE ( 'NONE', #3216, #4914 ) ;
#5315 = LINE ( 'NONE', #297, #5400 ) ;
#5316 = DIRECTION ( 'NONE',  ( 1.000000000000000000, 0.000000000000000000, 0.000000000000000000 ) ) ;
#5317 = FILL_AREA_STYLE ('',( #2807 ) ) ;
#5318 = ADVANCED_FACE ( 'NONE', ( #4854 ), #1980, .F. ) ;
#5319 =( GEOMETRIC_REPRESENTATION_CONTEXT ( 3 ) GLOBAL_UNCERTAINTY_ASSIGNED_CONTEXT ( ( #4096 ) ) GLOBAL_UNIT_ASSIGNED_CONTEXT ( ( #1009, #2638, #2170 ) ) REPRESENTATION_CONTEXT ( 'NONE', 'WORKASPACE' ) );
#5320 = CARTESIAN_POINT ( 'NONE',  ( 0.000000000000000000, 0.000000000000000000, 1.300000000000000044 ) ) ;
#5321 = CARTESIAN_POINT ( 'NONE',  ( 3.334394902775963399, -9.374663227676036215, 0.5000000000000000000 ) ) ;
#5322 = ORIENTED_EDGE ( 'NONE', *, *, #3924, .F. ) ;
#5323 = CARTESIAN_POINT ( 'NONE',  ( -0.1772981741117279630, 24.94023508426041857, -1.959764915739587554 ) ) ;
#5324 = ORIENTED_EDGE ( 'NONE', *, *, #3213, .T. ) ;
#5325 = CARTESIAN_POINT ( 'NONE',  ( -1.159649499330492883, 20.60262592974430618, 2.008571851812228193 ) ) ;
#5326 = EDGE_CURVE ( 'NONE', #1601, #4559, #3062, .T. ) ;
#5327 = VECTOR ( 'NONE', #3759, 1000.000000000000000 ) ;
#5328 = EDGE_LOOP ( 'NONE', ( #897, #4884, #836, #2055, #2852, #4346, #5257, #4501, #2019, #1694, #1927, #1992, #2229, #4219, #1504, #4010, #2327, #4268, #4725, #5216 ) ) ;
#5329 = FACE_OUTER_BOUND ( 'NONE', #701, .T. ) ;
#5330 = ORIENTED_EDGE ( 'NONE', *, *, #1439, .F. ) ;
#5331 = CARTESIAN_POINT ( 'NONE',  ( 1.800241603548966118, 21.68297455179782673, -2.204660117478139918E-16 ) ) ;
#5332 = CARTESIAN_POINT ( 'NONE',  ( 0.000000000000000000, -8.999999999999966249, 0.000000000000000000 ) ) ;
#5333 = CARTESIAN_POINT ( 'NONE',  ( 1.800241603548965674, 24.73297455179781323, -1.039369974415359499 ) ) ;
#5334 = CIRCLE ( 'NONE', #4982, 8.180456575636107175 ) ;
#5335 = ORIENTED_EDGE ( 'NONE', *, *, #1876, .F. ) ;
#5336 = LINE ( 'NONE', #4510, #1615 ) ;
#5337 = B_SPLINE_CURVE_WITH_KNOTS ( 'NONE', 3,
 ( #5017, #2971, #1702, #3357, #4630, #5429, #2914, #326, #3708, #761, #2059, #4935, #4962, #875, #847, #1172, #1260, #2885, #2005, #3733, #5373, #1614, #4545, #433, #2858, #3678, #4140, #5345, #3788, #22 ),
 .UNSPECIFIED., .F., .F.,
 ( 4, 2, 2, 2, 2, 2, 2, 2, 2, 2, 2, 2, 2, 2, 4 ),
 ( 9.794493043062864591E-18, 0.0003987797561550005237, 0.0007975595123099911811, 0.001196339268464981839, 0.001595119024619972604, 0.001993898780774963370, 0.002392678536929954136, 0.002791458293084944902, 0.003190238049239935668, 0.003589017805394926434, 0.003987797561549916332, 0.004386577317704907532, 0.004785357073859897864, 0.005582916586169879396, 0.006380476098479860927 ),
 .UNSPECIFIED. ) ;
#5338 = CARTESIAN_POINT ( 'NONE',  ( 2.319298998660989763, 16.00262592974431186, 5.191106037019271159E-13 ) ) ;
#5339 = EDGE_CURVE ( 'NONE', #3367, #458, #3500, .T. ) ;
#5340 = CARTESIAN_POINT ( 'NONE',  ( -7.256854249492326048, -5.656854249492432096, 0.000000000000000000 ) ) ;
#5341 = EDGE_LOOP ( 'NONE', ( #1047, #115, #1222, #2046, #4372 ) ) ;
#5342 = DIRECTION ( 'NONE',  ( -0.000000000000000000, -0.000000000000000000, -1.000000000000000000 ) ) ;
#5343 = CARTESIAN_POINT ( 'NONE',  ( 1.800241603548957681, 19.93297455179784095, -1.039369974415374376 ) ) ;
#5344 = DIRECTION ( 'NONE',  ( 0.000000000000000000, -0.000000000000000000, 1.000000000000000000 ) ) ;
#5345 = CARTESIAN_POINT ( 'NONE',  ( -0.5343399000743798144, 24.73370097859121586, 2.115988325054603436 ) ) ;
#5346 = DIRECTION ( 'NONE',  ( 0.000000000000000000, 0.000000000000000000, 1.000000000000000000 ) ) ;
#5347 = VECTOR ( 'NONE', #1037, 1000.000000000000000 ) ;
#5348 = CARTESIAN_POINT ( 'NONE',  ( -1.882196047819448610E-14, 19.75262592974431186, -2.678095802416302629 ) ) ;
#5349 = DIRECTION ( 'NONE',  ( -3.304235192336768412E-15, 1.000000000000000000, 0.000000000000000000 ) ) ;
#5350 = CARTESIAN_POINT ( 'NONE',  ( -5.656854249492327291, -5.656854249492432096, 6.000000000000000000 ) ) ;
#5351 = VERTEX_POINT ( 'NONE', #5262 ) ;
#5352 = CARTESIAN_POINT ( 'NONE',  ( 0.000000000000000000, 0.000000000000000000, 6.000000000000000000 ) ) ;
#5353 = CARTESIAN_POINT ( 'NONE',  ( 2.319298998660988431, 21.45262592974430405, -1.339047901208152425 ) ) ;
#5354 = AXIS2_PLACEMENT_3D ( 'NONE', #895, #1337, #99 ) ;
#5355 = ORIENTED_EDGE ( 'NONE', *, *, #856, .F. ) ;
#5356 = CARTESIAN_POINT ( 'NONE',  ( 0.000000000000000000, 0.000000000000000000, -2.399999999999999911 ) ) ;
#5357 = ORIENTED_EDGE ( 'NONE', *, *, #3398, .F. ) ;
#5358 = CIRCLE ( 'NONE', #262, 1.599999999999999867 ) ;
#5359 = CARTESIAN_POINT ( 'NONE',  ( 0.9001208017744838363, 20.38297455179783313, 1.559054961623038471 ) ) ;
#5360 = DIRECTION ( 'NONE',  ( 0.000000000000000000, 0.000000000000000000, 1.000000000000000000 ) ) ;
#5361 = EDGE_CURVE ( 'NONE', #3269, #2545, #1513, .T. ) ;
#5362 = CARTESIAN_POINT ( 'NONE',  ( 1.800241603548965674, 24.13297455179781181, -1.039369974415359499 ) ) ;
#5363 = EDGE_LOOP ( 'NONE', ( #2103, #2423, #92, #1898 ) ) ;
#5364 = LINE ( 'NONE', #2051, #3290 ) ;
#5365 = DIRECTION ( 'NONE',  ( 0.000000000000000000, 0.000000000000000000, 1.000000000000000000 ) ) ;
#5366 = EDGE_CURVE ( 'NONE', #3634, #4844, #1911, .T. ) ;
#5367 = DIRECTION ( 'NONE',  ( -0.4388833105516040112, 0.8985440666540870369, 0.000000000000000000 ) ) ;
#5368 = ORIENTED_EDGE ( 'NONE', *, *, #3865, .F. ) ;
#5369 = LINE ( 'NONE', #2501, #4710 ) ;
#5370 = EDGE_CURVE ( 'NONE', #658, #766, #1654, .T. ) ;
#5371 = CARTESIAN_POINT ( 'NONE',  ( -1.800241603548962122, 22.63297455179781892, 1.039369974415366382 ) ) ;
#5372 = FACE_OUTER_BOUND ( 'NONE', #1162, .T. ) ;
#5373 = CARTESIAN_POINT ( 'NONE',  ( -2.035188923424724905, 24.68035313059683133, 0.8958007395100285875 ) ) ;
#5374 = EDGE_CURVE ( 'NONE', #3908, #4072, #712, .T. ) ;
#5375 = SHAPE_REPRESENTATION_RELATIONSHIP ( 'NONE' , 'NONE' ,  #276, #2929 ) ;
#5376 = CARTESIAN_POINT ( 'NONE',  ( 2.319298998660991096, 20.75262592974430476, 1.339047901208146873 ) ) ;
#5377 = CIRCLE ( 'NONE', #1350, 13.95000000000000284 ) ;
#5378 = FACE_OUTER_BOUND ( 'NONE', #1568, .T. ) ;
#5379 = FILL_AREA_STYLE_COLOUR ( '', #2114 ) ;
#5380 = ORIENTED_EDGE ( 'NONE', *, *, #1343, .F. ) ;
#5381 = CARTESIAN_POINT ( 'NONE',  ( -3.334394902775899006, 9.374663227676061084, 3.600000000000000089 ) ) ;
#5382 = CARTESIAN_POINT ( 'NONE',  ( 2.319298998660989319, 17.15262592974432820, 1.339047901208150648 ) ) ;
#5383 = AXIS2_PLACEMENT_3D ( 'NONE', #4674, #1799, #3827 ) ;
#5384 = ORIENTED_EDGE ( 'NONE', *, *, #3196, .F. ) ;
#5385 = DIRECTION ( 'NONE',  ( -1.000000000000000000, 0.000000000000000000, 0.000000000000000000 ) ) ;
#5386 = VERTEX_POINT ( 'NONE', #4440 ) ;
#5387 = VECTOR ( 'NONE', #132, 999.9999999999998863 ) ;
#5388 = CARTESIAN_POINT ( 'NONE',  ( 0.9001208017744838363, 19.18297455179784095, 1.559054961623038471 ) ) ;
#5389 = AXIS2_PLACEMENT_3D ( 'NONE', #4179, #5025, #3798 ) ;
#5390 = LINE ( 'NONE', #3315, #1421 ) ;
#5391 = CARTESIAN_POINT ( 'NONE',  ( 0.9001208017744826151, 18.78297455179784592, -1.559054961623038915 ) ) ;
#5392 = VERTEX_POINT ( 'NONE', #2006 ) ;
#5393 = ORIENTED_EDGE ( 'NONE', *, *, #2535, .F. ) ;
#5394 = CARTESIAN_POINT ( 'NONE',  ( -0.1924264824948876962, 2.778967435556480403, 0.000000000000000000 ) ) ;
#5395 = AXIS2_PLACEMENT_3D ( 'NONE', #1072, #4058, #657 ) ;
#5396 = CARTESIAN_POINT ( 'NONE',  ( -9.007820706583331116, -3.278135129845508366, 0.000000000000000000 ) ) ;
#5397 = EDGE_CURVE ( 'NONE', #4559, #3497, #2779, .T. ) ;
#5398 = ORIENTED_EDGE ( 'NONE', *, *, #3319, .T. ) ;
#5399 = DIRECTION ( 'NONE',  ( 0.000000000000000000, 1.000000000000000000, 0.000000000000000000 ) ) ;
#5400 = VECTOR ( 'NONE', #596, 1000.000000000000000 ) ;
#5401 = CARTESIAN_POINT ( 'NONE',  ( -0.9001208017744709577, 20.28297455179783526, 1.559054961623045799 ) ) ;
#5402 = DIRECTION ( 'NONE',  ( -0.000000000000000000, 0.000000000000000000, -1.000000000000000000 ) ) ;
#5403 = EDGE_CURVE ( 'NONE', #3630, #3624, #3671, .T. ) ;
#5404 = DIRECTION ( 'NONE',  ( -0.000000000000000000, -0.000000000000000000, -1.000000000000000000 ) ) ;
#5405 = CARTESIAN_POINT ( 'NONE',  ( -1.159649499330501321, 18.60262592974431684, -2.008571851812223308 ) ) ;
#5406 = LINE ( 'NONE', #410, #539 ) ;
#5407 = SURFACE_STYLE_USAGE ( .BOTH. , #1236 ) ;
#5408 = ORIENTED_EDGE ( 'NONE', *, *, #3340, .T. ) ;
#5409 = CARTESIAN_POINT ( 'NONE',  ( -5.117514421272188585, 6.717514421272207770, -1.224646799147351420E-17 ) ) ;
#5410 = DIRECTION ( 'NONE',  ( 1.000000000000000000, -0.000000000000000000, 0.000000000000000000 ) ) ;
#5411 = CARTESIAN_POINT ( 'NONE',  ( 4.919582178358630883E-16, 18.85262592974432039, 2.678095802416302629 ) ) ;
#5412 = ORIENTED_EDGE ( 'NONE', *, *, #1010, .F. ) ;
#5413 = DIRECTION ( 'NONE',  ( -0.8983966372754114138, 0.4391850203868900016, 0.000000000000000000 ) ) ;
#5414 = ORIENTED_EDGE ( 'NONE', *, *, #4793, .T. ) ;
#5415 = CARTESIAN_POINT ( 'NONE',  ( -1.800241603548966340, 15.93297455179786404, -1.039369974415358833 ) ) ;
#5416 = CIRCLE ( 'NONE', #4537, 11.95000000000000995 ) ;
#5417 = DIRECTION ( 'NONE',  ( -3.490405245461930835E-15, 1.000000000000000000, 0.000000000000000000 ) ) ;
#5418 = CARTESIAN_POINT ( 'NONE',  ( -1.800241603548966340, 21.33297455179783242, -1.039369974415358833 ) ) ;
#5419 = EDGE_LOOP ( 'NONE', ( #1751, #1495 ) ) ;
#5420 = CARTESIAN_POINT ( 'NONE',  ( -6.717514421272188230, 6.717514421272207770, -1.224646799147351420E-17 ) ) ;
#5421 = ADVANCED_FACE ( 'NONE', ( #3163, #3191 ), #1592, .F. ) ;
#5422 = DIRECTION ( 'NONE',  ( -0.000000000000000000, -0.000000000000000000, 1.000000000000000000 ) ) ;
#5423 = AXIS2_PLACEMENT_3D ( 'NONE', #1267, #3390, #1624 ) ;
#5424 = DIRECTION ( 'NONE',  ( -0.000000000000000000, -0.000000000000000000, -1.000000000000000000 ) ) ;
#5425 = ORIENTED_EDGE ( 'NONE', *, *, #199, .T. ) ;
#5426 = CARTESIAN_POINT ( 'NONE',  ( -2.778967435556481291, 0.1924264824948780095, 0.000000000000000000 ) ) ;
#5427 = CARTESIAN_POINT ( 'NONE',  ( -1.527819344690211881E-14, 20.03297455179783881, -2.078739948830718109 ) ) ;
#5428 = DIRECTION ( 'NONE',  ( 0.000000000000000000, 0.000000000000000000, 1.000000000000000000 ) ) ;
#5429 = CARTESIAN_POINT ( 'NONE',  ( -1.462786917113540142, 24.60348465086546810, -1.775392928304383888 ) ) ;
#5430 = SURFACE_STYLE_FILL_AREA ( #762 ) ;
#5431 = CARTESIAN_POINT ( 'NONE',  ( -1.159649499330479561, 20.00262592974430831, 2.008571851812236186 ) ) ;
#5432 = CARTESIAN_POINT ( 'NONE',  ( 0.000000000000000000, 0.000000000000000000, 2.500000000000005773 ) ) ;
#5433 = CARTESIAN_POINT ( 'NONE',  ( -1.199999999999534772, 16.15903842913881761, -2.078460969082921217 ) ) ;
#5434 = CARTESIAN_POINT ( 'NONE',  ( -1.639860726119543710E-16, 19.15262592974431399, -2.678095802416302629 ) ) ;
#5435 = NEXT_ASSEMBLY_USAGE_OCCURRENCE ( 'NAUO1', ' ', ' ', #3071, #3108, $ ) ;
#5436 = NEXT_ASSEMBLY_USAGE_OCCURRENCE ( 'NAUO2', ' ', ' ', #3071, #1115, $ ) ;
#5437 = NEXT_ASSEMBLY_USAGE_OCCURRENCE ( 'NAUO3', ' ', ' ', #3071, #3341, $ ) ;
ENDSEC;
END-ISO-10303-21;
